Timestamp,PM2.5_Fidas200,LCS3
2020-10-01T00:00:00Z,3.618333333,3.082333333
2020-10-01T01:00:00Z,2.408333333,0.772666667
2020-10-01T02:00:00Z,3.19,1.563666667
2020-10-01T03:00:00Z,3.531666667,1.847
2020-10-01T04:00:00Z,3.695,2.554333333
2020-10-01T05:00:00Z,4.685,4.192
2020-10-01T06:00:00Z,4.653333333,4.737666667
2020-10-01T07:00:00Z,4.771666667,5.122
2020-10-01T08:00:00Z,5.651666667,5.346666667
2020-10-01T09:00:00Z,5.866666667,4.507666667
2020-10-01T10:00:00Z,4.905,2.793
2020-10-01T11:00:00Z,4.43,2.607931034
2020-10-01T12:00:00Z,3.28,1.285666667
2020-10-01T13:00:00Z,3.405,1.413333333
2020-10-01T14:00:00Z,3.21,1.162666667
2020-10-01T15:00:00Z,3.61,1.781333333
2020-10-01T16:00:00Z,3.686666667,2.681666667
2020-10-01T17:00:00Z,4.37,4.463666667
2020-10-01T18:00:00Z,6.956666667,10.36
2020-10-01T19:00:00Z,7.623333333,9.726666667
2020-10-01T20:00:00Z,5.805,8.086
2020-10-01T21:00:00Z,5.123333333,6.958666667
2020-10-01T22:00:00Z,4.956666667,5.611333333
2020-10-01T23:00:00Z,5.736666667,7.577931034
2020-10-02T00:00:00Z,6.766666667,9.276
2020-10-02T01:00:00Z,7.97,12.966
2020-10-02T02:00:00Z,10.30666667,20.02233333
2020-10-02T03:00:00Z,16.215,31.07266667
2020-10-02T04:00:00Z,18.33666667,34.69533333
2020-10-02T05:00:00Z,15.52166667,30.82766667
2020-10-02T06:00:00Z,12.54666667,26.24766667
2020-10-02T07:00:00Z,10.195,19.82133333
2020-10-02T08:00:00Z,8.523333333,15.82433333
2020-10-02T09:00:00Z,14.83333333,14.327
2020-10-02T10:00:00Z,14.78833333,9.756896552
2020-10-02T11:00:00Z,7.055,10.27533333
2020-10-02T12:00:00Z,6.278333333,6.916
2020-10-02T13:00:00Z,5.005,4.157333333
2020-10-02T14:00:00Z,4.761666667,3.175666667
2020-10-02T15:00:00Z,4.825,3.247666667
2020-10-02T16:00:00Z,5.021666667,3.993333333
2020-10-02T17:00:00Z,5.495,5.644
2020-10-02T18:00:00Z,5.991666667,7.120666667
2020-10-02T19:00:00Z,6.411666667,9.052333333
2020-10-02T20:00:00Z,5.581666667,7.439
2020-10-02T21:00:00Z,4.8,6.270333333
2020-10-02T22:00:00Z,4.731666667,5.933103448
2020-10-02T23:00:00Z,4.346666667,4.466666667
2020-10-03T00:00:00Z,4.323333333,4.621
2020-10-03T01:00:00Z,4.923333333,5.874666667
2020-10-03T02:00:00Z,5.153333333,7.520666667
2020-10-03T03:00:00Z,5.793333333,10.36433333
2020-10-03T04:00:00Z,5.626666667,11.33766667
2020-10-03T05:00:00Z,5.886666667,11.941
2020-10-03T06:00:00Z,4.836666667,9.312666667
2020-10-03T07:00:00Z,4.71,9.348666667
2020-10-03T08:00:00Z,4.738333333,8.477333333
2020-10-03T09:00:00Z,3.585,6.323666667
2020-10-03T10:00:00Z,4.526666667,8.444482759
2020-10-03T11:00:00Z,4.991666667,9.522
2020-10-03T12:00:00Z,4.063333333,7.609666667
2020-10-03T13:00:00Z,2.826666667,5.082333333
2020-10-03T14:00:00Z,1.448333333,1.953
2020-10-03T15:00:00Z,1.243333333,1.627333333
2020-10-03T16:00:00Z,1.156666667,0.998
2020-10-03T17:00:00Z,1.238333333,1.327
2020-10-03T18:00:00Z,1.356666667,1.865
2020-10-03T19:00:00Z,1.665,2.598
2020-10-03T20:00:00Z,1.231666667,1.744
2020-10-03T21:00:00Z,0.845,0.799
2020-10-03T22:00:00Z,0.78,0.897
2020-10-03T23:00:00Z,0.981666667,1.175862069
2020-10-04T00:00:00Z,1.028333333,1.005333333
2020-10-04T01:00:00Z,0.783333333,0.444666667
2020-10-04T02:00:00Z,0.93,0.878666667
2020-10-04T03:00:00Z,1.165,1.250666667
2020-10-04T04:00:00Z,1.883333333,3.209
2020-10-04T05:00:00Z,2.245,4.206666667
2020-10-04T06:00:00Z,2.788333333,5.749666667
2020-10-04T07:00:00Z,1.803333333,3.078
2020-10-04T08:00:00Z,1.263333333,1.583
2020-10-04T09:00:00Z,1.345,1.390333333
2020-10-04T10:00:00Z,3.765,7.011724138
2020-10-04T11:00:00Z,4.121666667,6.893
2020-10-04T12:00:00Z,2.066666667,1.998333333
2020-10-04T13:00:00Z,1.673333333,1.153
2020-10-04T14:00:00Z,2.651666667,2.408333333
2020-10-04T15:00:00Z,3.118333333,2.816
2020-10-04T16:00:00Z,3.69,3.678333333
2020-10-04T17:00:00Z,3.518333333,3.712
2020-10-04T18:00:00Z,4.8,5.924
2020-10-04T19:00:00Z,5.271666667,6.899333333
2020-10-04T20:00:00Z,5.573333333,8.133666667
2020-10-04T21:00:00Z,4.56,6.913
2020-10-04T22:00:00Z,4.926666667,7.855862069
2020-10-04T23:00:00Z,6.848333333,12.15233333
2020-10-05T00:00:00Z,6.731666667,11.848
2020-10-05T01:00:00Z,6.508333333,11.25133333
2020-10-05T02:00:00Z,5.825,13.15733333
2020-10-05T03:00:00Z,6.906666667,11.85133333
2020-10-05T04:00:00Z,4.565,8.161
2020-10-05T05:00:00Z,4.725,8.621333333
2020-10-05T06:00:00Z,4.633333333,8.26
2020-10-05T07:00:00Z,4.601666667,7.875333333
2020-10-05T08:00:00Z,5.53,8.516333333
2020-10-05T09:00:00Z,5.33,6.353
2020-10-05T10:00:00Z,4.03,4.132142857
2020-10-05T11:00:00Z,2.93,2.28
2020-10-05T12:00:00Z,2.588333333,2.466333333
2020-10-05T13:00:00Z,3,3.644
2020-10-05T14:00:00Z,2.78,3.746333333
2020-10-05T15:00:00Z,2.106666667,2.869666667
2020-10-05T16:00:00Z,2.818333333,4.814
2020-10-05T17:00:00Z,2.591666667,4.261666667
2020-10-05T18:00:00Z,3.448333333,4.921333333
2020-10-05T19:00:00Z,4.418333333,6.502333333
2020-10-05T20:00:00Z,4.658333333,6.024333333
2020-10-05T21:00:00Z,6.41,7.216
2020-10-05T22:00:00Z,6.654237288,6.88137931
2020-10-05T23:00:00Z,5.905,6.009666667
2020-10-06T00:00:00Z,5.321666667,6.26137931
2020-10-06T01:00:00Z,4.483333333,5.050333333
2020-10-06T02:00:00Z,4.396666667,4.508
2020-10-06T03:00:00Z,4.008333333,3.834333333
2020-10-06T04:00:00Z,3.143333333,3.583333333
2020-10-06T05:00:00Z,2.805,2.982
2020-10-06T06:00:00Z,3.418333333,4.342666667
2020-10-06T07:00:00Z,3.47,4.534333333
2020-10-06T08:00:00Z,3.02,3.747666667
2020-10-06T09:00:00Z,2.536666667,2.515666667
2020-10-06T10:00:00Z,2.41,2.224827586
2020-10-06T11:00:00Z,1.676666667,0.811333333
2020-10-06T12:00:00Z,1.408333333,0.629333333
2020-10-06T13:00:00Z,1.783333333,1.437666667
2020-10-06T14:00:00Z,2.575,2.063
2020-10-06T15:00:00Z,1.696666667,0.906
2020-10-06T16:00:00Z,1.881666667,1.892666667
2020-10-06T17:00:00Z,2.998333333,3.393666667
2020-10-06T18:00:00Z,4.57,6.086333333
2020-10-06T19:00:00Z,7.038333333,9.394666667
2020-10-06T20:00:00Z,5.011666667,4.554
2020-10-06T21:00:00Z,5.345,3.847241379
2020-10-06T22:00:00Z,5.495,3.885666667
2020-10-06T23:00:00Z,5.685,3.408
2020-10-07T00:00:00Z,6.255,3.017931034
2020-10-07T01:00:00Z,6.711666667,3.299
2020-10-07T02:00:00Z,5.471666667,2.511
2020-10-07T03:00:00Z,5.53,2.029666667
2020-10-07T04:00:00Z,6.011666667,2.368
2020-10-07T05:00:00Z,6.525,2.301
2020-10-07T06:00:00Z,6.48,2.133333333
2020-10-07T07:00:00Z,6.875,2.690333333
2020-10-07T08:00:00Z,5.943333333,1.793
2020-10-07T09:00:00Z,4.62,1.09862069
2020-10-07T10:00:00Z,3.333333333,0.765666667
2020-10-07T11:00:00Z,4.006666667,0.993448276
2020-10-07T12:00:00Z,3.875,0.719333333
2020-10-07T13:00:00Z,3.903333333,0.839666667
2020-10-07T14:00:00Z,3.648333333,0.690333333
2020-10-07T15:00:00Z,3.471666667,0.678
2020-10-07T16:00:00Z,4.033333333,1.254666667
2020-10-07T17:00:00Z,5.406666667,3.436333333
2020-10-07T18:00:00Z,8.348333333,7.961666667
2020-10-07T19:00:00Z,8.173333333,9.178333333
2020-10-07T20:00:00Z,9.265,11.35724138
2020-10-07T21:00:00Z,8.39,9.398
2020-10-07T22:00:00Z,5.598333333,7.072758621
2020-10-07T23:00:00Z,4.61,7.205666667
2020-10-08T00:00:00Z,3.391666667,5.95137931
2020-10-08T01:00:00Z,1.631666667,2.294333333
2020-10-08T02:00:00Z,0.815,0.542333333
2020-10-08T03:00:00Z,0.846666667,0.873666667
2020-10-08T04:00:00Z,1.503333333,1.610666667
2020-10-08T05:00:00Z,1.595,1.670666667
2020-10-08T06:00:00Z,0.761666667,0.124333333
2020-10-08T07:00:00Z,0.763333333,0.011666667
2020-10-08T08:00:00Z,0.765,0.055862069
2020-10-08T09:00:00Z,1.038333333,0.271
2020-10-08T10:00:00Z,1.166666667,0.362666667
2020-10-08T11:00:00Z,1.526666667,1.363666667
2020-10-08T12:00:00Z,1.496666667,1.422
2020-10-08T13:00:00Z,1.303333333,0.729666667
2020-10-08T14:00:00Z,1.613333333,0.842
2020-10-08T15:00:00Z,1.966666667,0.532
2020-10-08T16:00:00Z,2.168333333,0.641666667
2020-10-08T17:00:00Z,3.418333333,3.313
2020-10-08T18:00:00Z,5.155,7.017333333
2020-10-08T19:00:00Z,8.575,13.125
2020-10-08T20:00:00Z,7.075,11.3
2020-10-08T21:00:00Z,8.576666667,16.40733333
2020-10-08T22:00:00Z,7.548333333,13.01333333
2020-10-08T23:00:00Z,5.515,9.099666667
2020-10-09T00:00:00Z,4.438333333,6.206666667
2020-10-09T01:00:00Z,3.49,4.512
2020-10-09T02:00:00Z,3.353333333,3.954482759
2020-10-09T03:00:00Z,3.281666667,4.101333333
2020-10-09T04:00:00Z,3.23,3.524666667
2020-10-09T05:00:00Z,3.181666667,2.774
2020-10-09T06:00:00Z,3.39,2.888
2020-10-09T07:00:00Z,3.833333333,3.130344828
2020-10-09T08:00:00Z,4.19,4.204333333
2020-10-09T09:00:00Z,4.568333333,2.884
2020-10-09T10:00:00Z,4.39,1.564333333
2020-10-09T11:00:00Z,4.25,1.581
2020-10-09T12:00:00Z,4.561666667,1.868666667
2020-10-09T13:00:00Z,3.526666667,1.646
2020-10-09T14:00:00Z,3.83,1.193333333
2020-10-09T15:00:00Z,3.105,1.334666667
2020-10-09T16:00:00Z,4.246666667,3.656333333
2020-10-09T17:00:00Z,5.106666667,4.168275862
2020-10-09T18:00:00Z,3.693333333,2.273
2020-10-09T19:00:00Z,5.761666667,8.002
2020-10-09T20:00:00Z,8.766666667,10.59166667
2020-10-09T21:00:00Z,4.425,3.749666667
2020-10-09T22:00:00Z,3.528333333,2.587241379
2020-10-09T23:00:00Z,3.736666667,3.751666667
2020-10-10T00:00:00Z,3.703333333,3.716
2020-10-10T01:00:00Z,4.263333333,4.928666667
2020-10-10T02:00:00Z,4.321666667,4.544333333
2020-10-10T03:00:00Z,5.028333333,3.527586207
2020-10-10T04:00:00Z,4.411666667,2.300333333
2020-10-10T05:00:00Z,3.778333333,1.535333333
2020-10-10T06:00:00Z,4.093333333,1.368
2020-10-10T07:00:00Z,4.251666667,1.704666667
2020-10-10T08:00:00Z,4.41,1.408
2020-10-10T09:00:00Z,3.998333333,1.272413793
2020-10-10T10:00:00Z,3.578333333,1.084
2020-10-10T11:00:00Z,3.34,0.509
2020-10-10T12:00:00Z,2.596666667,0.307333333
2020-10-10T13:00:00Z,2.648333333,0.405862069
2020-10-10T14:00:00Z,2.865,0.624666667
2020-10-10T15:00:00Z,3.028333333,0.824
2020-10-10T16:00:00Z,3.62,1.45
2020-10-10T17:00:00Z,3.318333333,1.530666667
2020-10-10T18:00:00Z,5.378333333,4.133666667
2020-10-10T19:00:00Z,6.378333333,4.816666667
2020-10-10T20:00:00Z,6.541666667,6.162666667
2020-10-10T21:00:00Z,6.826666667,6.736333333
2020-10-10T22:00:00Z,5.581666667,5.458
2020-10-10T23:00:00Z,6.103333333,7.679655172
2020-10-11T00:00:00Z,6.36,9.242666667
2020-10-11T01:00:00Z,5.98,7.785333333
2020-10-11T02:00:00Z,5.038333333,8.003448276
2020-10-11T03:00:00Z,5.318333333,8.284
2020-10-11T04:00:00Z,3.911666667,6.877666667
2020-10-11T05:00:00Z,4.153333333,8.627333333
2020-10-11T06:00:00Z,4.84,12.157
2020-10-11T07:00:00Z,6.283333333,16.75633333
2020-10-11T08:00:00Z,6.09,10.14733333
2020-10-11T09:00:00Z,4.6,7.113103448
2020-10-11T10:00:00Z,2.236666667,1.362
2020-10-11T11:00:00Z,0.883333333,0.067666667
2020-10-11T12:00:00Z,1.146666667,0.625
2020-10-11T13:00:00Z,1.276666667,0.693333333
2020-10-11T14:00:00Z,1.21,1.053
2020-10-11T15:00:00Z,1.616666667,1.642666667
2020-10-11T16:00:00Z,1.92,2.201333333
2020-10-11T17:00:00Z,3.411666667,3.823
2020-10-11T18:00:00Z,3.398333333,3.861666667
2020-10-11T19:00:00Z,7.9,11.91566667
2020-10-11T20:00:00Z,8.205,13.31896552
2020-10-11T21:00:00Z,9.638333333,17.18931034
2020-10-11T22:00:00Z,11.14666667,18.79266667
2020-10-11T23:00:00Z,8.123333333,14.66333333
2020-10-12T00:00:00Z,8.265,15.71724138
2020-10-12T01:00:00Z,8.776666667,17.27333333
2020-10-12T02:00:00Z,7.273333333,13.279
2020-10-12T03:00:00Z,5.818333333,9.591666667
2020-10-12T04:00:00Z,4.505,6.589
2020-10-12T05:00:00Z,4.275,6.442666667
2020-10-12T06:00:00Z,4.001666667,5.786666667
2020-10-12T07:00:00Z,5.888333333,5.538965517
2020-10-12T08:00:00Z,4.93,3.825333333
2020-10-12T09:00:00Z,3.955,3.468333333
2020-10-12T10:00:00Z,4.245,4.509655172
2020-10-12T11:00:00Z,2.77,3.305
2020-10-12T12:00:00Z,2.186666667,2.324333333
2020-10-12T13:00:00Z,2.095,4.001
2020-10-12T14:00:00Z,2.978333333,4.834
2020-10-12T15:00:00Z,6.65,3.139333333
2020-10-12T16:00:00Z,8.623333333,3.9375
2020-10-12T17:00:00Z,8.758333333,3.354333333
2020-10-12T18:00:00Z,7.513333333,2.971
2020-10-12T19:00:00Z,8.305,3.887333333
2020-10-12T20:00:00Z,7.023333333,2.885
2020-10-12T21:00:00Z,10.223333330000001,7.51
2020-10-12T22:00:00Z,8.261666667,6.075172414
2020-10-12T23:00:00Z,6.251666667,3.537333333
2020-10-13T00:00:00Z,5.328333333,3.10862069
2020-10-13T01:00:00Z,4.735,3.569333333
2020-10-13T02:00:00Z,5.255,3.942413793
2020-10-13T03:00:00Z,4.743333333,4.762333333
2020-10-13T04:00:00Z,4.371666667,4.454
2020-10-13T05:00:00Z,4.176666667,5.872
2020-10-13T06:00:00Z,4.701666667,8.864
2020-10-13T07:00:00Z,7.351666667,14.92965517
2020-10-13T08:00:00Z,11.12666667,18.43366667
2020-10-13T09:00:00Z,8.795,11.597
2020-10-13T10:00:00Z,3.303333333,2.481666667
2020-10-13T11:00:00Z,3.153333333,3.486206897
2020-10-13T12:00:00Z,3.48,4.918333333
2020-10-13T13:00:00Z,2.74,2.889310345
2020-10-13T14:00:00Z,0.926666667,0.390333333
2020-10-13T15:00:00Z,0.81,0.266666667
2020-10-13T16:00:00Z,1.611666667,1.986
2020-10-13T17:00:00Z,3.093333333,4.435172414
2020-10-13T18:00:00Z,4.386666667,7.050333333
2020-10-13T19:00:00Z,5.01,7.591333333
2020-10-13T20:00:00Z,5.186666667,9.026333333
2020-10-13T21:00:00Z,4.955,8.528666667
2020-10-13T22:00:00Z,4.755,8.08862069
2020-10-13T23:00:00Z,4.701666667,9.515
2020-10-14T00:00:00Z,6.445,13.12517241
2020-10-14T01:00:00Z,7.136666667,15.36366667
2020-10-14T02:00:00Z,10.09166667,23.29137931
2020-10-14T03:00:00Z,11.39333333,22.91866667
2020-10-14T04:00:00Z,11.60166667,23.60066667
2020-10-14T05:00:00Z,11.29333333,22.44206897
2020-10-14T06:00:00Z,11.48333333,22.85433333
2020-10-14T07:00:00Z,13.77666667,26.26633333
2020-10-14T08:00:00Z,11.67333333,19.69551724
2020-10-14T09:00:00Z,11.17166667,18.18233333
2020-10-14T10:00:00Z,7.566666667,11.007
2020-10-14T11:00:00Z,5.516666667,5.910666667
2020-10-14T12:00:00Z,4.368333333,3.865333333
2020-10-14T13:00:00Z,3.661666667,2.649
2020-10-14T14:00:00Z,3.256666667,2.032333333
2020-10-14T15:00:00Z,3.478333333,2.992333333
2020-10-14T16:00:00Z,4.038333333,3.614666667
2020-10-14T17:00:00Z,4.82,5.002666667
2020-10-14T18:00:00Z,3.625,4.077241379
2020-10-14T19:00:00Z,6.048333333,6.612666667
2020-10-14T20:00:00Z,7.001666667,8.656
2020-10-14T21:00:00Z,7.286666667,8.132333333
2020-10-14T22:00:00Z,6.315,5.349
2020-10-14T23:00:00Z,5.721666667,5.959
2020-10-15T00:00:00Z,6.66,7.926551724
2020-10-15T01:00:00Z,4.903333333,5.281333333
2020-10-15T02:00:00Z,4.17,3.603103448
2020-10-15T03:00:00Z,4.828333333,7.476206897
2020-10-15T04:00:00Z,4.545,8.080333333
2020-10-15T05:00:00Z,3.676666667,5.126
2020-10-15T06:00:00Z,2.873333333,3.698666667
2020-10-15T07:00:00Z,4.928333333,8.256666667
2020-10-15T08:00:00Z,5.603333333,7.301034483
2020-10-15T09:00:00Z,3.621666667,2.955666667
2020-10-15T10:00:00Z,3.306666667,2.479333333
2020-10-15T11:00:00Z,2.356666667,1.115666667
2020-10-15T12:00:00Z,2.183333333,1.007586207
2020-10-15T13:00:00Z,2.54,1.727666667
2020-10-15T14:00:00Z,3.183333333,3.322
2020-10-15T15:00:00Z,2.998333333,2.310333333
2020-10-15T16:00:00Z,3.361666667,2.480666667
2020-10-15T17:00:00Z,4.8,4.201
2020-10-15T18:00:00Z,5.556666667,4.566333333
2020-10-15T19:00:00Z,6.06,5.263666667
2020-10-15T20:00:00Z,5.708333333,3.99
2020-10-15T21:00:00Z,5.073333333,3.344827586
2020-10-15T22:00:00Z,5.241666667,4.091
2020-10-15T23:00:00Z,5.218333333,3.9
2020-10-16T00:00:00Z,5.328333333,4.572068966
2020-10-16T01:00:00Z,5.065,4.208333333
2020-10-16T02:00:00Z,5.261666667,4.862666667
2020-10-16T03:00:00Z,5.303333333,5.332413793
2020-10-16T04:00:00Z,5.291666667,5.941724138
2020-10-16T05:00:00Z,4.998333333,5.264
2020-10-16T06:00:00Z,4.456666667,4.254333333
2020-10-16T07:00:00Z,4.935,5.751
2020-10-16T08:00:00Z,6.626666667,8.625666667
2020-10-16T09:00:00Z,6.07,5.437
2020-10-16T10:00:00Z,3.071666667,2.390666667
2020-10-16T11:00:00Z,3.133333333,2.069333333
2020-10-16T12:00:00Z,2.546666667,1.431034483
2020-10-16T13:00:00Z,2.453333333,1.793103448
2020-10-16T14:00:00Z,2.45,1.456333333
2020-10-16T15:00:00Z,2.848333333,2.384666667
2020-10-16T16:00:00Z,4.275,5.183333333
2020-10-16T17:00:00Z,5.45,6.529655172
2020-10-16T18:00:00Z,4.623333333,5.781666667
2020-10-16T19:00:00Z,7.803333333,10.99866667
2020-10-16T20:00:00Z,6.933333333,9.358666667
2020-10-16T21:00:00Z,6.846666667,9.435517241
2020-10-16T22:00:00Z,5.451666667,6.044
2020-10-16T23:00:00Z,4.461666667,4.796333333
2020-10-17T00:00:00Z,8.176666667,14.33482759
2020-10-17T01:00:00Z,9.375,16.20366667
2020-10-17T02:00:00Z,6.958333333,11.28533333
2020-10-17T03:00:00Z,5.985,10.06241379
2020-10-17T04:00:00Z,5.248333333,7.851333333
2020-10-17T05:00:00Z,3.98,5.476
2020-10-17T06:00:00Z,3.001666667,3.654333333
2020-10-17T07:00:00Z,2.238333333,2.48
2020-10-17T08:00:00Z,3.28,5.351666667
2020-10-17T09:00:00Z,5.338333333,8.993448276
2020-10-17T10:00:00Z,4.743333333,7.077666667
2020-10-17T11:00:00Z,5.796666667,10.60633333
2020-10-17T12:00:00Z,5.065,8.748
2020-10-17T13:00:00Z,7.068333333,12.29733333
2020-10-17T14:00:00Z,9.068333333,15.38666667
2020-10-17T15:00:00Z,10.25,17.63137931
2020-10-17T16:00:00Z,10.7,18.77333333
2020-10-17T17:00:00Z,12.38333333,23.609
2020-10-17T18:00:00Z,18.02666667,31.804
2020-10-17T19:00:00Z,14.28833333,22.57666667
2020-10-17T20:00:00Z,4.173333333,4.665517241
2020-10-17T21:00:00Z,4.933333333,6.8026666669999996
2020-10-17T22:00:00Z,5.898333333,9.336666667
2020-10-17T23:00:00Z,6.785,11.08333333
2020-10-18T00:00:00Z,6.88,10.86137931
2020-10-18T01:00:00Z,6.72,11.371
2020-10-18T02:00:00Z,6.971666667,11.887
2020-10-18T03:00:00Z,6.616666667,11.30133333
2020-10-18T04:00:00Z,8.003333333,15.16233333
2020-10-18T05:00:00Z,6.846666667,12.57933333
2020-10-18T06:00:00Z,5.241666667,9.45137931
2020-10-18T07:00:00Z,4.395,6.943103448
2020-10-18T08:00:00Z,3.411666667,4.305666667
2020-10-18T09:00:00Z,4.763333333,8.305333333
2020-10-18T10:00:00Z,12,24.70666667
2020-10-18T11:00:00Z,11.425,20.21366667
2020-10-18T12:00:00Z,9.845,17.15066667
2020-10-18T13:00:00Z,13.63833333,26.23866667
2020-10-18T14:00:00Z,16.07166667,29.30241379
2020-10-18T15:00:00Z,14.305,26.28965517
2020-10-18T16:00:00Z,14.03,26.575
2020-10-18T17:00:00Z,17.995,34.28866667
2020-10-18T18:00:00Z,24.66666667,42.45333333
2020-10-18T19:00:00Z,29.36333333,43.59137931
2020-10-18T20:00:00Z,25.87333333,40.71366667
2020-10-18T21:00:00Z,19.515,33.62333333
2020-10-18T22:00:00Z,19.15666667,34.02266667
2020-10-18T23:00:00Z,17.53666667,31.29
2020-10-19T00:00:00Z,15.24166667,28.03655172
2020-10-19T01:00:00Z,15.53833333,29.286428570000002
2020-10-19T02:00:00Z,17.14833333,32.62133333
2020-10-19T03:00:00Z,17.40666667,32.72066667
2020-10-19T04:00:00Z,18.335,33.96866667
2020-10-19T05:00:00Z,19.64666667,35.376
2020-10-19T06:00:00Z,20.38833333,36.81766667
2020-10-19T07:00:00Z,22.06333333,38.60827586
2020-10-19T08:00:00Z,20.84833333,36.23
2020-10-19T09:00:00Z,17.82,31.761
2020-10-19T10:00:00Z,16.61,28.93535714
2020-10-19T11:00:00Z,16.03833333,28.415
2020-10-19T12:00:00Z,16.64833333,28.93866667
2020-10-19T13:00:00Z,16.515,28.38896552
2020-10-19T14:00:00Z,16.505,27.941
2020-10-19T15:00:00Z,15.91333333,26.61833333
2020-10-19T16:00:00Z,13.165,19.55103448
2020-10-19T17:00:00Z,7.823333333,10.12
2020-10-19T18:00:00Z,7.985,11.17172414
2020-10-19T19:00:00Z,7.411666667,10.33633333
2020-10-19T20:00:00Z,8.056666667,12.089
2020-10-19T21:00:00Z,8.251666667,11.64333333
2020-10-19T22:00:00Z,7.938333333,10.30833333
2020-10-19T23:00:00Z,7.46,9.237931034
2020-10-20T00:00:00Z,7.508333333,9.15
2020-10-20T01:00:00Z,7.895,9.546666667
2020-10-20T02:00:00Z,8.135,11.27933333
2020-10-20T03:00:00Z,8.068333333,12.66566667
2020-10-20T04:00:00Z,7.573333333,12.06344828
2020-10-20T05:00:00Z,7.781666667,13.48966667
2020-10-20T06:00:00Z,9.475,16.26133333
2020-10-20T07:00:00Z,11.28666667,17.80666667
2020-10-20T08:00:00Z,10.55333333,13.65866667
2020-10-20T09:00:00Z,8.111666667,9.331666667
2020-10-20T10:00:00Z,6.666666667,6.812666667
2020-10-20T11:00:00Z,5.745,4.162333333
2020-10-20T12:00:00Z,5.318333333,2.868333333
2020-10-20T13:00:00Z,5.573333333,2.698666667
2020-10-20T14:00:00Z,6.436666667,2.788965517
2020-10-20T15:00:00Z,6.835,3.403666667
2020-10-20T16:00:00Z,6.66,3.397
2020-10-20T17:00:00Z,7.221666667,4.263333333
2020-10-20T18:00:00Z,7.01,4.178
2020-10-20T19:00:00Z,6.886666667,4.285666667
2020-10-20T20:00:00Z,5.275,3.34862069
2020-10-20T21:00:00Z,4.696666667,3.957666667
2020-10-20T22:00:00Z,4.953333333,5.436333333
2020-10-20T23:00:00Z,4.67,5.37862069
2020-10-21T00:00:00Z,5.18,5.812758621
2020-10-21T01:00:00Z,4.45,4.989
2020-10-21T02:00:00Z,6.103333333,8.323
2020-10-21T03:00:00Z,8.115,12.71137931
2020-10-21T04:00:00Z,8.911666667,14.307
2020-10-21T05:00:00Z,9.538333333,16.25766667
2020-10-21T06:00:00Z,12.20333333,20.899
2020-10-21T07:00:00Z,14.97,25.163
2020-10-21T08:00:00Z,16.01333333,26.84166667
2020-10-21T09:00:00Z,16.05,27.35607143
2020-10-21T10:00:00Z,16.19666667,29.102
2020-10-21T11:00:00Z,14.60333333,24.94866667
2020-10-21T12:00:00Z,12.31333333,21.79066667
2020-10-21T13:00:00Z,8.35,13.145
2020-10-21T14:00:00Z,5.105,6.312758621
2020-10-21T15:00:00Z,3.281666667,2.621034483
2020-10-21T16:00:00Z,5.058333333,6.123
2020-10-21T17:00:00Z,6.196666667,5.557
2020-10-21T18:00:00Z,6.068333333,5.650344828
2020-10-21T19:00:00Z,5.538333333,5.038333333
2020-10-21T20:00:00Z,5.265,4.143666667
2020-10-21T21:00:00Z,4.656666667,3.209666667
2020-10-21T22:00:00Z,4.471666667,4.216551724
2020-10-21T23:00:00Z,4.481666667,2.897666667
2020-10-22T00:00:00Z,4.465,2.136551724
2020-10-22T01:00:00Z,3.686666667,1.975333333
2020-10-22T02:00:00Z,2.703333333,1.435666667
2020-10-22T03:00:00Z,2.72,1.652666667
2020-10-22T04:00:00Z,2.798333333,2.027857143
2020-10-22T05:00:00Z,2.551666667,1.499333333
2020-10-22T06:00:00Z,2.42,1.272333333
2020-10-22T07:00:00Z,2.971666667,1.533
2020-10-22T08:00:00Z,3.143333333,1.640333333
2020-10-22T09:00:00Z,2.696666667,1.38
2020-10-22T10:00:00Z,3.426666667,4.302333333
2020-10-22T11:00:00Z,3.466666667,1.934666667
2020-10-22T12:00:00Z,3.298333333,1.266
2020-10-22T13:00:00Z,3.016666667,1.096333333
2020-10-22T14:00:00Z,4.548333333,1.86
2020-10-22T15:00:00Z,4.645,2.508
2020-10-22T16:00:00Z,4.738333333,2.414333333
2020-10-22T17:00:00Z,5.885,4.923666667
2020-10-22T18:00:00Z,6.806666667,8.241
2020-10-22T19:00:00Z,6.331666667,7.248
2020-10-22T20:00:00Z,6.373333333,7.146333333
2020-10-22T21:00:00Z,5.178333333,4.312333333
2020-10-22T22:00:00Z,3.438333333,1.815517241
2020-10-22T23:00:00Z,3.556666667,2.321
2020-10-23T00:00:00Z,3.855,2.434285714
2020-10-23T01:00:00Z,3.991666667,2.864333333
2020-10-23T02:00:00Z,3.803333333,2.711666667
2020-10-23T03:00:00Z,3.323333333,2.023666667
2020-10-23T04:00:00Z,3.231666667,1.934
2020-10-23T05:00:00Z,3.668333333,2.158666667
2020-10-23T06:00:00Z,5.32,3.581333333
2020-10-23T07:00:00Z,5.338333333,3.537
2020-10-23T08:00:00Z,4.57,3.621333333
2020-10-23T09:00:00Z,4.808333333,5.359666667
2020-10-23T10:00:00Z,4.49,5.0325
2020-10-23T11:00:00Z,4.643333333,5.927
2020-10-23T12:00:00Z,4.188333333,4.715333333
2020-10-23T13:00:00Z,2.686666667,1.890333333
2020-10-23T14:00:00Z,3.911666667,1.744333333
2020-10-23T15:00:00Z,5.845,1.990666667
2020-10-23T16:00:00Z,6.575,2.912666667
2020-10-23T17:00:00Z,8.971666667,7.47
2020-10-23T18:00:00Z,11.05333333,11.41066667
2020-10-23T19:00:00Z,10.855,12.90033333
2020-10-23T20:00:00Z,9.25,10.78827586
2020-10-23T21:00:00Z,7.196666667,5.674
2020-10-23T22:00:00Z,6.633333333,4.295666667
2020-10-23T23:00:00Z,5.658333333,2.607586207
2020-10-24T00:00:00Z,5.616666667,2.17862069
2020-10-24T01:00:00Z,5.33,2.069333333
2020-10-24T02:00:00Z,5.448333333,2.353666667
2020-10-24T03:00:00Z,5.786666667,2.862666667
2020-10-24T04:00:00Z,5.691666667,2.637
2020-10-24T05:00:00Z,5.398333333,2.33
2020-10-24T06:00:00Z,5.43,2.213666667
2020-10-24T07:00:00Z,4.93,1.824
2020-10-24T08:00:00Z,4.56,1.611333333
2020-10-24T09:00:00Z,3.88,2.112666667
2020-10-24T10:00:00Z,2.686666667,1.685666667
2020-10-24T11:00:00Z,1.813333333,1.565
2020-10-24T12:00:00Z,1.573333333,1.371666667
2020-10-24T13:00:00Z,1.728333333,1.734333333
2020-10-24T14:00:00Z,2.126666667,3.020689655
2020-10-24T15:00:00Z,3.016666667,4.059666667
2020-10-24T16:00:00Z,2.873333333,4.525666667
2020-10-24T17:00:00Z,4.916666667,8.653448276
2020-10-24T18:00:00Z,4.625,8.654
2020-10-24T19:00:00Z,8.063333333,15.93666667
2020-10-24T20:00:00Z,8.478333333,16.14266667
2020-10-24T21:00:00Z,4.163333333,4.711
2020-10-24T22:00:00Z,2.88,1.611
2020-10-24T23:00:00Z,2.201666667,1.010344828
2020-10-25T00:00:00Z,2.045,0.869655172
2020-10-25T01:00:00Z,2.131666667,0.781
2020-10-25T02:00:00Z,3.021666667,0.589
2020-10-25T03:00:00Z,3.223333333,0.493333333
2020-10-25T04:00:00Z,2.858333333,0.344333333
2020-10-25T05:00:00Z,3.208333333,0.756206897
2020-10-25T06:00:00Z,3.458333333,1.056666667
2020-10-25T07:00:00Z,3.16,0.667666667
2020-10-25T08:00:00Z,2.331666667,0.409666667
2020-10-25T09:00:00Z,2.071666667,0.215172414
2020-10-25T10:00:00Z,1.961666667,0.158333333
2020-10-25T11:00:00Z,2.445,0.302413793
2020-10-25T12:00:00Z,2.863333333,0.637666667
2020-10-25T13:00:00Z,2.921666667,1.354
2020-10-25T14:00:00Z,2.691666667,1.121666667
2020-10-25T15:00:00Z,2.763333333,1.548965517
2020-10-25T16:00:00Z,2.713333333,1.421666667
2020-10-25T17:00:00Z,2.643333333,2.016551724
2020-10-25T18:00:00Z,2.956666667,3.299666667
2020-10-25T19:00:00Z,4.41,5.553666667
2020-10-25T20:00:00Z,4.071666667,5.107333333
2020-10-25T21:00:00Z,3.258333333,3.643448276
2020-10-25T22:00:00Z,2.848333333,2.782666667
2020-10-25T23:00:00Z,2.806666667,1.923
2020-10-26T00:00:00Z,3.231666667,2.219655172
2020-10-26T01:00:00Z,3.475,2.212758621
2020-10-26T02:00:00Z,3.27,1.838666667
2020-10-26T03:00:00Z,3.188333333,1.708
2020-10-26T04:00:00Z,3.458333333,1.509666667
2020-10-26T05:00:00Z,3.988333333,1.585666667
2020-10-26T06:00:00Z,3.893333333,1.444137931
2020-10-26T07:00:00Z,3.968333333,1.576
2020-10-26T08:00:00Z,3.701666667,2.014
2020-10-26T09:00:00Z,3.638333333,5.326666667
2020-10-26T10:00:00Z,5.618333333,4.372068966
2020-10-26T11:00:00Z,5.605,2.209333333
2020-10-26T12:00:00Z,6.541666667,2.307
2020-10-26T13:00:00Z,7.486666667,2.745
2020-10-26T14:00:00Z,6.205,2.203666667
2020-10-26T15:00:00Z,7.306666667,2.981724138
2020-10-26T16:00:00Z,7.3,2.956666667
2020-10-26T17:00:00Z,5.76,2.875
2020-10-26T18:00:00Z,4.421666667,3.463448276
2020-10-26T19:00:00Z,7.421666667,6.981034483
2020-10-26T20:00:00Z,8.175,7.102333333
2020-10-26T21:00:00Z,7.313333333,5.521333333
2020-10-26T22:00:00Z,6.353333333,4.819333333
2020-10-26T23:00:00Z,5.88,4.809333333
2020-10-27T00:00:00Z,5.34,4.313793103
2020-10-27T01:00:00Z,4.826666667,3.810333333
2020-10-27T02:00:00Z,3.993333333,3.155
2020-10-27T03:00:00Z,3.588333333,2.408666667
2020-10-27T04:00:00Z,3.246666667,2.018275862
2020-10-27T05:00:00Z,3.151666667,1.631
2020-10-27T06:00:00Z,3.458333333,1.562
2020-10-27T07:00:00Z,3.956666667,2.040333333
2020-10-27T08:00:00Z,3.84,2.956666667
2020-10-27T09:00:00Z,3.056666667,4.127666667
2020-10-27T10:00:00Z,1.508333333,NA
2020-10-27T11:00:00Z,0.87,0.785333333
2020-10-27T12:00:00Z,0.846666667,0.513333333
2020-10-27T13:00:00Z,1.205,2.093571429
2020-10-27T14:00:00Z,1.78,1.327
2020-10-27T15:00:00Z,5.566666667,2.957
2020-10-27T16:00:00Z,6.665,3.702333333
2020-10-27T17:00:00Z,7.068333333,5.757666667
2020-10-27T18:00:00Z,7.435,5.273333333
2020-10-27T19:00:00Z,9.983333333,8.022068966
2020-10-27T20:00:00Z,8.39,5.540333333
2020-10-27T21:00:00Z,7.308333333,4.636
2020-10-27T22:00:00Z,6.976666667,4.328275862
2020-10-27T23:00:00Z,7.918333333,3.275
2020-10-28T00:00:00Z,7.176666667,2.394137931
2020-10-28T01:00:00Z,7.206666667,2.151666667
2020-10-28T02:00:00Z,6.643333333,2.002
2020-10-28T03:00:00Z,6.168333333,1.711666667
2020-10-28T04:00:00Z,4.521666667,0.931333333
2020-10-28T05:00:00Z,3.931666667,0.825
2020-10-28T06:00:00Z,3.346666667,0.574666667
2020-10-28T07:00:00Z,3.528333333,0.736071429
2020-10-28T08:00:00Z,4.41,1.172
2020-10-28T09:00:00Z,5.2,1.964333333
2020-10-28T10:00:00Z,4.878333333,1.746
2020-10-28T11:00:00Z,5.06,1.808
2020-10-28T12:00:00Z,4.68,1.788666667
2020-10-28T13:00:00Z,4.471666667,1.787333333
2020-10-28T14:00:00Z,23.97666667,NA
2020-10-28T15:00:00Z,7.401666667,2.117333333
2020-10-28T16:00:00Z,4.515,2.181666667
2020-10-28T17:00:00Z,6,3.915172414
2020-10-28T18:00:00Z,8.796666667,7.416333333
2020-10-28T19:00:00Z,9.641666667,9.211333333
2020-10-28T20:00:00Z,8.535,6.779
2020-10-28T21:00:00Z,5.728333333,3.384333333
2020-10-28T22:00:00Z,5.605,3.416333333
2020-10-28T23:00:00Z,6.456666667,3.923
2020-10-29T00:00:00Z,7.413333333,3.755517241
2020-10-29T01:00:00Z,8.346666667,3.901333333
2020-10-29T02:00:00Z,8.368333333,3.781724138
2020-10-29T03:00:00Z,8.098333333,3.596551724
2020-10-29T04:00:00Z,7.7,3.264333333
2020-10-29T05:00:00Z,7.321666667,3.207666667
2020-10-29T06:00:00Z,6.651666667,3.11
2020-10-29T07:00:00Z,5.5,2.727
2020-10-29T08:00:00Z,4.365,2.215
2020-10-29T09:00:00Z,4.98,2.737666667
2020-10-29T10:00:00Z,3.933333333,2.698
2020-10-29T11:00:00Z,3.14,3.396666667
2020-10-29T12:00:00Z,2.351666667,2.163448276
2020-10-29T13:00:00Z,2.563333333,2.060666667
2020-10-29T14:00:00Z,3.623333333,3.476333333
2020-10-29T15:00:00Z,4.916666667,4.241666667
2020-10-29T16:00:00Z,5.251666667,4.371333333
2020-10-29T17:00:00Z,4.228333333,2.650666667
2020-10-29T18:00:00Z,2.996666667,2.379666667
2020-10-29T19:00:00Z,3.12,2.774
2020-10-29T20:00:00Z,2.418333333,1.969
2020-10-29T21:00:00Z,2.521666667,1.891666667
2020-10-29T22:00:00Z,2.793333333,1.911034483
2020-10-29T23:00:00Z,1.988333333,0.910666667
2020-10-30T00:00:00Z,1.648333333,0.695862069
2020-10-30T01:00:00Z,1.021666667,0.189666667
2020-10-30T02:00:00Z,0.678333333,0.024666667
2020-10-30T03:00:00Z,0.501666667,0.007586207
2020-10-30T04:00:00Z,0.421666667,0
2020-10-30T05:00:00Z,0.38,0
2020-10-30T06:00:00Z,0.458333333,0.016333333
2020-10-30T07:00:00Z,0.545,0.010689655
2020-10-30T08:00:00Z,0.688333333,0.027
2020-10-30T09:00:00Z,0.998333333,0.160333333
2020-10-30T10:00:00Z,0.806666667,0.453333333
2020-10-30T11:00:00Z,1.095,0.480666667
2020-10-30T12:00:00Z,1.265,1.219
2020-10-30T13:00:00Z,2.09,1.514
2020-10-30T14:00:00Z,2.211666667,1.349666667
2020-10-30T15:00:00Z,2.418333333,1.681333333
2020-10-30T16:00:00Z,3.525,2.710689655
2020-10-30T17:00:00Z,4.831666667,3.527666667
2020-10-30T18:00:00Z,6.435,6.654333333
2020-10-30T19:00:00Z,11.23166667,19.79
2020-10-30T20:00:00Z,17.50666667,32.98166667
2020-10-30T21:00:00Z,14.9,30.29965517
2020-10-30T22:00:00Z,12.22833333,21.00466667
2020-10-30T23:00:00Z,7.605,11.74366667
2020-10-31T00:00:00Z,7.301666667,15.23034483
2020-10-31T01:00:00Z,7.316666667,14.40266667
2020-10-31T02:00:00Z,4.661666667,8.784137931
2020-10-31T03:00:00Z,2.256666667,3.697333333
2020-10-31T04:00:00Z,0.63,0.078666667
2020-10-31T05:00:00Z,0.776666667,0.383333333
2020-10-31T06:00:00Z,2.47,2.210666667
2020-10-31T07:00:00Z,2.041666667,1.342333333
2020-10-31T08:00:00Z,1.805,1.583666667
2020-10-31T09:00:00Z,2.281666667,2.607
2020-10-31T10:00:00Z,2.183333333,2.065333333
2020-10-31T11:00:00Z,1.218333333,0.696333333
2020-10-31T12:00:00Z,3.603333333,1.99
2020-10-31T13:00:00Z,6.363333333,2.022
2020-10-31T14:00:00Z,5.163333333,1.687333333
2020-10-31T15:00:00Z,3.866666667,1.215
2020-10-31T16:00:00Z,4.361666667,1.826333333
2020-10-31T17:00:00Z,5.836666667,3.450333333
2020-10-31T18:00:00Z,7.513333333,5.58862069
2020-10-31T19:00:00Z,9.33,8.449
2020-10-31T20:00:00Z,11.41,7.747666667
2020-10-31T21:00:00Z,13.7,8.592142857
2020-10-31T22:00:00Z,11.03,5.639
2020-10-31T23:00:00Z,10.165,4.845333333
2020-11-01T00:00:00Z,10.82833333,5.405862069
2020-11-01T01:00:00Z,11.03166667,6.130333333
2020-11-01T02:00:00Z,9.56,6.499666667
2020-11-01T03:00:00Z,9.955,6.292666667
2020-11-01T04:00:00Z,9.338333333,6.147666667
2020-11-01T05:00:00Z,7.281666667,4.077333333
2020-11-01T06:00:00Z,4.316666667,2.408965517
2020-11-01T07:00:00Z,2.461666667,1.309333333
2020-11-01T08:00:00Z,1.361666667,0.376
2020-11-01T09:00:00Z,2.428333333,1.092
2020-11-01T10:00:00Z,7.858333333,3.490666667
2020-11-01T11:00:00Z,9.003333333,4.027
2020-11-01T12:00:00Z,10.06333333,4.831666667
2020-11-01T13:00:00Z,12.25,5.817666667
2020-11-01T14:00:00Z,13.38,6.129
2020-11-01T15:00:00Z,11.58666667,7.536666667
2020-11-01T16:00:00Z,9.401666667,5.83862069
2020-11-01T17:00:00Z,6.256666667,4.695
2020-11-01T18:00:00Z,3.356666667,2.658333333
2020-11-01T19:00:00Z,1.773333333,1.138275862
2020-11-01T20:00:00Z,1.298333333,0.310666667
2020-11-01T21:00:00Z,0.805,0.033666667
2020-11-01T22:00:00Z,0.665,0.017
2020-11-01T23:00:00Z,0.413333333,0
2020-11-02T00:00:00Z,0.34,0
2020-11-02T01:00:00Z,0.48,0.00862069
2020-11-02T02:00:00Z,4.216666667,2.042333333
2020-11-02T03:00:00Z,6.481666667,2.638275862
2020-11-02T04:00:00Z,7.316666667,2.739666667
2020-11-02T05:00:00Z,0.305,0.016
2020-11-02T06:00:00Z,0.6,0.041666667
2020-11-02T07:00:00Z,2.48,0.906666667
2020-11-02T08:00:00Z,3.91,1.609655172
2020-11-02T09:00:00Z,3.731666667,1.415666667
2020-11-02T10:00:00Z,3.783333333,1.750666667
2020-11-02T11:00:00Z,5.003333333,1.931724138
2020-11-02T12:00:00Z,3.788333333,1.534666667
2020-11-02T13:00:00Z,4.025,1.551666667
2020-11-02T14:00:00Z,3.835,1.052068966
2020-11-02T15:00:00Z,3.311666667,1.061333333
2020-11-02T16:00:00Z,2.376666667,0.789666667
2020-11-02T17:00:00Z,2.943333333,1.448333333
2020-11-02T18:00:00Z,3.833333333,2.127
2020-11-02T19:00:00Z,2.693333333,0.949333333
2020-11-02T20:00:00Z,4.261666667,1.876071429
2020-11-02T21:00:00Z,6.576666667,3.232333333
2020-11-02T22:00:00Z,7.265,3.099333333
2020-11-02T23:00:00Z,6.153333333,2.713
2020-11-03T00:00:00Z,6.803333333,2.855172414
2020-11-03T01:00:00Z,6.815,2.638
2020-11-03T02:00:00Z,6.9,2.437333333
2020-11-03T03:00:00Z,7.013333333,2.404333333
2020-11-03T04:00:00Z,5.843333333,1.562333333
2020-11-03T05:00:00Z,2.951666667,0.517241379
2020-11-03T06:00:00Z,3.876666667,1.092
2020-11-03T07:00:00Z,3.58,1.050333333
2020-11-03T08:00:00Z,3.656666667,1.570333333
2020-11-03T09:00:00Z,3.253333333,1.336666667
2020-11-03T10:00:00Z,2.938333333,1.835
2020-11-03T11:00:00Z,2.955,2.519666667
2020-11-03T12:00:00Z,2.035,0.948333333
2020-11-03T13:00:00Z,2.896666667,2.268666667
2020-11-03T14:00:00Z,3.863333333,3.052333333
2020-11-03T15:00:00Z,3.636666667,2.319655172
2020-11-03T16:00:00Z,3.878333333,3.282
2020-11-03T17:00:00Z,4.305,6.222333333
2020-11-03T18:00:00Z,6.93,11.12933333
2020-11-03T19:00:00Z,5.628333333,7.804666667
2020-11-03T20:00:00Z,7.95,15.53833333
2020-11-03T21:00:00Z,10.15666667,17.98066667
2020-11-03T22:00:00Z,10.48,21.218
2020-11-03T23:00:00Z,13.23,26.305
2020-11-04T00:00:00Z,9.781666667,21.25178571
2020-11-04T01:00:00Z,9.441666667,22.02733333
2020-11-04T02:00:00Z,10.13333333,23.69466667
2020-11-04T03:00:00Z,10.135,23.38133333
2020-11-04T04:00:00Z,9.028333333,20.04833333
2020-11-04T05:00:00Z,8.228333333,19.284
2020-11-04T06:00:00Z,7.928333333,20.38666667
2020-11-04T07:00:00Z,9.27,26.85666667
2020-11-04T08:00:00Z,10.57833333,28.45666667
2020-11-04T09:00:00Z,8.62,19.11344828
2020-11-04T10:00:00Z,9.02,21.68133333
2020-11-04T11:00:00Z,11.09,25.639
2020-11-04T12:00:00Z,12.53333333,24.49766667
2020-11-04T13:00:00Z,12.985,24.62466667
2020-11-04T14:00:00Z,11.335,17.17133333
2020-11-04T15:00:00Z,5.293333333,3.390333333
2020-11-04T16:00:00Z,5.321666667,4.968
2020-11-04T17:00:00Z,10.08166667,14.83966667
2020-11-04T18:00:00Z,16.08,30.40896552
2020-11-04T19:00:00Z,27.935,NA
2020-11-04T20:00:00Z,35.93333333,NA
2020-11-04T21:00:00Z,40.84,NA
2020-11-04T22:00:00Z,37.305,NA
2020-11-04T23:00:00Z,29.34166667,NA
2020-11-05T00:00:00Z,25.37833333,NA
2020-11-05T01:00:00Z,23.785,NA
2020-11-05T02:00:00Z,22.74166667,NA
2020-11-05T03:00:00Z,22.38833333,NA
2020-11-05T04:00:00Z,20.98833333,NA
2020-11-05T05:00:00Z,17.62333333,40.30466667
2020-11-05T06:00:00Z,12.67,28.64466667
2020-11-05T07:00:00Z,7.513333333,15.256
2020-11-05T08:00:00Z,6.638333333,13.13166667
2020-11-05T09:00:00Z,6.888333333,11.70733333
2020-11-05T10:00:00Z,8.105,9.812
2020-11-05T11:00:00Z,8.323333333,7.611333333
2020-11-05T12:00:00Z,8.873333333,9.012
2020-11-05T13:00:00Z,10.75166667,15.60034483
2020-11-05T14:00:00Z,11.85666667,15.06466667
2020-11-05T15:00:00Z,12.82,15.92933333
2020-11-05T16:00:00Z,16.455,26.82333333
2020-11-05T17:00:00Z,21.10833333,35.13766667
2020-11-05T18:00:00Z,40.705,NA
2020-11-05T19:00:00Z,92.86833333,NA
2020-11-05T20:00:00Z,145.6116667,NA
2020-11-05T21:00:00Z,177.135,NA
2020-11-05T22:00:00Z,131.6433333,NA
2020-11-05T23:00:00Z,81.46333333,NA
2020-11-06T00:00:00Z,86.01666667,NA
2020-11-06T01:00:00Z,60.72,NA
2020-11-06T02:00:00Z,25.015,38.34233333
2020-11-06T03:00:00Z,22.265,38.01933333
2020-11-06T04:00:00Z,21.04333333,35.429
2020-11-06T05:00:00Z,18.17666667,31.32533333
2020-11-06T06:00:00Z,22.12333333,33.05862069
2020-11-06T07:00:00Z,21.53333333,34.466
2020-11-06T08:00:00Z,23.13,36.72034483
2020-11-06T09:00:00Z,18.8,28.01466667
2020-11-06T10:00:00Z,14.94333333,22.79833333
2020-11-06T11:00:00Z,12.705,19.12466667
2020-11-06T12:00:00Z,15.48166667,25.61566667
2020-11-06T13:00:00Z,20.77,34.91833333
2020-11-06T14:00:00Z,20.49833333,33.073
2020-11-06T15:00:00Z,21.25166667,34.218
2020-11-06T16:00:00Z,23.09333333,37.63566667
2020-11-06T17:00:00Z,28.47166667,NA
2020-11-06T18:00:00Z,33.06,NA
2020-11-06T19:00:00Z,34.65,NA
2020-11-06T20:00:00Z,28.63833333,NA
2020-11-06T21:00:00Z,24.595,39.67766667
2020-11-06T22:00:00Z,23.11333333,38.19433333
2020-11-06T23:00:00Z,24.67666667,40.72933333
2020-11-07T00:00:00Z,26.45166667,43.59068966
2020-11-07T01:00:00Z,27.595,43.92566667
2020-11-07T02:00:00Z,26.92,NA
2020-11-07T03:00:00Z,26.65666667,NA
2020-11-07T04:00:00Z,26.765,NA
2020-11-07T05:00:00Z,26.415,NA
2020-11-07T06:00:00Z,25.53333333,43.50833333
2020-11-07T07:00:00Z,26.19166667,NA
2020-11-07T08:00:00Z,26.405,43.407
2020-11-07T09:00:00Z,24.905,39.232
2020-11-07T10:00:00Z,28.40666667,40.991
2020-11-07T11:00:00Z,26.92333333,38.79166667
2020-11-07T12:00:00Z,21.935,32.48166667
2020-11-07T13:00:00Z,21.30666667,32.694
2020-11-07T14:00:00Z,20.77833333,33.0662069
2020-11-07T15:00:00Z,24.14,37.29566667
2020-11-07T16:00:00Z,26.51833333,40.07366667
2020-11-07T17:00:00Z,30.00666667,NA
2020-11-07T18:00:00Z,56.14333333,NA
2020-11-07T19:00:00Z,55.36666667,NA
2020-11-07T20:00:00Z,47.01166667,NA
2020-11-07T21:00:00Z,53.92166667,NA
2020-11-07T22:00:00Z,52.675,NA
2020-11-07T23:00:00Z,32.77833333,NA
2020-11-08T00:00:00Z,39.11,NA
2020-11-08T01:00:00Z,40.91333333,NA
2020-11-08T02:00:00Z,28.08166667,NA
2020-11-08T03:00:00Z,36.82666667,NA
2020-11-08T04:00:00Z,25.53666667,40.95033333
2020-11-08T05:00:00Z,25.45,43.07833333
2020-11-08T06:00:00Z,22.02833333,38.91366667
2020-11-08T07:00:00Z,19.07333333,36.94793103
2020-11-08T08:00:00Z,19.74166667,37.554
2020-11-08T09:00:00Z,20.91166667,38.17566667
2020-11-08T10:00:00Z,20.85833333,36.89413793
2020-11-08T11:00:00Z,21.01,37.13933333
2020-11-08T12:00:00Z,22.20333333,36.545
2020-11-08T13:00:00Z,23.36333333,37.96333333
2020-11-08T14:00:00Z,24.175,38.83266667
2020-11-08T15:00:00Z,26.97,42.19266667
2020-11-08T16:00:00Z,30.605,NA
2020-11-08T17:00:00Z,33.23666667,NA
2020-11-08T18:00:00Z,37.68666667,NA
2020-11-08T19:00:00Z,40.635,NA
2020-11-08T20:00:00Z,33.22,NA
2020-11-08T21:00:00Z,31.18,NA
2020-11-08T22:00:00Z,30.29166667,NA
2020-11-08T23:00:00Z,24.73,43.716
2020-11-09T00:00:00Z,22.46,40.91758621
2020-11-09T01:00:00Z,19.17666667,37.24482759
2020-11-09T02:00:00Z,17.71833333,36.10866667
2020-11-09T03:00:00Z,16.905,34.64433333
2020-11-09T04:00:00Z,17.02,34.27666667
2020-11-09T05:00:00Z,15.85666667,32.93206897
2020-11-09T06:00:00Z,14.92166667,30.85933333
2020-11-09T07:00:00Z,12.75333333,24.16241379
2020-11-09T08:00:00Z,10.80833333,19.592
2020-11-09T09:00:00Z,10.56,19.26933333
2020-11-09T10:00:00Z,8.661666667,13.81333333
2020-11-09T11:00:00Z,8.7,15.25566667
2020-11-09T12:00:00Z,9.581666667,16.83666667
2020-11-09T13:00:00Z,9.158333333,14.94724138
2020-11-09T14:00:00Z,8.388333333,14.51133333
2020-11-09T15:00:00Z,8.883333333,16.31655172
2020-11-09T16:00:00Z,12.38333333,24.51433333
2020-11-09T17:00:00Z,13.68833333,25.82233333
2020-11-09T18:00:00Z,18.03,33.293
2020-11-09T19:00:00Z,21.225,37.82133333
2020-11-09T20:00:00Z,23.64,41.038
2020-11-09T21:00:00Z,23.55166667,40.265
2020-11-09T22:00:00Z,20.385,36.736
2020-11-09T23:00:00Z,16.01166667,32.11633333
2020-11-10T00:00:00Z,11.54333333,24.34103448
2020-11-10T01:00:00Z,10.03166667,20.45392857
2020-11-10T02:00:00Z,8.99,18.199
2020-11-10T03:00:00Z,8.733333333,16.98966667
2020-11-10T04:00:00Z,7.36,11.72933333
2020-11-10T05:00:00Z,4.308333333,5.715
2020-11-10T06:00:00Z,4.303333333,6.445333333
2020-11-10T07:00:00Z,6.283333333,10.8637931
2020-11-10T08:00:00Z,9.376666667,18.45633333
2020-11-10T09:00:00Z,6.733333333,8.428333333
2020-11-10T10:00:00Z,3.751666667,3.925333333
2020-11-10T11:00:00Z,3.155,4.482413793
2020-11-10T12:00:00Z,4.86,6.712
2020-11-10T13:00:00Z,4.121666667,4.915862069
2020-11-10T14:00:00Z,2.056666667,0.825
2020-11-10T15:00:00Z,2.598333333,1.909
2020-11-10T16:00:00Z,3.115,3.532333333
2020-11-10T17:00:00Z,4.465,5.057333333
2020-11-10T18:00:00Z,3.56,3.210666667
2020-11-10T19:00:00Z,2.785,3.277333333
2020-11-10T20:00:00Z,4.66,7.675666667
2020-11-10T21:00:00Z,5.681666667,9.583448276
2020-11-10T22:00:00Z,7.02,12.62766667
2020-11-10T23:00:00Z,6.458333333,10.35
2020-11-11T00:00:00Z,5.505,8.737241379
2020-11-11T01:00:00Z,6.376666667,11.541
2020-11-11T02:00:00Z,7.405,13.47866667
2020-11-11T03:00:00Z,6.801666667,11.91866667
2020-11-11T04:00:00Z,5.783333333,9.793333333
2020-11-11T05:00:00Z,5.103333333,8.407
2020-11-11T06:00:00Z,4.968333333,8.081666667
2020-11-11T07:00:00Z,4.325,6.056333333
2020-11-11T08:00:00Z,3.805,4.769310345
2020-11-11T09:00:00Z,4.23,5.398
2020-11-11T10:00:00Z,4.303333333,4.922
2020-11-11T11:00:00Z,4.165,4.357
2020-11-11T12:00:00Z,4.011666667,3.78
2020-11-11T13:00:00Z,4.103333333,3.752666667
2020-11-11T14:00:00Z,3.733333333,3.083666667
2020-11-11T15:00:00Z,3.828333333,3.176551724
2020-11-11T16:00:00Z,3.951666667,3.695
2020-11-11T17:00:00Z,3.478333333,4.011
2020-11-11T18:00:00Z,4.045,5.004827586
2020-11-11T19:00:00Z,5.268333333,7.596666667
2020-11-11T20:00:00Z,4.711666667,7.327666667
2020-11-11T21:00:00Z,3.923333333,5.671666667
2020-11-11T22:00:00Z,2.96,3.902333333
2020-11-11T23:00:00Z,2.071666667,1.764666667
2020-11-12T00:00:00Z,1.07,0.071034483
2020-11-12T01:00:00Z,1.591666667,0.118
2020-11-12T02:00:00Z,2.508333333,0.587
2020-11-12T03:00:00Z,3.02,2.760689655
2020-11-12T04:00:00Z,2.788333333,2.533333333
2020-11-12T05:00:00Z,2.4,0.821333333
2020-11-12T06:00:00Z,2.706666667,1.051
2020-11-12T07:00:00Z,3.278333333,1.397
2020-11-12T08:00:00Z,3.363333333,1.335333333
2020-11-12T09:00:00Z,3.293333333,2.064827586
2020-11-12T10:00:00Z,3.19,1.824333333
2020-11-12T11:00:00Z,3.013333333,1.777931034
2020-11-12T12:00:00Z,3.475,1.368333333
2020-11-12T13:00:00Z,4.501666667,1.415666667
2020-11-12T14:00:00Z,4.891666667,1.673666667
2020-11-12T15:00:00Z,5.563333333,7.038666667
2020-11-12T16:00:00Z,7.581666667,8.231333333
2020-11-12T17:00:00Z,5.485,5.803448276
2020-11-12T18:00:00Z,5.901666667,7.213333333
2020-11-12T19:00:00Z,6.811666667,6.01
2020-11-12T20:00:00Z,5.39,4.065172414
2020-11-12T21:00:00Z,4.905,3.5
2020-11-12T22:00:00Z,5.11,3.483793103
2020-11-12T23:00:00Z,5.196666667,3.497666667
2020-11-13T00:00:00Z,5.098333333,2.683793103
2020-11-13T01:00:00Z,4.616666667,2.342
2020-11-13T02:00:00Z,4.336666667,2.143333333
2020-11-13T03:00:00Z,4.008333333,2.032666667
2020-11-13T04:00:00Z,2.818333333,1.257666667
2020-11-13T05:00:00Z,2.51,1.019333333
2020-11-13T06:00:00Z,1.228333333,0.173448276
2020-11-13T07:00:00Z,1.323333333,0.377666667
2020-11-13T08:00:00Z,1.413333333,0.52
2020-11-13T09:00:00Z,1.86,0.474333333
2020-11-13T10:00:00Z,3.258333333,0.839310345
2020-11-13T11:00:00Z,4.17,1.2
2020-11-13T12:00:00Z,4.243333333,1.461
2020-11-13T13:00:00Z,3.95,1.374333333
2020-11-13T14:00:00Z,4.246666667,1.641666667
2020-11-13T15:00:00Z,4.168333333,1.797333333
2020-11-13T16:00:00Z,4.116666667,2.427241379
2020-11-13T17:00:00Z,6.246666667,4.933
2020-11-13T18:00:00Z,8.738333333,8.298333333
2020-11-13T19:00:00Z,7.99,7.454666667
2020-11-13T20:00:00Z,7.906666667,6.458
2020-11-13T21:00:00Z,7.69,5.727666667
2020-11-13T22:00:00Z,7.975,5.169
2020-11-13T23:00:00Z,7.471666667,5.223333333
2020-11-14T00:00:00Z,7.401666667,5.134482759
2020-11-14T01:00:00Z,6.791666667,4.354
2020-11-14T02:00:00Z,7.448333333,4.586206897
2020-11-14T03:00:00Z,7.123333333,4.590666667
2020-11-14T04:00:00Z,6.306666667,3.895333333
2020-11-14T05:00:00Z,5.085,2.956
2020-11-14T06:00:00Z,4.33,2.939333333
2020-11-14T07:00:00Z,3.973333333,4.667666667
2020-11-14T08:00:00Z,4.155,8.166
2020-11-14T09:00:00Z,4.478333333,9.176666667
2020-11-14T10:00:00Z,4.403333333,8.544
2020-11-14T11:00:00Z,3.42,7.113666667
2020-11-14T12:00:00Z,2.966666667,4.801034483
2020-11-14T13:00:00Z,3.048333333,4.361
2020-11-14T14:00:00Z,3.466666667,4.801333333
2020-11-14T15:00:00Z,3.043333333,4.67137931
2020-11-14T16:00:00Z,3.096666667,4.936
2020-11-14T17:00:00Z,3.981666667,5.127666667
2020-11-14T18:00:00Z,4.218333333,5.114
2020-11-14T19:00:00Z,7.466666667,5.647666667
2020-11-14T20:00:00Z,8.105,4.564
2020-11-14T21:00:00Z,7.728333333,3.674137931
2020-11-14T22:00:00Z,6.903333333,2.747666667
2020-11-14T23:00:00Z,7.27,2.963
2020-11-15T00:00:00Z,6.756666667,2.946896552
2020-11-15T01:00:00Z,5.775,2.399666667
2020-11-15T02:00:00Z,6.713333333,2.674333333
2020-11-15T03:00:00Z,6.998333333,2.433666667
2020-11-15T04:00:00Z,6.316666667,2.386
2020-11-15T05:00:00Z,7.013333333,2.740333333
2020-11-15T06:00:00Z,6.691666667,2.613214286
2020-11-15T07:00:00Z,4.458333333,1.820333333
2020-11-15T08:00:00Z,3.146666667,1.435666667
2020-11-15T09:00:00Z,1.678333333,0.203333333
2020-11-15T10:00:00Z,2.76,0.388333333
2020-11-15T11:00:00Z,2.376666667,0.291666667
2020-11-15T12:00:00Z,3.423333333,0.977931034
2020-11-15T13:00:00Z,4.121666667,1.220666667
2020-11-15T14:00:00Z,3.951666667,1.046333333
2020-11-15T15:00:00Z,3.543333333,1.431666667
2020-11-15T16:00:00Z,3.051666667,1.641034483
2020-11-15T17:00:00Z,2.771666667,1.621333333
2020-11-15T18:00:00Z,3.75,2.808333333
2020-11-15T19:00:00Z,4.978333333,4.890333333
2020-11-15T20:00:00Z,4.82,4.503333333
2020-11-15T21:00:00Z,4.84,3.116333333
2020-11-15T22:00:00Z,5.886666667,3.253333333
2020-11-15T23:00:00Z,4.943333333,2.249666667
2020-11-16T00:00:00Z,3.48,2.524482759
2020-11-16T01:00:00Z,2.288333333,2.256206897
2020-11-16T02:00:00Z,5.041666667,3.027333333
2020-11-16T03:00:00Z,4.668333333,1.707666667
2020-11-16T04:00:00Z,3.971666667,1.512333333
2020-11-16T05:00:00Z,3.601666667,1.211
2020-11-16T06:00:00Z,4.586666667,1.612
2020-11-16T07:00:00Z,6.565,1.946333333
2020-11-16T08:00:00Z,6.998333333,1.768666667
2020-11-16T09:00:00Z,5.043333333,1.568333333
2020-11-16T10:00:00Z,5.948333333,1.556333333
2020-11-16T11:00:00Z,4.721666667,1.467931034
2020-11-16T12:00:00Z,5.318333333,1.900666667
2020-11-16T13:00:00Z,4.473333333,1.604827586
2020-11-16T14:00:00Z,4.738333333,1.797666667
2020-11-16T15:00:00Z,4.616666667,2.036333333
2020-11-16T16:00:00Z,4.69,2.622333333
2020-11-16T17:00:00Z,4.418333333,3.437333333
2020-11-16T18:00:00Z,4.213333333,4.324666667
2020-11-16T19:00:00Z,3.066666667,3.228666667
2020-11-16T20:00:00Z,2.433333333,3.634
2020-11-16T21:00:00Z,1.76,2.217931034
2020-11-16T22:00:00Z,1.463333333,1.058666667
2020-11-16T23:00:00Z,1.933333333,0.693666667
2020-11-17T00:00:00Z,1.701666667,0.334827586
2020-11-17T01:00:00Z,1.435,0.259655172
2020-11-17T02:00:00Z,1.326666667,0.196
2020-11-17T03:00:00Z,1.725,0.423333333
2020-11-17T04:00:00Z,1.453333333,0.151666667
2020-11-17T05:00:00Z,0.848333333,0.039333333
2020-11-17T06:00:00Z,1.595,0.410689655
2020-11-17T07:00:00Z,1.743333333,0.360333333
2020-11-17T08:00:00Z,1.395,0.241
2020-11-17T09:00:00Z,0.821666667,0.060666667
2020-11-17T10:00:00Z,0.746666667,0.02137931
2020-11-17T11:00:00Z,0.878333333,0.079
2020-11-17T12:00:00Z,0.861666667,0.106333333
2020-11-17T13:00:00Z,0.993333333,0.337333333
2020-11-17T14:00:00Z,1.485,0.746666667
2020-11-17T15:00:00Z,1.546666667,0.769666667
2020-11-17T16:00:00Z,1.303333333,0.507333333
2020-11-17T17:00:00Z,1.315,0.795666667
2020-11-17T18:00:00Z,1.093333333,0.556551724
2020-11-17T19:00:00Z,1.178333333,0.748666667
2020-11-17T20:00:00Z,1.213333333,0.640344828
2020-11-17T21:00:00Z,1.171666667,0.422333333
2020-11-17T22:00:00Z,1.751666667,0.638333333
2020-11-17T23:00:00Z,3.48,2.064333333
2020-11-18T00:00:00Z,5.095,4.032413793
2020-11-18T01:00:00Z,5.923333333,5.068666667
2020-11-18T02:00:00Z,5.94,5.673793103
2020-11-18T03:00:00Z,6.355,4.528275862
2020-11-18T04:00:00Z,6.646666667,4.053333333
2020-11-18T05:00:00Z,6.873333333,4.051333333
2020-11-18T06:00:00Z,7.203333333,4.169
2020-11-18T07:00:00Z,7.338333333,4.515666667
2020-11-18T08:00:00Z,7.816666667,5.756
2020-11-18T09:00:00Z,7.671666667,6.936666667
2020-11-18T10:00:00Z,7.041666667,6.499333333
2020-11-18T11:00:00Z,6.145,5.042666667
2020-11-18T12:00:00Z,3.075,2.416206897
2020-11-18T13:00:00Z,1.616666667,0.908
2020-11-18T14:00:00Z,1.45,0.357666667
2020-11-18T15:00:00Z,2.073333333,1.046
2020-11-18T16:00:00Z,3.3,1.487666667
2020-11-18T17:00:00Z,5.503333333,2.494666667
2020-11-18T18:00:00Z,6.27,2.695333333
2020-11-18T19:00:00Z,6.401666667,3.022
2020-11-18T20:00:00Z,5.651666667,2.399
2020-11-18T21:00:00Z,5.566666667,2.225333333
2020-11-18T22:00:00Z,5.441666667,1.748275862
2020-11-18T23:00:00Z,4.725,1.497333333
2020-11-19T00:00:00Z,3.466666667,1.455517241
2020-11-19T01:00:00Z,3.321666667,1.750666667
2020-11-19T02:00:00Z,2.695,0.905
2020-11-19T03:00:00Z,3.981666667,1.253103448
2020-11-19T04:00:00Z,3.503333333,0.724333333
2020-11-19T05:00:00Z,2.19,0.748
2020-11-19T06:00:00Z,2.968333333,1.043103448
2020-11-19T07:00:00Z,1.358333333,0.098275862
2020-11-19T08:00:00Z,1.343333333,0.166666667
2020-11-19T09:00:00Z,1.731666667,0.837666667
2020-11-19T10:00:00Z,1.768333333,0.693
2020-11-19T11:00:00Z,2.121666667,0.493333333
2020-11-19T12:00:00Z,2.236666667,0.647666667
2020-11-19T13:00:00Z,3.293333333,1.252666667
2020-11-19T14:00:00Z,3.586666667,1.523666667
2020-11-19T15:00:00Z,2.908333333,1.175333333
2020-11-19T16:00:00Z,10.70666667,15.99689655
2020-11-19T17:00:00Z,8.598333333,10.415
2020-11-19T18:00:00Z,11.365,17.046
2020-11-19T19:00:00Z,13.22666667,20.84366667
2020-11-19T20:00:00Z,17.92,30.42566667
2020-11-19T21:00:00Z,14.42833333,23.47655172
2020-11-19T22:00:00Z,10.71833333,18.34566667
2020-11-19T23:00:00Z,8.738333333,14.11366667
2020-11-20T00:00:00Z,7.468333333,10.57241379
2020-11-20T01:00:00Z,5.855,6.468965517
2020-11-20T02:00:00Z,5.175,5.204
2020-11-20T03:00:00Z,4.89,4.323448276
2020-11-20T04:00:00Z,4.743333333,3.673
2020-11-20T05:00:00Z,4.273333333,2.599333333
2020-11-20T06:00:00Z,4.11,2.122
2020-11-20T07:00:00Z,4.223333333,2.347333333
2020-11-20T08:00:00Z,3.91,2.589333333
2020-11-20T09:00:00Z,3.281666667,2.538333333
2020-11-20T10:00:00Z,3.1,3.082758621
2020-11-20T11:00:00Z,3.276666667,4.253333333
2020-11-20T12:00:00Z,3.135,5.082333333
2020-11-20T13:00:00Z,2.848333333,5.386
2020-11-20T14:00:00Z,3.558333333,8.192
2020-11-20T15:00:00Z,2.986666667,5.716666667
2020-11-20T16:00:00Z,3.123333333,5.992758621
2020-11-20T17:00:00Z,3.618333333,7.81
2020-11-20T18:00:00Z,4.816666667,8.926
2020-11-20T19:00:00Z,4.63,5.587666667
2020-11-20T20:00:00Z,4.913333333,4.229655172
2020-11-20T21:00:00Z,3.876666667,3.1
2020-11-20T22:00:00Z,3.506666667,2.787241379
2020-11-20T23:00:00Z,2.76,1.327
2020-11-21T00:00:00Z,2.468333333,0.935172414
2020-11-21T01:00:00Z,2.438333333,0.693666667
2020-11-21T02:00:00Z,2.138333333,0.348666667
2020-11-21T03:00:00Z,1.985,0.281
2020-11-21T04:00:00Z,1.705,0.443666667
2020-11-21T05:00:00Z,1.173333333,0.085666667
2020-11-21T06:00:00Z,1.755,0.361724138
2020-11-21T07:00:00Z,3.84,1.201666667
2020-11-21T08:00:00Z,4.101666667,1.219333333
2020-11-21T09:00:00Z,2.856666667,0.679333333
2020-11-21T10:00:00Z,2.693333333,0.624137931
2020-11-21T11:00:00Z,1.653333333,0.283333333
2020-11-21T12:00:00Z,0.936666667,0.214666667
2020-11-21T13:00:00Z,1.195,1.566666667
2020-11-21T14:00:00Z,1.583333333,2.027
2020-11-21T15:00:00Z,1.693333333,1.611034483
2020-11-21T16:00:00Z,3.46,3.445333333
2020-11-21T17:00:00Z,5.653333333,6.871333333
2020-11-21T18:00:00Z,9.143333333,12.007
2020-11-21T19:00:00Z,9.821666667,14.86833333
2020-11-21T20:00:00Z,8.688333333,12.98266667
2020-11-21T21:00:00Z,9.666666667,18.838
2020-11-21T22:00:00Z,5.76,6.231666667
2020-11-21T23:00:00Z,5.07,3.690666667
2020-11-22T00:00:00Z,6.801666667,3.7407142860000002
2020-11-22T01:00:00Z,6.58,2.896666667
2020-11-22T02:00:00Z,6.788333333,3.465
2020-11-22T03:00:00Z,6.923333333,2.822666667
2020-11-22T04:00:00Z,6.87,2.625666667
2020-11-22T05:00:00Z,6.41,2.306333333
2020-11-22T06:00:00Z,6.056666667,2.64
2020-11-22T07:00:00Z,5.736666667,2.651
2020-11-22T08:00:00Z,6.03,2.298333333
2020-11-22T09:00:00Z,6.041666667,2.225862069
2020-11-22T10:00:00Z,6.321666667,2.83
2020-11-22T11:00:00Z,6.716666667,2.98
2020-11-22T12:00:00Z,5.816666667,2.304333333
2020-11-22T13:00:00Z,5.96,2.422666667
2020-11-22T14:00:00Z,4.675,1.574333333
2020-11-22T15:00:00Z,4.115,2.694
2020-11-22T16:00:00Z,8.503333333,9.810666667
2020-11-22T17:00:00Z,6.978333333,6.016666667
2020-11-22T18:00:00Z,9.101666667,14.06586207
2020-11-22T19:00:00Z,11.70333333,15.99966667
2020-11-22T20:00:00Z,11.82166667,18.24033333
2020-11-22T21:00:00Z,13.24,22.085
2020-11-22T22:00:00Z,11.43166667,17.855
2020-11-22T23:00:00Z,10.675,16.36166667
2020-11-23T00:00:00Z,9.568333333,13.79206897
2020-11-23T01:00:00Z,8.743333333,12.87466667
2020-11-23T02:00:00Z,7.808333333,11.84034483
2020-11-23T03:00:00Z,6.383333333,10.04133333
2020-11-23T04:00:00Z,5.281666667,8.162666667
2020-11-23T05:00:00Z,5.19,9.124482759
2020-11-23T06:00:00Z,4.981666667,8.897333333
2020-11-23T07:00:00Z,4.451666667,8.344
2020-11-23T08:00:00Z,5.77,10.98533333
2020-11-23T09:00:00Z,5.546666667,6.051
2020-11-23T10:00:00Z,5.505,6.439655172
2020-11-23T11:00:00Z,4.983333333,4.342
2020-11-23T12:00:00Z,4.628333333,4.335333333
2020-11-23T13:00:00Z,5.026666667,3.860333333
2020-11-23T14:00:00Z,5.05,5.804
2020-11-23T15:00:00Z,4.415,6.896
2020-11-23T16:00:00Z,6.173333333,12.29633333
2020-11-23T17:00:00Z,7.565,15.711
2020-11-23T18:00:00Z,7.05,13.70033333
2020-11-23T19:00:00Z,5.88,10.17206897
2020-11-23T20:00:00Z,4.67,7.902333333
2020-11-23T21:00:00Z,3.173333333,4.318333333
2020-11-23T22:00:00Z,3.196666667,4.727333333
2020-11-23T23:00:00Z,2.933333333,4.174666667
2020-11-24T00:00:00Z,1.58,1.457586207
2020-11-24T01:00:00Z,1.998333333,3.531666667
2020-11-24T02:00:00Z,1.398333333,1.666
2020-11-24T03:00:00Z,0.525,0.027666667
2020-11-24T04:00:00Z,0.408333333,0.007586207
2020-11-24T05:00:00Z,1.113333333,1.197
2020-11-24T06:00:00Z,1.738333333,2.665
2020-11-24T07:00:00Z,1.911666667,2.623
2020-11-24T08:00:00Z,2.773333333,4.339666667
2020-11-24T09:00:00Z,4.173333333,6.855333333
2020-11-24T10:00:00Z,4.403333333,7.181
2020-11-24T11:00:00Z,5.056666667,7.923333333
2020-11-24T12:00:00Z,7.466666667,10.788
2020-11-24T13:00:00Z,6.915384615,10.15551724
2020-11-24T14:00:00Z,8.696666667,10.66433333
2020-11-24T15:00:00Z,10.15166667,14.40433333
2020-11-24T16:00:00Z,11.00333333,15.77333333
2020-11-24T17:00:00Z,11.38666667,16.42666667
2020-11-24T18:00:00Z,11.465,16.29
2020-11-24T19:00:00Z,10.20333333,14.15866667
2020-11-24T20:00:00Z,11.18,16.30733333
2020-11-24T21:00:00Z,11.19833333,16.358
2020-11-24T22:00:00Z,11.26833333,16.92275862
2020-11-24T23:00:00Z,11.96333333,18.45566667
2020-11-25T00:00:00Z,11.53333333,18.01551724
2020-11-25T01:00:00Z,11.135,17.50066667
2020-11-25T02:00:00Z,10.41,15.02766667
2020-11-25T03:00:00Z,1.983333333,3.302333333
2020-11-25T04:00:00Z,2.073333333,3.367
2020-11-25T05:00:00Z,1.195,0.931666667
2020-11-25T06:00:00Z,1.228333333,0.695333333
2020-11-25T07:00:00Z,2.266666667,1.721428571
2020-11-25T08:00:00Z,3.256666667,3.552333333
2020-11-25T09:00:00Z,4.228333333,5.077
2020-11-25T10:00:00Z,4.793333333,5.543
2020-11-25T11:00:00Z,5.43,6.801333333
2020-11-25T12:00:00Z,6.341666667,8.351333333
2020-11-25T13:00:00Z,6.54,8.183103448
2020-11-25T14:00:00Z,7.465,6.678
2020-11-25T15:00:00Z,7.768333333,7.23
2020-11-25T16:00:00Z,6.671666667,7.505666667
2020-11-25T17:00:00Z,10.65833333,19.56566667
2020-11-25T18:00:00Z,12.25833333,22.097
2020-11-25T19:00:00Z,13.025,24.09793103
2020-11-25T20:00:00Z,13.99333333,26.72966667
2020-11-25T21:00:00Z,13.81,27.85633333
2020-11-25T22:00:00Z,12.555,22.53733333
2020-11-25T23:00:00Z,12.31666667,24.47866667
2020-11-26T00:00:00Z,14.13166667,27.73178571
2020-11-26T01:00:00Z,12.473333330000001,24.17166667
2020-11-26T02:00:00Z,10.35333333,21.7
2020-11-26T03:00:00Z,9.71,19.525
2020-11-26T04:00:00Z,9.378333333,18.75933333
2020-11-26T05:00:00Z,9.45,18.79433333
2020-11-26T06:00:00Z,8.46,14.98933333
2020-11-26T07:00:00Z,8.21,14.50033333
2020-11-26T08:00:00Z,9.268333333,15.67857143
2020-11-26T09:00:00Z,9.88,15.75366667
2020-11-26T10:00:00Z,10.58,16.223928570000002
2020-11-26T11:00:00Z,11.385,NA
2020-11-26T12:00:00Z,9.65,NA
2020-11-26T13:00:00Z,11.05833333,NA
2020-11-26T14:00:00Z,11.05666667,NA
2020-11-26T15:00:00Z,10.69166667,NA
2020-11-26T16:00:00Z,11.25166667,NA
2020-11-26T17:00:00Z,12.91333333,NA
2020-11-26T18:00:00Z,17.265,NA
2020-11-26T19:00:00Z,24.21,NA
2020-11-26T20:00:00Z,24.025,NA
2020-11-26T21:00:00Z,27.07333333,NA
2020-11-26T22:00:00Z,28.88666667,NA
2020-11-26T23:00:00Z,32.30166667,NA
2020-11-27T00:00:00Z,31.975,NA
2020-11-27T01:00:00Z,28.16666667,NA
2020-11-27T02:00:00Z,22.485,38.115
2020-11-27T03:00:00Z,15.90833333,30.547
2020-11-27T04:00:00Z,14.335,26.59517241
2020-11-27T05:00:00Z,11.07166667,19.91066667
2020-11-27T06:00:00Z,10.815,20.343
2020-11-27T07:00:00Z,12.35833333,23.69233333
2020-11-27T08:00:00Z,11.07166667,17.47166667
2020-11-27T09:00:00Z,10.94666667,16.24433333
2020-11-27T10:00:00Z,10.53833333,16.67
2020-11-27T11:00:00Z,15.45666667,27.419
2020-11-27T12:00:00Z,13.29,20.982
2020-11-27T13:00:00Z,12.89,22.34275862
2020-11-27T14:00:00Z,10.41333333,15.14633333
2020-11-27T15:00:00Z,9.585,14.464
2020-11-27T16:00:00Z,12.64166667,21.41366667
2020-11-27T17:00:00Z,24.65166667,40.526
2020-11-27T18:00:00Z,20.01333333,32.651
2020-11-27T19:00:00Z,19.51333333,34.30433333
2020-11-27T20:00:00Z,27.64166667,42.45433333
2020-11-27T21:00:00Z,20.56666667,33.30533333
2020-11-27T22:00:00Z,13.598333330000001,22.12172414
2020-11-27T23:00:00Z,11.37333333,17.928
2020-11-28T00:00:00Z,8.63,14.92966667
2020-11-28T01:00:00Z,9.136666667,17.492
2020-11-28T02:00:00Z,10.51333333,19.90533333
2020-11-28T03:00:00Z,11.07833333,21.61433333
2020-11-28T04:00:00Z,12.435,27.973
2020-11-28T05:00:00Z,15.24833333,32.622
2020-11-28T06:00:00Z,13.95833333,25.61655172
2020-11-28T07:00:00Z,10.065,17.88433333
2020-11-28T08:00:00Z,8.955,18.491
2020-11-28T09:00:00Z,13.50666667,29.48033333
2020-11-28T10:00:00Z,12.70333333,26.63433333
2020-11-28T11:00:00Z,9.588333333,19.38733333
2020-11-28T12:00:00Z,13.43833333,29.55566667
2020-11-28T13:00:00Z,17.57833333,34.18733333
2020-11-28T14:00:00Z,20.81333333,36.85933333
2020-11-28T15:00:00Z,19.55,34.98275862
2020-11-28T16:00:00Z,17.91666667,34.87533333
2020-11-28T17:00:00Z,20.34166667,38.51833333
2020-11-28T18:00:00Z,26.895,43.00566667
2020-11-28T19:00:00Z,29,43.31666667
2020-11-28T20:00:00Z,32.37166667,NA
2020-11-28T21:00:00Z,35.61,NA
2020-11-28T22:00:00Z,29.27833333,42.88466667
2020-11-28T23:00:00Z,27.335,41.94733333
2020-11-29T00:00:00Z,24.22333333,38.95714286
2020-11-29T01:00:00Z,22.71833333,38.101
2020-11-29T02:00:00Z,21.68333333,37.04666667
2020-11-29T03:00:00Z,22.13,37.72533333
2020-11-29T04:00:00Z,21.32333333,36.43366667
2020-11-29T05:00:00Z,20.22666667,34.13233333
2020-11-29T06:00:00Z,19.16166667,32.12766667
2020-11-29T07:00:00Z,18.325,31.82033333
2020-11-29T08:00:00Z,20.45333333,34.435
2020-11-29T09:00:00Z,19.68666667,31.34931034
2020-11-29T10:00:00Z,18.815,30.34133333
2020-11-29T11:00:00Z,17.17333333,24.423
2020-11-29T12:00:00Z,16.86,25.308
2020-11-29T13:00:00Z,17.87333333,29.038
2020-11-29T14:00:00Z,18.25,28.21233333
2020-11-29T15:00:00Z,24.445,35.78666667
2020-11-29T16:00:00Z,28.4,37.59133333
2020-11-29T17:00:00Z,31.76166667,41.51333333
2020-11-29T18:00:00Z,36.47833333,NA
2020-11-29T19:00:00Z,39.10666667,NA
2020-11-29T20:00:00Z,36.88166667,NA
2020-11-29T21:00:00Z,36.60333333,NA
2020-11-29T22:00:00Z,34.03833333,NA
2020-11-29T23:00:00Z,34.91,NA
