Timestamp,PM2.5_Fidas200,LCS3,PM2.5_BAM1020,LCS4
4/1/2020 0:00,6.825,8.974,9,15.36
4/1/2020 1:00,7.108333333,9.389,10,24.45551724
4/1/2020 2:00,6.443333333,8.141,15,25.82448276
4/1/2020 3:00,6.763333333,9.911666667,14,14.64740741
4/1/2020 4:00,5.928333333,6.831,9,13.08111111
4/1/2020 5:00,6.066666667,6.571,5,12.5125
4/1/2020 6:00,6.813333333,7.402,8,13.35344828
4/1/2020 7:00,6.045,5.214,8,13.23444444
4/1/2020 8:00,3.445,2.282,6,12.60857143
4/1/2020 9:00,5.091666667,4.643333333,6,9.361034483
4/1/2020 10:00,6.015,4.841333333,6,3.405555556
4/1/2020 11:00,2.835,1.445333333,4,1.657777778
4/1/2020 12:00,3.088333333,1.816666667,3,2.027857143
4/1/2020 13:00,3.433333333,2.219,2,1.719
4/1/2020 14:00,3.441666667,1.939666667,1,1.983448276
4/1/2020 15:00,3.351666667,2.231333333,1,2.735517241
4/1/2020 16:00,4.195,3.192333333,1,3.180689655
4/1/2020 17:00,4.413333333,2.627,3,4.487407407
4/1/2020 18:00,5.085,4.038,2,5.642857143
4/1/2020 19:00,5.813333333,5.198666667,1,6.508571429
4/1/2020 20:00,7.995,7.718333333,2,5.884642857
4/1/2020 21:00,9.683333333,9.538,1,6.635517241
4/1/2020 22:00,8.838333333,8.206333333,0,6.787142857
4/1/2020 23:00,7.396666667,6.419333333,4,6.976785714
4/2/2020 0:00,7.118333333,6.889677419,2,5.43862069
4/2/2020 1:00,9.563333333,14.407,1,5.076428571
4/2/2020 2:00,10.43333333,14.82066667,3,6.0325
4/2/2020 3:00,10.71,14.813,6,6.918214286
4/2/2020 4:00,9.148333333,12.352,4,4.679
4/2/2020 5:00,6.263333333,7.293,2,2.819
4/2/2020 6:00,5.493333333,5.173666667,1,2.724666667
4/2/2020 7:00,6.37,5.959666667,2,3.93
4/2/2020 8:00,5.751666667,4.540666667,0,3.867931034
4/2/2020 9:00,4.32,4.642666667,-1,4.051724138
4/2/2020 10:00,7.826666667,8.221333333,1,1.889655172
4/2/2020 11:00,8.66,7.286333333,3,1.891785714
4/2/2020 12:00,5.443333333,4.537666667,5,3.003703704
4/2/2020 13:00,6.06,3.055,3,1.867857143
4/2/2020 14:00,6.431666667,2.977333333,2,2.541785714
4/2/2020 15:00,6.83,3.077333333,2,2.38
4/2/2020 16:00,8.416666667,4.058,1,2.761428571
4/2/2020 17:00,6.406666667,2.478333333,3,2.346551724
4/2/2020 18:00,7.831666667,3.116666667,4,3.047857143
4/2/2020 19:00,9.845,4.376,5,4.283793103
4/2/2020 20:00,10.59666667,4.583666667,4,3.868928571
4/2/2020 21:00,11.875,5.059333333,3,5.921333333
4/2/2020 22:00,12.11333333,5.375,5,6.710689655
4/2/2020 23:00,11.10833333,5.060666667,5,5.911034483
4/3/2020 0:00,10.13833333,4.506666667,4,3.659310345
4/3/2020 1:00,9.585,4.608333333,3,2.905517241
4/3/2020 2:00,8.993333333,3.924333333,4,4.34862069
4/3/2020 3:00,8.016666667,3.240333333,3,3.102413793
4/3/2020 4:00,7.943333333,3.848,2,2.624642857
4/3/2020 5:00,8.025,4.401333333,2,2.406428571
4/3/2020 6:00,8.705,5.055333333,4,3.38
4/3/2020 7:00,9.935,5.923333333,3,3.771428571
4/3/2020 8:00,9.206666667,5.355666667,4,4.331481481
4/3/2020 9:00,9.353333333,5.577666667,4,3.883214286
4/3/2020 10:00,7.701666667,4.388666667,2,5.402258065
4/3/2020 11:00,6.321666667,2.917,4,5.455357143
4/3/2020 12:00,5.073333333,2.267333333,5,4.882068966
4/3/2020 13:00,3.7,1.470333333,5,3.743214286
4/3/2020 14:00,4.52,2.569333333,4,3.857666667
4/3/2020 15:00,5.061666667,3.397333333,2,4.194444444
4/3/2020 16:00,4.255,2.351666667,2,4.045714286
4/3/2020 17:00,4.24,2.453,3,10.8375
4/3/2020 18:00,4.466666667,3.073,10,7.684137931
4/3/2020 19:00,5.658333333,4.897333333,7,10.03857143
4/3/2020 20:00,11.85166667,15.654,9,26.13310345
4/3/2020 21:00,11.74166667,14.157,14,19.41444444
4/3/2020 22:00,8.838333333,10.96903226,12,11.5337037
4/3/2020 23:00,9.916666667,14.877,9,16.67344828
4/4/2020 0:00,7.971666667,11.81333333,12,19.44035714
4/4/2020 1:00,4.566666667,6.355666667,9,16.67740741
4/4/2020 2:00,3.371666667,4.311333333,11,11.30172414
4/4/2020 3:00,3.22,4.350666667,7,9.945
4/4/2020 4:00,3.41,5.486,9,11.49714286
4/4/2020 5:00,4.861666667,9.897333333,7,13.43448276
4/4/2020 6:00,5.615,9.703,6,9.267931034
4/4/2020 7:00,5.091666667,7.722,6,14.2437931
4/4/2020 8:00,4.531666667,7.018333333,6,6.765555556
4/4/2020 9:00,3.496666667,4.234333333,5,7.58
4/4/2020 10:00,2.88,3.217333333,3,8.993928571
4/4/2020 11:00,5.511666667,7.838333333,6,5.040357143
4/4/2020 12:00,8.311666667,13.15266667,6,7.316428571
4/4/2020 13:00,9.59,13.66566667,6,6.081034483
4/4/2020 14:00,11.49833333,16.50333333,5,8.791034483
4/4/2020 15:00,11.605,16.18333333,7,10.80407407
4/4/2020 16:00,11.585,16.423,8,14.73166667
4/4/2020 17:00,11.07666667,14.87433333,11,19.19846154
4/4/2020 18:00,9.676666667,13.06466667,10,20.55133333
4/4/2020 19:00,13.37833333,20.90133333,7,21.81033333
4/4/2020 20:00,15.13666667,23.314,13,27.36678571
4/4/2020 21:00,11.195,16.409,15,21.11533333
4/4/2020 22:00,9.903333333,14.67433333,10,17.30821429
4/4/2020 23:00,6.926666667,9.076333333,8,18.32074074
4/5/2020 0:00,5.435,7.235666667,9,20.45
4/5/2020 1:00,5.628333333,7.601333333,13,25.30655172
4/5/2020 2:00,6.586666667,9.158333333,14,32.55142857
4/5/2020 3:00,9.321666667,15.347,16,46.53166667
4/5/2020 4:00,11.44166667,18.67733333,24,51.64034483
4/5/2020 5:00,12.85666667,21.112,20,51.14857143
4/5/2020 6:00,13.58666667,21.18633333,24,50.95642857
4/5/2020 7:00,9.981666667,13.467,22,46.81428571
4/5/2020 8:00,8.511666667,11.01766667,20,30.12285714
4/5/2020 9:00,8.491666667,11.10566667,12,24.33333333
4/5/2020 10:00,8.5,11.09133333,12,20.452
4/5/2020 11:00,8.451666667,11.12433333,11,16.59103448
4/5/2020 12:00,8.173333333,10.251,10,14.07793103
4/5/2020 13:00,7.138333333,8.267,7,15.03678571
4/5/2020 14:00,7.336666667,8.852333333,6,16.34103448
4/5/2020 15:00,7.611666667,9.882666667,9,13.96035714
4/5/2020 16:00,7.49,9.566666667,10,12.59896552
4/5/2020 17:00,8.215,11.82366667,7,13.66206897
4/5/2020 18:00,8.613333333,11.53833333,8,15.30033333
4/5/2020 19:00,8.831666667,12.96266667,8,25.91666667
4/5/2020 20:00,9.545,14.324,12,22.73166667
4/5/2020 21:00,9.223333333,13.65433333,15,19.41357143
4/5/2020 22:00,8.806666667,12.96566667,14,17.98961538
4/5/2020 23:00,9.145,13.332,9,16.5292
4/6/2020 0:00,8.67,12.63166667,9,17.22192308
4/6/2020 1:00,7.445,10.99733333,9,15.76068966
4/6/2020 2:00,5.093333333,8.456,7,14.60214286
4/6/2020 3:00,3.641666667,4.762333333,12,13.28464286
4/6/2020 4:00,3.831666667,1.446666667,8,12.87703704
4/6/2020 5:00,4.565,1.253,7,3.207142857
4/6/2020 6:00,6.271666667,1.579,6,1.168571429
4/6/2020 7:00,5.908333333,1.512,2,2.079310345
4/6/2020 8:00,6.7,1.501666667,3,2.479259259
4/6/2020 9:00,6.796666667,1.673666667,4,3.45962963
4/6/2020 10:00,4.82,2.142,4,5.135517241
4/6/2020 11:00,4.81,1.316,7,1.282758621
4/6/2020 12:00,6.323333333,1.706333333,6,1.955714286
4/6/2020 13:00,5.816666667,1.36483871,3,2.080344828
4/6/2020 14:00,5.853333333,1.802333333,4,1.940357143
4/6/2020 15:00,5.991666667,1.770666667,5,1.8725
4/6/2020 16:00,5.486666667,1.414666667,4,2.53862069
4/6/2020 17:00,5.43,1.752333333,5,2.855357143
4/6/2020 18:00,6.333333333,3.568,4,3.705357143
4/6/2020 19:00,8.678333333,7.336,3,5.904814815
4/6/2020 20:00,14.20166667,17.62866667,6,24.77321429
4/6/2020 21:00,19.30166667,26.61133333,20,17.273
4/6/2020 22:00,19.95166667,25.94366667,13,26.62821429
4/6/2020 23:00,14.16166667,17.54733333,21,18.73433333
4/7/2020 0:00,14.98,19.81533333,12,22.06344828
4/7/2020 1:00,10.40833333,11.305,12,17.36275862
4/7/2020 2:00,9.173333333,9.560666667,12,9.054642857
4/7/2020 3:00,8.275,7.882333333,7,10.64241379
4/7/2020 4:00,7.51,7.054,10,12.24928571
4/7/2020 5:00,7.595,6.903333333,8,16.61275862
4/7/2020 6:00,8.688333333,8.052,14,25.439
4/7/2020 7:00,9.436666667,6.930333333,17,34.16428571
4/7/2020 8:00,8.501666667,3.822,23,25.7662963
4/7/2020 9:00,7.605,2.978275862,18,19.70344828
4/7/2020 10:00,5.836666667,2.078387097,15,11.34107143
4/7/2020 11:00,5.421666667,2.368,9,7.448275862
4/7/2020 12:00,5.478333333,2.822,10,6.623928571
4/7/2020 13:00,7.036666667,4.421333333,7,5.773571429
4/7/2020 14:00,9.051666667,6.667,8,7.105714286
4/7/2020 15:00,8.793333333,5.747666667,7,6.391481481
4/7/2020 16:00,8.553333333,5.562333333,6,6.35137931
4/7/2020 17:00,8.131666667,5.389,8,6.9225
4/7/2020 18:00,8.243333333,6.151333333,10,12.26862069
4/7/2020 19:00,12.32666667,15.84666667,10,14.08214286
4/7/2020 20:00,22.535,29.30933333,12,13.37740741
4/7/2020 21:00,19.58,27.89133333,11,13.66321429
4/7/2020 22:00,20.58166667,30.257,14,15.90448276
4/7/2020 23:00,19.00666667,28.65966667,17,17.38962963
4/8/2020 0:00,19.00166667,29.977,12,16.11185185
4/8/2020 1:00,18.80833333,28.792,11,16.26607143
4/8/2020 2:00,12.43,16.199,9,17.48535714
4/8/2020 3:00,11.20166667,14.53233333,10,21.79137931
4/8/2020 4:00,12.865,19.81666667,10,20.23178571
4/8/2020 5:00,14.14166667,21.925,13,22.9637037
4/8/2020 6:00,15.105,20.634,14,33.7662069
4/8/2020 7:00,12.605,16.33766667,21,31.86068966
4/8/2020 8:00,13.135,15.93333333,18,28.7875
4/8/2020 9:00,12.21666667,13.31633333,20,20.83769231
4/8/2020 10:00,11.20666667,11.36166667,16,17.8556
4/8/2020 11:00,11.27666667,12.33266667,15,11.58
4/8/2020 12:00,9.621666667,10.45333333,12,9.735172414
4/8/2020 13:00,8.11,9.457,11,10.84827586
4/8/2020 14:00,9.94,12.38866667,9,13.05071429
4/8/2020 15:00,9.623333333,12.06333333,10,12.12206897
4/8/2020 16:00,12.25833333,14.74033333,7,21.9762069
4/8/2020 17:00,10.39333333,13.40033333,18,20.71142857
4/8/2020 18:00,8.376666667,10.401,10,12.89448276
4/8/2020 19:00,8.115,10.82666667,16,13.81517241
4/8/2020 20:00,6.13,8.96,10,21.48827586
4/8/2020 21:00,8.131666667,13.594,13,24.37807692
4/8/2020 22:00,15.04833333,26.80666667,17,14.77185185
4/8/2020 23:00,17.87666667,31.186,6,10.89066667
4/9/2020 0:00,18.73166667,32.94433333,5,11.60321429
4/9/2020 1:00,18.54,33.166,6,11.95666667
4/9/2020 2:00,16.8,31.554,8,13.37241379
4/9/2020 3:00,14.935,26.676,8,15.80777778
4/9/2020 4:00,12.95833333,24.00766667,9,15.25482759
4/9/2020 5:00,11.60166667,20.23666667,6,16.30214286
4/9/2020 6:00,6.193333333,7.219,6,11.68821429
4/9/2020 7:00,6.908333333,7.638333333,8,6.88
4/9/2020 8:00,6.666666667,7.481333333,6,7.239310345
4/9/2020 9:00,7.425,9.476333333,5,7.665357143
4/9/2020 10:00,7.955,10.386,4,7.054137931
4/9/2020 11:00,9.636666667,13.75709677,4,6.908148148
4/9/2020 12:00,11.04333333,16.59066667,5,6.749310345
4/9/2020 13:00,10.04833333,14.34166667,4,6.004642857
4/9/2020 14:00,10.79666667,16.249,4,6.621111111
4/9/2020 15:00,11.55666667,15.89,6,5.582413793
4/9/2020 16:00,14.15,23.62166667,4,6.915925926
4/9/2020 17:00,17.72666667,27.85633333,3,7.285172414
4/9/2020 18:00,17.26666667,27.05333333,4,10.74259259
4/9/2020 19:00,19.255,31.11166667,7,10.69482759
4/9/2020 20:00,22.59833333,35.47433333,11,12.83241379
4/9/2020 21:00,24.505,36.80933333,7,13.00296296
4/9/2020 22:00,25.185,35.898,6,12.93928571
4/9/2020 23:00,24.32166667,34.34033333,8,15.74
4/10/2020 0:00,25.575,37.54066667,6,24.37724138
4/10/2020 1:00,25.71,39.128,8,36.65655172
4/10/2020 2:00,23.63833333,37.49666667,16,41.51896552
4/10/2020 3:00,21.475,35.99333333,17,42.09615385
4/10/2020 4:00,20.20333333,34.678,22,54.70931034
4/10/2020 5:00,19.81666667,34.56566667,31,54.69461538
4/10/2020 6:00,20.03,33.75733333,27,42.44566667
4/10/2020 7:00,20.24666667,32.687,23,42.71071429
4/10/2020 8:00,21.42833333,32.69133333,20,50.3772
4/10/2020 9:00,22.54166667,32.74366667,21,46.42535714
4/10/2020 10:00,23.66,33.311,20,41.9475
4/10/2020 11:00,24.15333333,32.48966667,22,42.25035714
4/10/2020 12:00,24.45833333,31.91833333,22,39.55185185
4/10/2020 13:00,23.60833333,30.96866667,21,39.76461538
4/10/2020 14:00,23.04833333,31.159,20,40.84111111
4/10/2020 15:00,25.64,34.74233333,20,41.51214286
4/10/2020 16:00,25.58833333,34.893,23,38.13851852
4/10/2020 17:00,25.32666667,34.81533333,23,32.18928571
4/10/2020 18:00,24.51166667,34.476,21,28.92535714
4/10/2020 19:00,27.195,36.50866667,21,26.19321429
4/10/2020 20:00,30.03,39.089,23,28.76928571
4/10/2020 21:00,25.49666667,36.18333333,20,28.14392857
4/10/2020 22:00,21.3,34.72033333,27,29.05
4/10/2020 23:00,22.20166667,37.391,18,26.96571429
4/11/2020 0:00,22.00333333,35.37366667,17,29.43777778
4/11/2020 1:00,21.14,33.23166667,18,27.19766667
4/11/2020 2:00,22.85166667,34.68266667,15,23.54384615
4/11/2020 3:00,23.9,36.001,12,22.98758621
4/11/2020 4:00,25.37833333,39.104,13,26.19481481
4/11/2020 5:00,26.38833333,40.86133333,15,30.85344828
4/11/2020 6:00,27.49833333,40.90366667,16,36.53896552
4/11/2020 7:00,27.88833333,39.402,21,40.2975
4/11/2020 8:00,29.38166667,39.76433333,23,43.54448276
4/11/2020 9:00,34.17166667,42.98483871,23,46.96310345
4/11/2020 10:00,37.05166667,45.311,24,56.01172414
4/11/2020 11:00,49.61333333,55.04266667,27,60.10846154
4/11/2020 12:00,48.345,51.15533333,28,58.11482759
4/11/2020 13:00,22.67833333,32.15866667,26,50.15428571
4/11/2020 14:00,13.36,20.126,19,24.04222222
4/11/2020 15:00,6.746666667,8.811333333,15,14.36464286
4/11/2020 16:00,6.408333333,9.544666667,8,7.903571429
4/11/2020 17:00,7.766666667,12.13,4,7.515517241
4/11/2020 18:00,7.448333333,12.348,3,9.171851852
4/11/2020 19:00,8.87,16.65666667,3,25.05344828
4/11/2020 20:00,7.715,14.78166667,14,13.9837037
4/11/2020 21:00,9.233333333,19.24733333,11,19.02689655
4/11/2020 22:00,11.105,24,13,21.34448276
4/11/2020 23:00,20.885,39.08,9,23.89928571
4/12/2020 0:00,20.335,39.663,11,24.15103448
4/12/2020 1:00,19.54833333,38.846,11,24.51296296
4/12/2020 2:00,16.075,33.94533333,11,25.05571429
4/12/2020 3:00,15.92333333,33.18133333,12,29.46068966
4/12/2020 4:00,17.57,35.297,12,36.355
4/12/2020 5:00,17.35,34.21633333,21,35.31407407
4/12/2020 6:00,17.02166667,34.17666667,17,33.98407407
4/12/2020 7:00,18.22833333,35.00633333,18,45.50482759
4/12/2020 8:00,19.00833333,33.373,21,38.43714286
4/12/2020 9:00,17.69666667,31.15266667,14,41.0775
4/12/2020 10:00,16.27333333,29.227,18,40.3575
4/12/2020 11:00,15.97833333,28.10833333,15,26.59785714
4/12/2020 12:00,13.38666667,22.76633333,13,18.50172414
4/12/2020 13:00,11.74333333,20.158,13,10.20517241
4/12/2020 14:00,13.01666667,22.60466667,8,7.806206897
4/12/2020 15:00,17.11833333,28.90666667,5,3.411785714
4/12/2020 16:00,13.725,23.161,3,2.985357143
4/12/2020 17:00,9.066666667,15.923,5,7.609655172
4/12/2020 18:00,5.455,6.626333333,4,5.967241379
4/12/2020 19:00,6.041666667,6.899666667,6,5.057777778
4/12/2020 20:00,7.265,4.601666667,9,3.967666667
4/12/2020 21:00,6.711666667,2.855666667,6,2.833333333
4/12/2020 22:00,5.353333333,2.560333333,6,4.031428571
4/12/2020 23:00,2.911666667,1.135333333,5,6.122413793
4/13/2020 0:00,7.055,2.523666667,8,5.6
4/13/2020 1:00,7.911666667,2.685333333,9,5.817777778
4/13/2020 2:00,8.053333333,2.768666667,7,4.224482759
4/13/2020 3:00,7.835,2.609,6,4.323214286
4/13/2020 4:00,7.665,3.039666667,4,3.75137931
4/13/2020 5:00,7.598333333,3.017096774,4,4.279655172
4/13/2020 6:00,7.186666667,2.685333333,6,5.726071429
4/13/2020 7:00,7.265,2.993,7,5.62
4/13/2020 8:00,8.571666667,3.569666667,8,4.545714286
4/13/2020 9:00,8.295,3.889333333,5,4.834482759
4/13/2020 10:00,8.211666667,3.704,5,5.374482759
4/13/2020 11:00,7.65,3.962333333,8,5.002142857
4/13/2020 12:00,7.853333333,4.239666667,7,5.145517241
4/13/2020 13:00,7.955,5.109,5,5.126428571
4/13/2020 14:00,8.228333333,5.191666667,2,4.47862069
4/13/2020 15:00,7.883333333,5.239666667,4,4.36037037
4/13/2020 16:00,9.043333333,6.657,9,4.459655172
4/13/2020 17:00,8.378333333,5.519666667,7,6.884482759
4/13/2020 18:00,8.49,5.567333333,5,6.216071429
4/13/2020 19:00,8.245,5.856,2,6.287333333
4/13/2020 20:00,8.843333333,7.295666667,2,5.310740741
4/13/2020 21:00,9.536666667,8.530666667,6,5.635
4/13/2020 22:00,9.101666667,8.142,7,5.404137931
4/13/2020 23:00,8.351666667,7.149,5,5.679285714
4/14/2020 0:00,7.25,6.281666667,8,6.896785714
4/14/2020 1:00,7.666666667,7.049666667,7,6.088275862
4/14/2020 2:00,7.626666667,7.794,6,7.570357143
4/14/2020 3:00,7.851666667,8.068,4,12.39107143
4/14/2020 4:00,8.18,8.838,6,13.68689655
4/14/2020 5:00,8.608333333,9.573333333,7,16.01357143
4/14/2020 6:00,10.055,9.877,7,16.39103448
4/14/2020 7:00,10.87833333,10.914,8,11.23857143
4/14/2020 8:00,10.15,9.313333333,5,7.106428571
4/14/2020 9:00,10.33333333,10.21133333,1,6.626551724
4/14/2020 10:00,11.05333333,11.00733333,1,7.294285714
4/14/2020 11:00,11.51,12.20466667,3,9.713928571
4/14/2020 12:00,12.385,13.79366667,4,11.80724138
4/14/2020 13:00,13.68166667,15.90633333,7,12.15
4/14/2020 14:00,14.635,18.54633333,7,14.14275862
4/14/2020 15:00,15.53166667,19.336,12,16.35148148
4/14/2020 16:00,15.385,19.36866667,12,14.87269231
4/14/2020 17:00,15.39333333,18.952,10,14.1237037
4/14/2020 18:00,15.99833333,19.85233333,11,16.13965517
4/14/2020 19:00,17.12666667,21.89666667,9,20.00296296
4/14/2020 20:00,21.27666667,29.563,9,22.77892857
4/14/2020 21:00,25.05333333,33.52733333,14,27.49428571
4/14/2020 22:00,23.85666667,34.059,16,20.23533333
4/14/2020 23:00,21.77166667,33.35833333,12,22.36266667
4/15/2020 0:00,27.50666667,41.33466667,9,15.76730769
4/15/2020 1:00,24.94333333,39.733,8,17.69346154
4/15/2020 2:00,22.15666667,36.227,11,20.13344828
4/15/2020 3:00,20.45,34.53666667,10,24.04793103
4/15/2020 4:00,19.12833333,32.924,15,30.89344828
4/15/2020 5:00,18.17,32.65833333,14,30.52714286
4/15/2020 6:00,19.425,31.74566667,18,25.11296296
4/15/2020 7:00,21.57,32.27933333,12,20.079
4/15/2020 8:00,23.90666667,33.15266667,17,16.27517241
4/15/2020 9:00,20.45166667,27.212,8,11.87724138
4/15/2020 10:00,16.58833333,20.68666667,7,13.03642857
4/15/2020 11:00,12.815,15.10466667,10,11.17586207
4/15/2020 12:00,12.325,15.073,11,9.547777778
4/15/2020 13:00,12.515,14.41633333,9,6.867241379
4/15/2020 14:00,10.64166667,12.42466667,8,4.504333333
4/15/2020 15:00,13.58833333,17.07451613,4,4.858965517
4/15/2020 16:00,13.16666667,16.043,3,7.708148148
4/15/2020 17:00,14.78166667,18.762,4,11.60785714
4/15/2020 18:00,16.01666667,19.036,4,15.97310345
4/15/2020 19:00,16.51666667,20.06133333,5,23.858
4/15/2020 20:00,18.92166667,24.78766667,17,34.47714286
4/15/2020 21:00,19.13166667,26.605,20,32.21714286
4/15/2020 22:00,29.44833333,39.482,18,45.80607143
4/15/2020 23:00,24.90333333,34.95566667,26,50.04827586
4/16/2020 0:00,23.12,35.332,27,47.07428571
4/16/2020 1:00,22.57166667,34.84066667,23,37.45035714
4/16/2020 2:00,22.825,37.32866667,18,43.11068966
4/16/2020 3:00,19.69166667,31.65433333,22,38.31321429
4/16/2020 4:00,16.28166667,24.94066667,19,36.44214286
4/16/2020 5:00,15.87,25.48566667,15,33.75714286
4/16/2020 6:00,16.84166667,25.176,14,36.161
4/16/2020 7:00,17.31333333,24.105,18,31.80071429
4/16/2020 8:00,16.03666667,21.023,14,31.59428571
4/16/2020 9:00,15.95833333,19.937,15,30.07678571
4/16/2020 10:00,16.98166667,20.43,15,30.44321429
4/16/2020 11:00,15.95,20.25133333,17,31.85607143
4/16/2020 12:00,16.10666667,19.976,20,29.01965517
4/16/2020 13:00,15.64166667,20.749,15,19.93571429
4/16/2020 14:00,19.58,24.65866667,10,18.70857143
4/16/2020 15:00,19.49333333,24.63666667,6,19.9075
4/16/2020 16:00,22.76833333,28.77466667,6,20.89310345
4/16/2020 17:00,20.07833333,23.76566667,12,25.5862069
4/16/2020 18:00,24.41,29.804,15,28.52785714
4/16/2020 19:00,22.32666667,26.23366667,15,22.89518519
4/16/2020 20:00,14.02166667,15.794,12,18.98633333
4/16/2020 21:00,17.08,22.77633333,9,15.49142857
4/16/2020 22:00,19,27.13733333,10,14.60285714
4/16/2020 23:00,21.89166667,32.905,7,13.91785714
4/17/2020 0:00,17.165,28.938,6,10.96962963
4/17/2020 1:00,13.455,23.69366667,5,7.060357143
4/17/2020 2:00,12.675,22.87166667,4,5.533214286
4/17/2020 3:00,9.698333333,16.68366667,6,4.447857143
4/17/2020 4:00,11.86,20.50766667,2,4.9725
4/17/2020 5:00,7.386666667,11.22366667,0,4.901034483
4/17/2020 6:00,5.946666667,7.782666667,5,4.774137931
4/17/2020 7:00,8.788333333,11.659,6,4.810714286
4/17/2020 8:00,12.25833333,16.85866667,4,5.318214286
4/17/2020 9:00,18.03,27.17233333,5,6.40137931
4/17/2020 10:00,21.625,32.278,7,5.315714286
4/17/2020 11:00,24.04666667,34.41633333,10,2.108148148
4/17/2020 12:00,16.43833333,21.408,8,2.228214286
4/17/2020 13:00,18.255,25.168,4,2.518571429
4/17/2020 14:00,10.57166667,9.663666667,1,2.386896552
4/17/2020 15:00,9.314035088,8.351,0,2.503703704
4/17/2020 16:00,10.19666667,10.13666667,-1,2.837241379
4/17/2020 17:00,10.465,10.87366667,3,3.777142857
4/17/2020 18:00,10.02666667,10.975,4,4.13
4/17/2020 19:00,9.553333333,10.11466667,3,4.947666667
4/17/2020 20:00,9.958333333,10.054,5,5.322142857
4/17/2020 21:00,7.16,5.722,5,4.757241379
4/17/2020 22:00,8.043333333,8.397666667,6,4.402
4/17/2020 23:00,8.71,10.10290323,3,3.529285714
4/18/2020 0:00,7.763333333,8.201333333,1,3.702666667
4/18/2020 1:00,7.551666667,7.219333333,0,3.221111111
4/18/2020 2:00,7.323333333,5.318333333,2,3.515
4/18/2020 3:00,6.916666667,4.073,2,3.4075
4/18/2020 4:00,8.355,5.924,0,3.594827586
4/18/2020 5:00,7.675,5.236333333,-1,4.815666667
4/18/2020 6:00,7.36,6.012333333,1,5.132962963
4/18/2020 7:00,7.993333333,6.504,3,5.359333333
4/18/2020 8:00,8.865,7.639333333,7,4.085357143
4/18/2020 9:00,9.068333333,9.032,2,3.536071429
4/18/2020 10:00,10.48166667,11.256,0,3.363333333
4/18/2020 11:00,11.00833333,14.739,5,3.673333333
4/18/2020 12:00,10.06833333,16.83133333,4,3.086785714
4/18/2020 13:00,8.328333333,13.61233333,3,4.274666667
4/18/2020 14:00,8.459322034,11.92266667,9,4.176785714
4/18/2020 15:00,7.14,9.04,9,4.341428571
4/18/2020 16:00,7.51,9.213,7,3.750333333
4/18/2020 17:00,6.578333333,6.528,4,5.887857143
4/18/2020 18:00,6.741666667,6.930333333,4,9.36
4/18/2020 19:00,7.986666667,8.045,7,13.63892857
4/18/2020 20:00,7.176666667,5.558333333,8,18.12689655
4/18/2020 21:00,8.551666667,8.084666667,14,17.24964286
4/18/2020 22:00,12.08833333,18.154,9,14.23037037
4/18/2020 23:00,17.37333333,30.075,15,13.37142857
4/19/2020 0:00,19.15833333,31.919,14,12.76740741
4/19/2020 1:00,18.2,30.778,11,12.73068966
4/19/2020 2:00,19.25166667,32.93666667,8,10.01384615
4/19/2020 3:00,19.55666667,33.00233333,6,7.643103448
4/19/2020 4:00,16.94166667,27.81233333,6,5.503214286
4/19/2020 5:00,11.97833333,18.06033333,5,4.584827586
4/19/2020 6:00,7.175,8.877333333,5,4.025862069
4/19/2020 7:00,4.813333333,4.958,3,3.647407407
4/19/2020 8:00,4.836666667,4.914,5,6.439
4/19/2020 9:00,4.94,5.459666667,5,6.991071429
4/19/2020 10:00,4.246666667,4.059666667,7,6.8875
4/19/2020 11:00,6.163333333,6.089333333,6,3.813793103
4/19/2020 12:00,6.455,5.484666667,7,2.655
4/19/2020 13:00,6.926666667,5.616666667,5,2.7425
4/19/2020 14:00,4.601666667,2.703666667,4,2.586428571
4/19/2020 15:00,3.768333333,1.734,5,2.626896552
4/19/2020 16:00,4.051666667,2.062666667,3,3.586206897
4/19/2020 17:00,3.956666667,2.123,2,2.980666667
4/19/2020 18:00,5.31,3.892666667,6,6.863928571
4/19/2020 19:00,5.135,3.816,7,5.142068966
4/19/2020 20:00,4.495,2.647,6,7.962592593
4/19/2020 21:00,6.385,5.207,7,4.991666667
4/19/2020 22:00,8.143333333,6.815333333,6,5.071428571
4/19/2020 23:00,9.78,11.32766667,7,6.069230769
4/20/2020 0:00,8.406666667,9.563666667,7,7.338148148
4/20/2020 1:00,9.218333333,11.82766667,5,6.962758621
4/20/2020 2:00,10.435,13.86266667,6,6.417142857
4/20/2020 3:00,10.84,13.63266667,4,5.602962963
4/20/2020 4:00,9.856666667,12.24933333,3,4.893214286
4/20/2020 5:00,9.611666667,11.31433333,4,4.620689655
4/20/2020 6:00,10.35,10.98933333,7,4.453214286
4/20/2020 7:00,11.49482759,13.084,6,3.951071429
4/20/2020 8:00,12.69,14.74766667,6,3.510689655
4/20/2020 9:00,9.711666667,9.124,5,3.021111111
4/20/2020 10:00,7.078333333,3.518,7,2.581071429
4/20/2020 11:00,6.55,3.289333333,5,2.302222222
4/20/2020 12:00,5.636666667,2.070333333,5,2.407857143
4/20/2020 13:00,4.585,1.588,3,2.479259259
4/20/2020 14:00,4.958333333,1.752666667,4,3.443928571
4/20/2020 15:00,5.12,2.006666667,6,3.018275862
4/20/2020 16:00,5.403333333,2.315333333,3,3.340344828
4/20/2020 17:00,5.275,2.511290323,2,4.114444444
4/20/2020 18:00,4.688333333,2.425666667,2,3.779666667
4/20/2020 19:00,6.366666667,4.724333333,1,4.312857143
4/20/2020 20:00,6.385,3.524,7,4.444
4/20/2020 21:00,7.3,4.298333333,6,4.447931034
4/20/2020 22:00,7.863333333,5.134,6,4.475357143
4/20/2020 23:00,7.731666667,4.663,5,4.272413793
4/21/2020 0:00,8.238333333,5.300666667,5,4.44137931
4/21/2020 1:00,9.823333333,8.627333333,8,4.396785714
4/21/2020 2:00,10.36,8.595666667,5,4.708275862
4/21/2020 3:00,11.01833333,9.53,6,4.726071429
4/21/2020 4:00,9.623333333,6.836666667,5,5.068275862
4/21/2020 5:00,10.11333333,9.195666667,4,5.749333333
4/21/2020 6:00,11.78833333,11.76066667,4,6.061851852
4/21/2020 7:00,14.21166667,16.186,8,5.279333333
4/21/2020 8:00,12.14833333,10.76466667,6,5.851111111
4/21/2020 9:00,8.586666667,5.081333333,6,6.418518519
4/21/2020 10:00,8.476666667,5.68,9,9.148214286
4/21/2020 11:00,8.776666667,6.421,11,9.184482759
4/21/2020 12:00,10.05,7.917666667,7,9.520714286
4/21/2020 13:00,10.82833333,8.697,6,9.670344828
4/21/2020 14:00,10.85333333,9.002666667,5,9.61
4/21/2020 15:00,9.428333333,8.211,6,8.275172414
4/21/2020 16:00,10.34,10.177,6,7.347407407
4/21/2020 17:00,10.52666667,9.803666667,7,6.714137931
4/21/2020 18:00,11.625,9.874,8,8.788571429
4/21/2020 19:00,10.23166667,8.106,8,10.95814815
4/21/2020 20:00,10.69833333,8.475333333,8,11.42571429
4/21/2020 21:00,11.665,10.18533333,11,9.558965517
4/21/2020 22:00,10.76833333,9.196666667,11,8.017857143
4/21/2020 23:00,10.04666667,8.803,7,6.93
4/22/2020 0:00,9.856666667,8.659666667,5,5.693448276
4/22/2020 1:00,9.735,8.902333333,5,5.141428571
4/22/2020 2:00,10.45166667,12.08366667,7,5.490967742
4/22/2020 3:00,10.86333333,12.86166667,6,5.926785714
4/22/2020 4:00,11.36166667,13.03633333,5,6.678214286
4/22/2020 5:00,11.98166667,13.26433333,4,7.066785714
4/22/2020 6:00,12.785,12.058,5,7.734827586
4/22/2020 7:00,13.205,13.87266667,9,8.542962963
4/22/2020 8:00,15.00666667,16.20333333,8,9.707142857
4/22/2020 9:00,15.2877193,15.40266667,9,11.45178571
4/22/2020 10:00,12.97166667,11.68933333,9,14.1
4/22/2020 11:00,12.85833333,12.696,7,15.05857143
4/22/2020 12:00,13.04166667,12.853,,16.41233333
4/22/2020 13:00,12.945,13.75466667,,19.205
4/22/2020 14:00,13.33833333,14.417,19,18.02689655
4/22/2020 15:00,13.035,14.20133333,11,15.94296296
4/22/2020 16:00,13.31833333,14.68066667,9,14.25214286
4/22/2020 17:00,13.35666667,15.169,8,13.43466667
4/22/2020 18:00,14.11833333,15.52933333,10,28.54035714
4/22/2020 19:00,13.82666667,15.382,15,15.90793103
4/22/2020 20:00,14.435,16.00666667,11,17.82344828
4/22/2020 21:00,14.47333333,16.74466667,14,13.5225
4/22/2020 22:00,15.16166667,18.53733333,10,10.87206897
4/22/2020 23:00,14.48166667,17.783,6,9.167037037
4/23/2020 0:00,14.70166667,19.38,6,8.366071429
4/23/2020 1:00,13.37166667,19.19266667,10,8.516428571
4/23/2020 2:00,11.02,15.63333333,7,10.50461538
4/23/2020 3:00,10.29333333,14.766,8,13.86518519
4/23/2020 4:00,11.07,16.876,8,15.72310345
4/23/2020 5:00,9.858333333,14.53633333,7,14.20964286
4/23/2020 6:00,9.08,11.525,6,12.35034483
4/23/2020 7:00,8.748333333,10.074,5,11.8037931
4/23/2020 8:00,7.798333333,7.924,6,9.09962963
4/23/2020 9:00,9.28,10.679,11,8.423928571
4/23/2020 10:00,9.473333333,10.44833333,7,8.329285714
4/23/2020 11:00,8.978333333,9.791,5,7.279285714
4/23/2020 12:00,8.826666667,10.31933333,6,7.857931034
4/23/2020 13:00,8.915,10.334,8,8.440740741
4/23/2020 14:00,13.14666667,17.30133333,7,9.358571429
4/23/2020 15:00,84.88666667,80.46733333,7,8.441
4/23/2020 16:00,118.8066667,111.8273333,5,8.924285714
4/23/2020 17:00,200.515,153.86,9,8.952333333
4/23/2020 18:00,17.63166667,19.42483871,8,10.04321429
4/23/2020 19:00,11.07333333,15.24533333,6,11.97068966
4/23/2020 20:00,11.98833333,18.45666667,8,15.36444444
4/23/2020 21:00,11.38,17.66966667,16,15.01793103
4/23/2020 22:00,12.16166667,18.795,5,16.07407407
4/23/2020 23:00,11.17833333,18.66133333,5,35.38035714
4/24/2020 0:00,13.67166667,23.39033333,16,85.76821429
4/24/2020 1:00,13.515,24.70733333,26,103.1674074
4/24/2020 2:00,13.615,26.45533333,37,106.6236667
4/24/2020 3:00,12.695,23.28833333,34,108.4544444
4/24/2020 4:00,10.08,19.09366667,35,99.35166667
4/24/2020 5:00,9.911666667,15.37566667,31,84.05655172
4/24/2020 6:00,9.4,11.344,26,81.9637931
4/24/2020 7:00,7.828333333,9.870333333,23,79.87464286
4/24/2020 8:00,6.08,6.831333333,30,63.09888889
4/24/2020 9:00,7.115,7.995666667,28,38.22214286
4/24/2020 10:00,9.963333333,11.32233333,17,24.67233333
4/24/2020 11:00,10.78166667,12.651,17,8.276896552
4/24/2020 12:00,10.59666667,12.466,6,5.820714286
4/24/2020 13:00,10.87,12.57666667,5,5.796071429
4/24/2020 14:00,9.833333333,11.58,4,5.979310345
4/24/2020 15:00,10.52333333,12.808,4,7.687142857
4/24/2020 16:00,9.65,12.10433333,5,14.61966667
4/24/2020 17:00,8.938333333,10.884,11,11.61296296
4/24/2020 18:00,8.398333333,9.698333333,9,19.05133333
4/24/2020 19:00,11.01833333,16.55466667,9,24.26535714
4/24/2020 20:00,15.83333333,26.678,9,30.96482759
4/24/2020 21:00,14.62608696,25.65933333,15,32.73740741
4/24/2020 22:00,,29.12933333,10,30.87241379
4/24/2020 23:00,,40.08733333,11,32.81607143
4/25/2020 0:00,,28.23933333,10,34.50535714
4/25/2020 1:00,,22.33166667,16,32.86137931
4/25/2020 2:00,,26.758,9,37.51925926
4/25/2020 3:00,,31.35433333,8,39.62703704
4/25/2020 4:00,,30.338,15,50.11566667
4/25/2020 5:00,,26.629,24,53.971
4/25/2020 6:00,,20.74066667,24,59.27862069
4/25/2020 7:00,,25.81833333,29,65.40857143
4/25/2020 8:00,,21.38533333,34,63.44464286
4/25/2020 9:00,,22.25866667,30,69.94074074
4/25/2020 10:00,,22.59266667,35,73
4/25/2020 11:00,,22.701,38,68.77678571
4/25/2020 12:00,,21.941,34,46.07178571
4/25/2020 13:00,,20.41066667,18,33.58857143
4/25/2020 14:00,,19.37533333,14,25.36392857
4/25/2020 15:00,,18.40233333,11,22.5237037
4/25/2020 16:00,,17.45733333,8,20.76733333
4/25/2020 17:00,,17.91933333,12,20.74586207
4/25/2020 18:00,,21.56433333,9,16.55035714
4/25/2020 19:00,,24.014,8,25.35482759
4/25/2020 20:00,,30.836,11,31.50035714
4/25/2020 21:00,,35.757,11,33.94785714
4/25/2020 22:00,,32.94966667,11,34.63285714
4/25/2020 23:00,,33.204,16,33.25344828
4/26/2020 0:00,,33.08433333,13,33.34827586
4/26/2020 1:00,,33.79933333,11,35.36266667
4/26/2020 2:00,,31.52266667,14,35.95833333
4/26/2020 3:00,,31.615,17,35.38137931
4/26/2020 4:00,,32.71733333,15,35.57407407
4/26/2020 5:00,,34.73966667,15,38.11357143
4/26/2020 6:00,,38.09866667,15,45.09964286
4/26/2020 7:00,,46.03966667,17,62.60107143
4/26/2020 8:00,,50.50833333,28,73.57758621
4/26/2020 9:00,,50.959,30,54.4825
4/26/2020 10:00,,51.06933333,22,40.06178571
4/26/2020 11:00,,48.257,20,42.25107143
4/26/2020 12:00,,42.62033333,23,53.09464286
4/26/2020 13:00,,39.84233333,25,54.77642857
4/26/2020 14:00,,43.14666667,24,50.37518519
4/26/2020 15:00,,35.592,18,51.35724138
4/26/2020 16:00,,30.58966667,23,51.36964286
4/26/2020 17:00,,19.04566667,23,52.32642857
4/26/2020 18:00,,21.08766667,29,39.23518519
4/26/2020 19:00,,18.41066667,18,35.30074074
4/26/2020 20:00,,12.115,18,28.74357143
4/26/2020 21:00,,9.074666667,15,18.245
4/26/2020 22:00,,5.330333333,9,9.746551724
4/26/2020 23:00,,2.470666667,6,3.782142857
4/27/2020 0:00,,1.319666667,4,2.831071429
4/27/2020 1:00,,0.837333333,3,3.8125
4/27/2020 2:00,,0.773666667,2,2.773666667
4/27/2020 3:00,,1.012,1,2.811666667
4/27/2020 4:00,,1.541666667,1,2.823703704
4/27/2020 5:00,,1.656,0,2.078888889
4/27/2020 6:00,,1.412666667,1,2.4125
4/27/2020 7:00,,1.115,1,2.585172414
4/27/2020 8:00,,1.699666667,1,3.141724138
4/27/2020 9:00,2.414285714,1.593,3,5.177241379
4/27/2020 10:00,3.106666667,1.801,5,4.62137931
4/27/2020 11:00,2.943333333,2.119333333,3,3.34962963
4/27/2020 12:00,3.468333333,1.91,0,2.688571429
4/27/2020 13:00,2.676666667,1.99,0,2.772413793
4/27/2020 14:00,2.523333333,1.765333333,1,3.216
4/27/2020 15:00,2.286666667,1.472666667,3,3.202758621
4/27/2020 16:00,3.086666667,1.815,2,5.063103448
4/27/2020 17:00,3.461666667,2.245666667,4,3.335357143
4/27/2020 18:00,2.896666667,1.754333333,3,2.683703704
4/27/2020 19:00,2.885,2.142333333,0,3.38
4/27/2020 20:00,3.385,3.159333333,0,8.965172414
4/27/2020 21:00,4.381666667,5.586,6,5.725517241
4/27/2020 22:00,6.11,9.676666667,6,3.735172414
4/27/2020 23:00,9.713333333,16.878,6,4.36
4/28/2020 0:00,6.08,8.205666667,5,5.041
4/28/2020 1:00,3.703333333,4.556666667,3,7.086896552
4/28/2020 2:00,4.648333333,6.475666667,2,4.576
4/28/2020 3:00,5.96,9.89,1,4.398148148
4/28/2020 4:00,8.088333333,16.225,-1,4.046551724
4/28/2020 5:00,8.391666667,14.664,0,5.348928571
4/28/2020 6:00,5.7,9.911,4,6.914615385
4/28/2020 7:00,5.453333333,9.325666667,5,6.983225806
4/28/2020 8:00,4.668333333,7.958666667,4,6.792592593
4/28/2020 9:00,8.386666667,17.808,5,6.98137931
4/28/2020 10:00,10.56166667,19.96066667,4,4.8075
4/28/2020 11:00,9.27,17.31466667,4,5.377407407
4/28/2020 12:00,9.463333333,17.167,5,4.799285714
4/28/2020 13:00,9.346666667,16.512,5,4.796896552
4/28/2020 14:00,8.546666667,16.64966667,9,4.922592593
4/28/2020 15:00,8.385,14.99966667,7,5.067931034
4/28/2020 16:00,4.715,8.078,4,4.789655172
4/28/2020 17:00,4.436666667,8.809666667,5,4.458928571
4/28/2020 18:00,3.728333333,8.683333333,4,4.462333333
4/28/2020 19:00,3.558333333,7.641666667,5,5.957857143
4/28/2020 20:00,4.405,10.87233333,3,6.999310345
4/28/2020 21:00,3.683333333,7.802,2,5.363666667
4/28/2020 22:00,2.795,6.253333333,3,6.993793103
4/28/2020 23:00,3.075,7.04,4,6.680666667
4/29/2020 0:00,3.363333333,7.612,6,8.747142857
4/29/2020 1:00,2.535,4.78,6,9.484074074
4/29/2020 2:00,1.578333333,2.704,6,11.45296296
4/29/2020 3:00,1.881666667,3.754333333,5,16.32
4/29/2020 4:00,2.658333333,5.346666667,9,9.589
4/29/2020 5:00,3.325,6.203333333,6,8.960357143
4/29/2020 6:00,4.446666667,8.163333333,4,7.995
4/29/2020 7:00,4.605,8.882666667,8,7.597857143
4/29/2020 8:00,4.185,7.591666667,7,7.635517241
4/29/2020 9:00,3.428333333,6.011,6,30.32518519
4/29/2020 10:00,3.21,5.942,13,10.53724138
4/29/2020 11:00,4.831666667,9.974,9,15.48107143
4/29/2020 12:00,6.231666667,13.14933333,7,9.864285714
4/29/2020 13:00,6.591666667,14.14366667,8,12.409
4/29/2020 14:00,6.13,13.264,6,17.98384615
4/29/2020 15:00,5.451666667,13.03333333,11,21.29137931
4/29/2020 16:00,5.366666667,12.154,14,21.06103448
4/29/2020 17:00,3.52,5.478333333,11,26.00344828
4/29/2020 18:00,3.013333333,3.013666667,15,31.14107143
4/29/2020 19:00,4.25,4.747666667,10,34.27481481
4/29/2020 20:00,6.548333333,8.05,17,37.77714286
4/29/2020 21:00,7.26,10.57933333,18,42.83931034
4/29/2020 22:00,6.351666667,7.536333333,17,48.09214286
4/29/2020 23:00,4.856666667,3.694666667,20,46.51037037
4/30/2020 0:00,4.001666667,2.660666667,16,51.8737931
4/30/2020 1:00,3.576666667,2.402666667,17,39.61428571
4/30/2020 2:00,2.698333333,0.985666667,11,26.11666667
4/30/2020 3:00,2.618333333,0.528,8,8.196896552
4/30/2020 4:00,2.931666667,0.722,8,4.461851852
4/30/2020 5:00,3.125,0.907666667,5,4.068888889
4/30/2020 6:00,3.423333333,1.166129032,2,2.407241379
4/30/2020 7:00,3.406666667,1.204,2,2.675714286
4/30/2020 8:00,3.646666667,1.505,4,4.203928571
4/30/2020 9:00,4.103333333,2.034666667,6,3.139310345
4/30/2020 10:00,3.596666667,1.811333333,5,4.038846154
4/30/2020 11:00,2.95,1.702333333,6,3.248928571
4/30/2020 12:00,2.326666667,1.218,4,3.419333333
4/30/2020 13:00,1.771666667,1.31,4,3.338571429
4/30/2020 14:00,1.79,1.662333333,4,3.533103448
4/30/2020 15:00,2.22,3.142666667,3,2.180740741
4/30/2020 16:00,2.251666667,2.996666667,0,3.720769231
4/30/2020 17:00,3.216666667,4.759,2,4.597666667
4/30/2020 18:00,2.446666667,3.633666667,4,6.313214286
4/30/2020 19:00,3.83,6.498333333,6,10.76076923
4/30/2020 20:00,3.368333333,4.505,8,15.58214286
4/30/2020 21:00,3.421666667,4.857,8,15.22833333
4/30/2020 22:00,2.486666667,3.789333333,7,7.710689655
4/30/2020 23:00,3.221666667,4.566,4,5.672857143
5/1/2020 0:00,2.825,4.758666667,1,8.851428571
5/1/2020 1:00,2.546666667,6.323333333,4,10.62962963
5/1/2020 2:00,3.528333333,6.620333333,7,13.38758621
5/1/2020 3:00,3.103333333,5.181333333,6,12.27
5/1/2020 4:00,4.13,7.145333333,7,7.648148148
5/1/2020 5:00,5.69,11.15633333,6,5.872413793
5/1/2020 6:00,6.508333333,13.84066667,4,6.757931034
5/1/2020 7:00,7.136666667,15.40033333,5,8.213571429
5/1/2020 8:00,5.236666667,10.12333333,4,15.16642857
5/1/2020 9:00,3.901666667,6.275,8,16.29142857
5/1/2020 10:00,2.481666667,3.156333333,9,15.19333333
5/1/2020 11:00,3.068333333,4.22,9,6.753
5/1/2020 12:00,3.131666667,4.062666667,5,4.587241379
5/1/2020 13:00,3.403333333,4.072333333,3,8.368928571
5/1/2020 14:00,3.253333333,3.431333333,3,8.196785714
5/1/2020 15:00,2.491666667,2.345333333,3,7.313703704
5/1/2020 16:00,2.823333333,2.856333333,1,7.53862069
5/1/2020 17:00,2.905,2.918,1,7.127241379
5/1/2020 18:00,3.453333333,3.817666667,2,8.734285714
5/1/2020 19:00,3.78,5.501,3,10.93142857
5/1/2020 20:00,4.631666667,6.819333333,5,8.925172414
5/1/2020 21:00,6.668333333,12.31466667,5,6.246785714
5/1/2020 22:00,6.813333333,10.62733333,5,4.584074074
5/1/2020 23:00,4.828333333,5.672333333,5,3.434
5/2/2020 0:00,4.538333333,6.558666667,3,3.105517241
5/2/2020 1:00,3.486666667,5.397666667,1,3.386296296
5/2/2020 2:00,3.421666667,4.934333333,-1,4.240689655
5/2/2020 3:00,3.701666667,6.049,0,4.993793103
5/2/2020 4:00,3.775,5.031,2,6.427586207
5/2/2020 5:00,3.915,4.878,2,7.475714286
5/2/2020 6:00,4.073333333,4.201333333,0,8.5825
5/2/2020 7:00,4.891666667,6.287333333,-1,7.480740741
5/2/2020 8:00,4.905,7.777666667,1,7.56
5/2/2020 9:00,4.77,6.739333333,4,5.047857143
5/2/2020 10:00,4.715,6.099666667,4,4.246551724
5/2/2020 11:00,4.118333333,3.867,1,5.077142857
5/2/2020 12:00,3.6,2.794666667,2,4.350714286
5/2/2020 13:00,3.658333333,2.973333333,4,4.882857143
5/2/2020 14:00,3.738333333,3.272,4,3.389642857
5/2/2020 15:00,3.506666667,3.142333333,1,3.902413793
5/2/2020 16:00,3.693333333,2.888333333,3,3.8
5/2/2020 17:00,3.971666667,3.162333333,5,6.453448276
5/2/2020 18:00,3.898333333,3.024666667,3,8.298965517
5/2/2020 19:00,3.891666667,3.885,3,9.758928571
5/2/2020 20:00,4.613333333,5.255333333,5,13.34785714
5/2/2020 21:00,5.946666667,8.293333333,10,12.10965517
5/2/2020 22:00,7.643333333,14.41133333,6,14.91464286
5/2/2020 23:00,13.88833333,28.75066667,7,27.19285714
5/3/2020 0:00,14.30666667,27.64133333,12,25.59206897
5/3/2020 1:00,12.635,23.96566667,11,23.43758621
5/3/2020 2:00,9.526666667,16.873,7,22.01821429
5/3/2020 3:00,5.091666667,7.636333333,9,22.65
5/3/2020 4:00,4.575,6.456666667,10,22.06214286
5/3/2020 5:00,4.125,6.966666667,11,19.36
5/3/2020 6:00,6.011666667,11.12533333,7,15.30535714
5/3/2020 7:00,8.78,16.211,7,17.922
5/3/2020 8:00,9.186666667,14.43333333,10,22.35366667
5/3/2020 9:00,7.078333333,9.813666667,12,35.90857143
5/3/2020 10:00,7.333333333,11.11366667,18,36.29466667
5/3/2020 11:00,7.796666667,12.41933333,15,35.25172414
5/3/2020 12:00,6.491666667,9.134666667,14,32.12535714
5/3/2020 13:00,6.17,8.580666667,12,33.99703704
5/3/2020 14:00,5.343333333,6.851,14,38.32896552
5/3/2020 15:00,4.221666667,4.970666667,21,29.16233333
5/3/2020 16:00,4.245,5.613333333,14,26.575
5/3/2020 17:00,4.71,6.415333333,11,29.94
5/3/2020 18:00,5.401666667,7.948,13,33.73827586
5/3/2020 19:00,8.151666667,13.99733333,15,37.25107143
5/3/2020 20:00,12.90333333,24.712,15,38.48266667
5/3/2020 21:00,15.77333333,28.659,17,43.59185185
5/3/2020 22:00,9.553333333,18.103,14,43.69857143
5/3/2020 23:00,9.036666667,18.301,18,46.02931034
5/4/2020 0:00,13.60333333,26.812,15,39.52964286
5/4/2020 1:00,16.51166667,31.874,12,41.85892857
5/4/2020 2:00,16.19166667,33.052,15,40.07413793
5/4/2020 3:00,17.41666667,34.17,14,49.45433333
5/4/2020 4:00,16.72333333,35.438,17,50.12758621
5/4/2020 5:00,20.17666667,40.71366667,20,50.52827586
5/4/2020 6:00,26.69,42.20066667,21,52.70931034
5/4/2020 7:00,20.30166667,32.98666667,15,49.08814815
5/4/2020 8:00,15.23833333,23.81666667,20,37.58896552
5/4/2020 9:00,11.44333333,20.547,12,17.43107143
5/4/2020 10:00,13.32166667,22.13666667,12,16.69107143
5/4/2020 11:00,13.97,21.11566667,11,20.79275862
5/4/2020 12:00,12.025,21.408,16,15.29896552
5/4/2020 13:00,12.43,17.96133333,3,10.68777778
5/4/2020 14:00,9.445,15.62566667,3,12.57678571
5/4/2020 15:00,10.265,18.30733333,4,12.88964286
5/4/2020 16:00,9.797959184,17.352,8,7.426666667
5/4/2020 17:00,10.71833333,16.73733333,7,5.391481481
5/4/2020 18:00,9.103333333,15.06533333,4,7.633928571
5/4/2020 19:00,8.096666667,11.75666667,5,11.87392857
5/4/2020 20:00,5.39,7.824,7,15.47392857
5/4/2020 21:00,5.37,9.838,8,14.38111111
5/4/2020 22:00,6.875,13.89966667,8,14.79678571
5/4/2020 23:00,9.091666667,16.69333333,9,15.65
5/5/2020 0:00,6.221666667,11.13833333,6,14.84407407
5/5/2020 1:00,6.476666667,11.47166667,6,13.06357143
5/5/2020 2:00,7.043333333,12.49333333,6,12.14
5/5/2020 3:00,9.406666667,19.21766667,6,12.61518519
5/5/2020 4:00,11.06,22.94966667,9,14.53689655
5/5/2020 5:00,9.971666667,18.19866667,9,14.3637037
5/5/2020 6:00,5.745,7.134,6,11.59285714
5/5/2020 7:00,5.243333333,4.046666667,5,6.931481481
5/5/2020 8:00,11.935,4.450666667,8,4.429333333
5/5/2020 9:00,5.093333333,2.448333333,5,3.05
5/5/2020 10:00,5.61,3.013666667,4,3.508214286
5/5/2020 11:00,5.361666667,2.916333333,5,3.303333333
5/5/2020 12:00,5.5,3.140666667,5,3.557777778
5/5/2020 13:00,4.681666667,3.728,4,4.441724138
5/5/2020 14:00,5.986666667,3.426,0,4.626206897
5/5/2020 15:00,4.86,3.624,1,5.091481481
5/5/2020 16:00,5.036666667,4.187666667,2,4.632068966
5/5/2020 17:00,4.845,4.523666667,2,3.381428571
5/5/2020 18:00,4.99,4.886666667,3,2.954642857
5/5/2020 19:00,4.888333333,4.902333333,3,3.644285714
5/5/2020 20:00,5.175,5.537,4,5.963928571
5/5/2020 21:00,5.071666667,5.850333333,3,14.04740741
5/5/2020 22:00,5.49,7.182333333,3,24.16827586
5/5/2020 23:00,5.445,6.695666667,7,15.0125
5/6/2020 0:00,4.233333333,4.743666667,6,11.90758621
5/6/2020 1:00,3.46,3.721666667,3,11.08413793
5/6/2020 2:00,3.528333333,4.003333333,3,11.26357143
5/6/2020 3:00,4.001666667,4.710666667,3,12.00642857
5/6/2020 4:00,3.995,5.156333333,5,14.95571429
5/6/2020 5:00,4.666666667,6.037666667,2,16.97607143
5/6/2020 6:00,5.693333333,6.448,1,17.72533333
5/6/2020 7:00,9.285,6.319,5,12.49344828
5/6/2020 8:00,15.87166667,7.967,9,10.55
5/6/2020 9:00,7.595,5.996666667,6,14.27928571
5/6/2020 10:00,16.96666667,6.390666667,6,14.84275862
5/6/2020 11:00,12.02,7.479666667,7,16.67178571
5/6/2020 12:00,9.306666667,7.03,9,18.81551724
5/6/2020 13:00,9.883333333,7.698,14,18.18259259
5/6/2020 14:00,10.56,7.826,10,16.86642857
5/6/2020 15:00,6.515,6.848333333,13,16.43785714
5/6/2020 16:00,6.523333333,7.181666667,9,16.24964286
5/6/2020 17:00,6.86,7.794,6,17.84709677
5/6/2020 18:00,7.128333333,8.203,10,17.33107143
5/6/2020 19:00,7.78,9.956333333,9,14.06103448
5/6/2020 20:00,12.38,18.49866667,9,16.0762963
5/6/2020 21:00,12.695,16.833,8,17.8624
5/6/2020 22:00,11.43666667,14.557,7,18.75413793
5/6/2020 23:00,10.12,13,6,21.187
5/7/2020 0:00,10.55,14.93366667,5,26.52275862
5/7/2020 1:00,,16.28366667,7,28.37
5/7/2020 2:00,,18.94333333,13,33.9837931
5/7/2020 3:00,,19.20366667,19,28.16931034
5/7/2020 4:00,,22.93,10,24.74888889
5/7/2020 5:00,,24.407,11,27.893
5/7/2020 6:00,,24.407,12,31.2725
5/7/2020 7:00,,21.56466667,15,33.55814815
5/7/2020 8:00,24.3,22.63333333,15,33.23517241
5/7/2020 9:00,19.04333333,23.22451613,12,32.1037931
5/7/2020 10:00,17.3,19.81066667,12,32.05592593
5/7/2020 11:00,23.33,17.03466667,23,26.87266667
5/7/2020 12:00,18.88,15.84333333,13,19.456
5/7/2020 13:00,20.58333333,16.263,11,18.18153846
5/7/2020 14:00,10.02333333,11.906,11,18.49961538
5/7/2020 15:00,9.688333333,11.146,10,13.80607143
5/7/2020 16:00,8.498333333,10.05533333,9,12.10678571
5/7/2020 17:00,5.903333333,6.823666667,7,13.39642857
5/7/2020 18:00,6.306666667,8.097,8,15.16214286
5/7/2020 19:00,7.67,11.24766667,7,24.33928571
5/7/2020 20:00,10.17166667,15.35366667,14,27.08814815
5/7/2020 21:00,14.56166667,24.33233333,19,36.64642857
5/7/2020 22:00,15.77666667,28.43166667,20,34.32928571
5/7/2020 23:00,19.22166667,35.86566667,16,43.50107143
5/8/2020 0:00,21.22166667,38.13366667,22,47.79892857
5/8/2020 1:00,17.125,28.54033333,24,50.00137931
5/8/2020 2:00,18.58166667,34.50966667,19,44.65689655
5/8/2020 3:00,21.83166667,37.12933333,23,31.97407407
5/8/2020 4:00,21.65,37.01033333,14,28.38482759
5/8/2020 5:00,16.045,27.186,12,25.87571429
5/8/2020 6:00,10.5,16.909,17,19.28633333
5/8/2020 7:00,8.111666667,7.185333333,5,9.526071429
5/8/2020 8:00,6.286666667,7.308,5,5.4325
5/8/2020 9:00,8.816666667,12.11466667,4,3.687857143
5/8/2020 10:00,9.068333333,12.88266667,4,2.891785714
5/8/2020 11:00,10.545,15.445,3,3.593793103
5/8/2020 12:00,12.50333333,19.52066667,2,3.586666667
5/8/2020 13:00,12.60166667,18.60733333,2,2.758571429
5/8/2020 14:00,15.55166667,23.95466667,1,2.675172414
5/8/2020 15:00,16.70333333,23.897,3,3.884827586
5/8/2020 16:00,8.563333333,9.216333333,7,4.898928571
5/8/2020 17:00,3.863333333,3.639,7,3.330344828
5/8/2020 18:00,3.05,2.723333333,4,14.55758621
5/8/2020 19:00,4.268333333,5.368333333,7,24.27178571
5/8/2020 20:00,8.77,15.34733333,8,37.11111111
5/8/2020 21:00,16.84333333,31.69366667,20,38.26
5/8/2020 22:00,23.44666667,39.479,16,50.37965517
5/8/2020 23:00,24.11333333,40.418,25,44.67214286
5/9/2020 0:00,22.715,39.64033333,22,39.88535714
5/9/2020 1:00,19.295,35.66533333,14,34.70107143
5/9/2020 2:00,15.31666667,30.882,17,35.74185185
5/9/2020 3:00,15.4,32.334,15,35.32892857
5/9/2020 4:00,17.96,36.25566667,15,27.31357143
5/9/2020 5:00,17.46166667,33.903,13,13.85464286
5/9/2020 6:00,16.03833333,31.20333333,8,13.07607143
5/9/2020 7:00,12.135,18.10133333,6,12.9037931
5/9/2020 8:00,7.505,9.830333333,5,14.158
5/9/2020 9:00,5.023333333,6.164333333,9,19.26166667
5/9/2020 10:00,4.58,5.761666667,8,20.55766667
5/9/2020 11:00,3.583333333,3.753666667,12,16.88518519
5/9/2020 12:00,3.386666667,3.63,10,15.50428571
5/9/2020 13:00,4.566666667,5.469,10,20.94
5/9/2020 14:00,4.318333333,4.468333333,15,19.12407407
5/9/2020 15:00,3.955,4.131666667,8,19.15310345
5/9/2020 16:00,4.655,5.626666667,13,28.33068966
5/9/2020 17:00,5.67,7.880333333,17,37.48607143
5/9/2020 18:00,6.423333333,8.877333333,20,44.72678571
5/9/2020 19:00,7.08,8.945,19,69.97034483
5/9/2020 20:00,7.05,9.009666667,34,79.92482759
5/9/2020 21:00,7.256666667,11.34266667,38,89.205
5/9/2020 22:00,10.07666667,17.42033333,39,100.3682759
5/9/2020 23:00,8.42,15.78333333,45,108.8023333
5/10/2020 0:00,9.968333333,19.37466667,50,99.31366667
5/10/2020 1:00,9.341666667,16.76566667,39,90.65321429
5/10/2020 2:00,8.478333333,16.28933333,38,18.49
5/10/2020 3:00,10.15833333,21.08866667,8,7.905714286
5/10/2020 4:00,10.15333333,15.01933333,5,3.803571429
5/10/2020 5:00,6.538333333,4.767666667,0,3.158148148
5/10/2020 6:00,5.625,2.469666667,0,1.193214286
5/10/2020 7:00,2.953333333,1.045333333,5,1.230357143
5/10/2020 8:00,3.925,0.681666667,3,1.261428571
5/10/2020 9:00,2.803333333,0.782333333,-1,1.546785714
5/10/2020 10:00,2.825,1.372333333,0,1.972758621
5/10/2020 11:00,3.568333333,1.985666667,2,3.000714286
5/10/2020 12:00,3.888333333,1.948666667,4,3.334642857
5/10/2020 13:00,5.506666667,2.207,1,3.547407407
5/10/2020 14:00,5.921666667,2.372666667,1,3.154285714
5/10/2020 15:00,6.833333333,2.419666667,1,3.517931034
5/10/2020 16:00,5.625,2.538,0,3.335
5/10/2020 17:00,6,2.958,1,3.398709677
5/10/2020 18:00,5.541666667,2.758333333,0,3.064137931
5/10/2020 19:00,5.271666667,2.477333333,-1,2.77
5/10/2020 20:00,4.36,1.937666667,-1,2.784615385
5/10/2020 21:00,4.613333333,2.068,2,2.09
5/10/2020 22:00,4.333333333,1.634333333,3,1.808965517
5/10/2020 23:00,4.498333333,1.981666667,1,2.179642857
5/11/2020 0:00,4.765,2.209333333,0,2.293571429
5/11/2020 1:00,4.633333333,2.026333333,0,2.265714286
5/11/2020 2:00,4.383333333,1.692,2,2.362857143
5/11/2020 3:00,4.71,1.957333333,3,1.981111111
5/11/2020 4:00,4.523333333,2.337666667,1,2.071111111
5/11/2020 5:00,4.296666667,2.081,-2,2.335185185
5/11/2020 6:00,4.748333333,1.815333333,-2,2.831428571
5/11/2020 7:00,4.366666667,1.702333333,-2,2.181851852
5/11/2020 8:00,4.328333333,1.579,4,2.391428571
5/11/2020 9:00,5.673333333,2.201666667,4,2.669655172
5/11/2020 10:00,25.74166667,24.66266667,5,2.83037037
5/11/2020 11:00,96.7,77.53533333,4,5.566071429
5/11/2020 12:00,,28.67266667,3,3.203333333
5/11/2020 13:00,,12.02566667,0,2.957241379
5/11/2020 14:00,,2.266333333,-1,3.710666667
5/11/2020 15:00,,1.718666667,0,3.338928571
5/11/2020 16:00,,1.954333333,1,3.014074074
5/11/2020 17:00,,2.293666667,-1,2.966896552
5/11/2020 18:00,,2.934333333,1,4.576428571
5/11/2020 19:00,,3.698333333,6,3.860357143
5/11/2020 20:00,,4.936666667,4,9.19
5/11/2020 21:00,,10.837,2,14.73275862
5/11/2020 22:00,,20.40766667,9,12.60714286
5/11/2020 23:00,,22.60033333,9,10.0862069
5/12/2020 0:00,13.58135593,24.05966667,5,11.01407407
5/12/2020 1:00,11.785,19.713,3,13.72233333
5/12/2020 2:00,9.855,16.934,3,16.2804
5/12/2020 3:00,7.96,13.03433333,4,9.928965517
5/12/2020 4:00,7.5,13.18633333,3,7.813571429
5/12/2020 5:00,7.958333333,13.38133333,3,6.493666667
5/12/2020 6:00,8.495,17.7,3,5.323571429
5/12/2020 7:00,10.765,14.816,2,3.881071429
5/12/2020 8:00,33.68333333,17.68833333,1,2.96862069
5/12/2020 9:00,4.543333333,4.222333333,-2,4.256551724
5/12/2020 10:00,4.493333333,3.401333333,0,3.251481481
5/12/2020 11:00,5.335,4.892333333,0,3.468965517
5/12/2020 12:00,7.451666667,15.10933333,-1,4.005
5/12/2020 13:00,4.768333333,3.026666667,0,3.388965517
5/12/2020 14:00,8.013333333,7.337666667,0,2.998571429
5/12/2020 15:00,10.03166667,10.66233333,-1,4.437857143
5/12/2020 16:00,7.561666667,4.031,-2,3.387857143
5/12/2020 17:00,5.596666667,3.811333333,-1,3.907241379
5/12/2020 18:00,5.77,3.466666667,1,4.743448276
5/12/2020 19:00,5.896666667,3.646,1,20.885
5/12/2020 20:00,6.09,4.635333333,14,2.573571429
5/12/2020 21:00,6.59,5.783,7,0.973448276
5/12/2020 22:00,6.073333333,5.491333333,-2,1.72
5/12/2020 23:00,4.355,3.878666667,-3,1.413928571
5/13/2020 0:00,2.708333333,2.153666667,2,1.70962963
5/13/2020 1:00,2.791666667,1.518666667,-1,1.127241379
5/13/2020 2:00,3.078333333,1.712,-3,1.1275
5/13/2020 3:00,2.695,1.235666667,0,1.513793103
5/13/2020 4:00,3.055,1.672,-1,1.538928571
5/13/2020 5:00,3.291666667,1.807,-1,3.1225
5/13/2020 6:00,3.323333333,1.907333333,-3,3.114642857
5/13/2020 7:00,3.16,1.402333333,-2,4.366071429
5/13/2020 8:00,3.045,1.195666667,1,2.453928571
5/13/2020 9:00,2.546666667,1.202333333,1,2.317857143
5/13/2020 10:00,2.231666667,0.961666667,-2,2.823666667
5/13/2020 11:00,2.685,1.910333333,1,2.586666667
5/13/2020 12:00,3.581666667,3.230333333,2,3.187857143
5/13/2020 13:00,4.066666667,3.527666667,6,5.444827586
5/13/2020 14:00,,2.961,5,3.450714286
5/13/2020 15:00,,2.939,1,3.023214286
5/13/2020 16:00,,2.816333333,1,3.095925926
5/13/2020 17:00,,2.637,3,2.942857143
5/13/2020 18:00,,2.900666667,0,5.391785714
5/13/2020 19:00,,2.656333333,0,2.987857143
5/13/2020 20:00,,3.744666667,1,3.230689655
5/13/2020 21:00,,5.146333333,1,7.225357143
5/13/2020 22:00,,6.521,6,10.76074074
5/13/2020 23:00,,7.64,4,4.610666667
5/14/2020 0:00,7.43559322,10.64366667,3,6.517586207
5/14/2020 1:00,5.928333333,7.257333333,3,8.572413793
5/14/2020 2:00,5.323333333,7.048,3,7.973448276
5/14/2020 3:00,6.795,9.997333333,5,8.171724138
5/14/2020 4:00,6.24,8.587666667,4,7.5375
5/14/2020 5:00,5.993333333,7.963333333,3,7.268518519
5/14/2020 6:00,5.58,5.815333333,4,6.710666667
5/14/2020 7:00,5.155,4.631333333,5,5.207142857
5/14/2020 8:00,4.738333333,3.848,3,2.325185185
5/14/2020 9:00,3.913333333,3.869333333,1,3.631724138
5/14/2020 10:00,4.341666667,4.108,3,4.697037037
5/14/2020 11:00,5.233333333,5.586,2,4.086896552
5/14/2020 12:00,5.236666667,5.924666667,3,4.494285714
5/14/2020 13:00,5.89,6.931666667,6,4.317241379
5/14/2020 14:00,4.878333333,4.795333333,3,4.333846154
5/14/2020 15:00,5.201666667,5.086666667,0,5.883571429
5/14/2020 16:00,4.415,3.744666667,1,6.178275862
5/14/2020 17:00,3.73,2.994666667,3,4.874642857
5/14/2020 18:00,3.53,2.950666667,3,3.496333333
5/14/2020 19:00,3.276666667,2.722666667,2,6.062222222
5/14/2020 20:00,3.58,3.465333333,1,6.814814815
5/14/2020 21:00,5.096666667,6.306,2,7.705384615
5/14/2020 22:00,8.751666667,14.383,4,8.782758621
5/14/2020 23:00,8.121666667,12.894,5,8.257037037
5/15/2020 0:00,9.391666667,16.75566667,2,5.981
5/15/2020 1:00,11.42,19.44133333,-1,7.240714286
5/15/2020 2:00,8.415,14.92966667,2,8.008928571
5/15/2020 3:00,8.278333333,15.95766667,3,6.316785714
5/15/2020 4:00,8.18,16.09333333,1,5.473928571
5/15/2020 5:00,8.403333333,15.23366667,1,4.870357143
5/15/2020 6:00,9.468333333,17.33066667,2,5.159259259
5/15/2020 7:00,10.16333333,16.56833333,3,3.993571429
5/15/2020 8:00,7.458333333,8.787,3,3.639285714
5/15/2020 9:00,3.418333333,2.095666667,1,3.854137931
5/15/2020 10:00,3.636666667,2.159666667,0,2.8092
5/15/2020 11:00,3.511666667,2.062666667,3,2.638571429
5/15/2020 12:00,3.388333333,2.087333333,1,3.288333333
5/15/2020 13:00,3.265,1.876666667,-3,3.375172414
5/15/2020 14:00,2.878333333,1.336,-2,3.272758621
5/15/2020 15:00,2.346666667,1.231666667,-2,3.72
5/15/2020 16:00,2.52,1.799666667,-3,4.083214286
5/15/2020 17:00,3.058333333,2.595,-2,4.835714286
5/15/2020 18:00,3.36,2.814,0,4.891333333
5/15/2020 19:00,3.316666667,3.189,7,4.689615385
5/15/2020 20:00,3.903333333,3.958666667,5,4.635
5/15/2020 21:00,5.25,7.311666667,6,4.309285714
5/15/2020 22:00,6.485,9.388,4,4.3375
5/15/2020 23:00,6.005,9.855666667,3,4.114285714
5/16/2020 0:00,6.446666667,12.55733333,3,5.043103448
5/16/2020 1:00,8.406666667,17.699,3,6.324814815
5/16/2020 2:00,9.725,20.93733333,5,8.136071429
5/16/2020 3:00,9.79,23.12266667,5,6.966071429
5/16/2020 4:00,8.603333333,21.154,6,6.871034483
5/16/2020 5:00,7.86,18.845,6,6.197857143
5/16/2020 6:00,7.285,14.55633333,4,6.588
5/16/2020 7:00,6.275,9.610666667,3,5.981428571
5/16/2020 8:00,5.113333333,6.066,2,4.703703704
5/16/2020 9:00,5.771666667,7.317333333,0,4.597142857
5/16/2020 10:00,5.391666667,7.706666667,0,4.154482759
5/16/2020 11:00,3.615,4.11,-2,3.557142857
5/16/2020 12:00,2.465,2.000333333,-2,3.191071429
5/16/2020 13:00,1.666666667,0.746666667,1,3.695172414
5/16/2020 14:00,1.591666667,0.78,1,3.23862069
5/16/2020 15:00,1.661666667,0.894333333,-1,2.061428571
5/16/2020 16:00,1.523333333,0.728333333,-2,2.169642857
5/16/2020 17:00,1.525,0.850333333,-2,2.781428571
5/16/2020 18:00,1.546666667,1.254666667,3,4.376923077
5/16/2020 19:00,3.073333333,3.745,3,5.136206897
5/16/2020 20:00,3.951666667,5.562666667,4,7.125555556
5/16/2020 21:00,4.623333333,6.164,3,8.965
5/16/2020 22:00,5.388333333,8.736,5,8.812758621
5/16/2020 23:00,7.363333333,12.69233333,7,7.49962963
5/17/2020 0:00,10.04333333,16.70766667,5,6.220344828
5/17/2020 1:00,8.046666667,13.017,3,5.781428571
5/17/2020 2:00,8.473333333,13.89233333,4,6.314
5/17/2020 3:00,9.303333333,15.675,5,6.999230769
5/17/2020 4:00,8.081666667,13.27266667,3,6.991034483
5/17/2020 5:00,6.915,11.42533333,2,7.145517241
5/17/2020 6:00,6.146666667,10.002,4,11.04444444
5/17/2020 7:00,5.978333333,9.386333333,5,11.51178571
5/17/2020 8:00,5.825,8.894333333,3,11.5662069
5/17/2020 9:00,5.976666667,8.300666667,2,12.45035714
5/17/2020 10:00,5.278333333,6.665666667,2,9.336785714
5/17/2020 11:00,5.855,8.371666667,3,6.647307692
5/17/2020 12:00,6.645,9.395,3,6.933103448
5/17/2020 13:00,6.541666667,8.937666667,5,8.717692308
5/17/2020 14:00,5.196666667,5.904,6,10.27444444
5/17/2020 15:00,4.25,4.210333333,6,6.097142857
5/17/2020 16:00,4.87,5.466333333,3,3.9
5/17/2020 17:00,5.536666667,6.295666667,2,4.235
5/17/2020 18:00,5.378333333,6.524333333,1,6.900689655
5/17/2020 19:00,6.405,7.835666667,2,8.881851852
5/17/2020 20:00,6.046666667,8.097333333,4,12.462
5/17/2020 21:00,6.211666667,7.631333333,3,13.65
5/17/2020 22:00,5.535,7.354,6,17.76678571
5/17/2020 23:00,4.818333333,7.381666667,5,18.51307692
5/18/2020 0:00,5.05,9.076333333,7,11.19142857
5/18/2020 1:00,5.176666667,9.474333333,8,9.465517241
5/18/2020 2:00,4.976666667,9.325333333,6,9.427407407
5/18/2020 3:00,4.956666667,8.660666667,7,8.461851852
5/18/2020 4:00,5.433333333,8.515333333,5,8.319642857
5/18/2020 5:00,5.415,8.084666667,1,8.238148148
5/18/2020 6:00,5.501666667,6.558333333,4,8.6925
5/18/2020 7:00,5.895,6.253,6,9.138148148
5/18/2020 8:00,6.471666667,5.989666667,6,8.482333333
5/18/2020 9:00,6.355,6.404666667,9,6.327931034
5/18/2020 10:00,6.455,6.708666667,5,6.424642857
5/18/2020 11:00,6.918333333,7.709666667,6,6.427142857
5/18/2020 12:00,8.438333333,11.48333333,6,7.765185185
5/18/2020 13:00,6.668333333,8.763666667,5,9.905925926
5/18/2020 14:00,5.365,7.829333333,5,11.13766667
5/18/2020 15:00,3.948333333,5.839333333,2,6.325185185
5/18/2020 16:00,3.5,4.279333333,1,4.185517241
5/18/2020 17:00,2.663333333,4.412333333,1,5.860714286
5/18/2020 18:00,4.281666667,5.380666667,4,7.525714286
5/18/2020 19:00,2.33,2.551333333,5,10.81962963
5/18/2020 20:00,1.92,2.235333333,3,15.15827586
5/18/2020 21:00,1.911666667,2.884333333,10,15.12962963
5/18/2020 22:00,2.208333333,3.518333333,6,14.95307692
5/18/2020 23:00,2.495,4.391666667,5,11.42428571
5/19/2020 0:00,2.98,5.519666667,4,11.45
5/19/2020 1:00,2.878333333,5.215333333,-1,18.06777778
5/19/2020 2:00,2.77,5.113666667,8,18.64666667
5/19/2020 3:00,2.521666667,4.605333333,8,15.42
5/19/2020 4:00,2.228333333,3.416,7,11.71777778
5/19/2020 5:00,1.801666667,2.593666667,4,7.710344828
5/19/2020 6:00,2.231666667,3.831666667,4,7.060357143
5/19/2020 7:00,3.21,5.001,5,5.929642857
5/19/2020 8:00,3.906666667,4.449666667,3,6.435925926
5/19/2020 9:00,7,6.558333333,8,5.842758621
5/19/2020 10:00,8.681666667,8.251,4,4.647586207
5/19/2020 11:00,7.49,9.204,1,2.933571429
5/19/2020 12:00,5.191666667,5.371,2,3.971724138
5/19/2020 13:00,4.906666667,5.13,4,4.2
5/19/2020 14:00,4.723333333,4.891333333,7,4.658214286
5/19/2020 15:00,6.178333333,6.535,,5.180714286
5/19/2020 16:00,5.641666667,5,5,6.709259259
5/19/2020 17:00,4.571666667,3.919666667,5,8.328571429
5/19/2020 18:00,4.176666667,3.582,4,7.850740741
5/19/2020 19:00,5.768333333,7.050666667,4,7.967857143
5/19/2020 20:00,8.36,10.76766667,10,7.970357143
5/19/2020 21:00,9.08,12.71333333,15,10.34961538
5/19/2020 22:00,10.98833333,15.41766667,5,10.99464286
5/19/2020 23:00,13.07833333,20.00966667,6,12.18793103
5/20/2020 0:00,13.815,23.79133333,3,12.64392857
5/20/2020 1:00,13.67166667,24.701,,13.41586207
5/20/2020 2:00,14.78,28.42866667,,13.43655172
5/20/2020 3:00,15.06833333,28.56666667,,13.28
5/20/2020 4:00,14.45666667,28.73566667,,14.71551724
5/20/2020 5:00,13.29666667,25.29533333,,14.42178571
5/20/2020 6:00,14.44666667,25.49866667,,12.53448276
5/20/2020 7:00,16.35166667,25.864,,8.559655172
5/20/2020 8:00,17.145,26.541,,8.064827586
5/20/2020 9:00,17.275,26.25066667,,12.12259259
5/20/2020 10:00,,17.156,,15.74724138
5/20/2020 11:00,,11.018,,34.9162069
5/20/2020 12:00,,11.96933333,,43.99964286
5/20/2020 13:00,,14.166,,20.99666667
5/20/2020 14:00,,11.01533333,,14.205
5/20/2020 15:00,,4.479666667,,9.834827586
5/20/2020 16:00,,5.535333333,16,10.20689655
5/20/2020 17:00,,6.825,5,14.62793103
5/20/2020 18:00,,7.103666667,6,14.20428571
5/20/2020 19:00,,11.636,8,18.62346154
5/20/2020 20:00,,19.66433333,13,38.82214286
5/20/2020 21:00,,21.324,23,34.18357143
5/20/2020 22:00,,24.64066667,13,34.77517241
5/20/2020 23:00,,34.994,20,47.52321429
5/21/2020 0:00,20.90508475,34.92966667,21,83.59107143
5/21/2020 1:00,16.02333333,29.96966667,40,69.26178571
5/21/2020 2:00,11.80833333,19.92533333,37,83.54433333
5/21/2020 3:00,9.305,15.28166667,42,113.657931
5/21/2020 4:00,8.136666667,13.189,55,93.59966667
5/21/2020 5:00,7.921666667,11.964,41,24.84655172
5/21/2020 6:00,8.07,12.34366667,17,19.1
5/21/2020 7:00,8.168333333,13.403,9,17.77068966
5/21/2020 8:00,12.28833333,20.43466667,9,19.47793103
5/21/2020 9:00,13.12333333,20.06033333,16,20.27034483
5/21/2020 10:00,9.978333333,13.286,11,18.18535714
5/21/2020 11:00,7.27,8.941,8,15.49821429
5/21/2020 12:00,5.621666667,6.749,16,12.49428571
5/21/2020 13:00,3.771666667,3.950333333,9,7.240740741
5/21/2020 14:00,2.95,2.826333333,5,4.853571429
5/21/2020 15:00,3.355,3.557,5,4.379310345
5/21/2020 16:00,3.908333333,4.310333333,4,3.900344828
5/21/2020 17:00,3.768333333,4.112666667,3,3.766666667
5/21/2020 18:00,3.831666667,4.268333333,4,4.818888889
5/21/2020 19:00,4.131666667,4.641333333,4,7.60862069
5/21/2020 20:00,5.28,7.246333333,2,8.723571429
5/21/2020 21:00,6.765,9.117666667,4,22.68517241
5/21/2020 22:00,7.723333333,10.97566667,9,41.14892857
5/21/2020 23:00,8.631666667,12.10366667,22,58.89896552
5/22/2020 0:00,8.278333333,11.65033333,29,64.36321429
5/22/2020 1:00,7.911666667,10.917,33,37.1162069
5/22/2020 2:00,5.738333333,7.168,16,43.5275
5/22/2020 3:00,5.378333333,9.426,21,39.45222222
5/22/2020 4:00,5.513333333,10.73566667,18,15.67269231
5/22/2020 5:00,4.703333333,8.966333333,4,11.45178571
5/22/2020 6:00,5.79,4.212,11,11.64724138
5/22/2020 7:00,10.89666667,3.574666667,9,9.811071429
5/22/2020 8:00,12.535,3.563333333,8,4.888965517
5/22/2020 9:00,12.04,2.867,12,4.488148148
5/22/2020 10:00,10.10166667,2.301,11,3.857931034
5/22/2020 11:00,9.951666667,2.305,11,3.035517241
5/22/2020 12:00,9.492307692,1.920333333,11,2.801724138
5/22/2020 13:00,,1.629,12,2.783448276
5/22/2020 14:00,,1.747,7,2.388571429
5/22/2020 15:00,,1.673666667,8,2.190357143
5/22/2020 16:00,,2.051333333,9,2.79
5/22/2020 17:00,,2.366666667,8,2.807142857
5/22/2020 18:00,,2.513666667,6,3.5875
5/22/2020 19:00,,3.756666667,8,3.320357143
5/22/2020 20:00,,3.376,11,3.412142857
5/22/2020 21:00,,3.790333333,11,2.968928571
5/22/2020 22:00,,3.282666667,8,3.240333333
5/22/2020 23:00,,3.353,7,3.346551724
5/23/2020 0:00,9.261016949,3.463666667,8,3.117037037
5/23/2020 1:00,8.823333333,3.240666667,5,3.661724138
5/23/2020 2:00,8.588333333,2.887666667,3,4.019642857
5/23/2020 3:00,7.443333333,2.350333333,5,3.68
5/23/2020 4:00,5.821666667,1.944333333,7,3.261428571
5/23/2020 5:00,7.185,3.147666667,10,2.810689655
5/23/2020 6:00,7.348333333,2.939,7,2.636551724
5/23/2020 7:00,7.103333333,2.437,8,2.16137931
5/23/2020 8:00,6.1,1.56,5,1.819285714
5/23/2020 9:00,5.558333333,0.896333333,4,1.641428571
5/23/2020 10:00,5.513333333,1.151666667,8,1.495862069
5/23/2020 11:00,5.993333333,1.659,5,2.341785714
5/23/2020 12:00,4.3,1.095,8,1.976896552
5/23/2020 13:00,5.091666667,1.387,6,2.145185185
5/23/2020 14:00,4.756666667,1.219666667,4,2.321428571
5/23/2020 15:00,5.095,1.408666667,6,2.645714286
5/23/2020 16:00,5.681666667,1.722,7,2.649333333
5/23/2020 17:00,6.618333333,2.109666667,8,3.041851852
5/23/2020 18:00,6.515,5.420666667,7,3.20037037
5/23/2020 19:00,5.985,2.231333333,4,2.95
5/23/2020 20:00,6.363333333,2.922333333,1,3.665
5/23/2020 21:00,7.026666667,3.157666667,3,3.476666667
5/23/2020 22:00,5.353333333,2.736,5,4.394827586
5/23/2020 23:00,5.585,3.260333333,6,3.724814815
5/24/2020 0:00,5.338333333,3.697333333,4,3.459
5/24/2020 1:00,6.171666667,4.533333333,3,3.809259259
5/24/2020 2:00,6.811666667,4.601666667,2,5.151724138
5/24/2020 3:00,8.44,6.076333333,5,3.601724138
5/24/2020 4:00,8.005,5.382333333,5,4.435185185
5/24/2020 5:00,7.14,4.906333333,2,5.075666667
5/24/2020 6:00,8.081666667,5.344333333,5,5.579285714
5/24/2020 7:00,8.4,5.826666667,4,4.682857143
5/24/2020 8:00,9.48,6.360666667,3,4.887142857
5/24/2020 9:00,8.971666667,6.551333333,6,4.855357143
5/24/2020 10:00,9.015,6.260666667,5,4.831
5/24/2020 11:00,8.96,6.326333333,6,7.122857143
5/24/2020 12:00,9.191666667,6.658666667,6,8.509285714
5/24/2020 13:00,10.25666667,7.123,9,7.224482759
5/24/2020 14:00,10.24,6.679,6,8.457586207
5/24/2020 15:00,9.846666667,6.558666667,7,8.889655172
5/24/2020 16:00,9.883333333,6.250333333,7,8.820333333
5/24/2020 17:00,8.946666667,5.549333333,7,8.763448276
5/24/2020 18:00,8.53,5.075333333,8,8.924285714
5/24/2020 19:00,8.038333333,5.351,11,10.53642857
5/24/2020 20:00,8.291666667,5.938333333,10,13.67103448
5/24/2020 21:00,10.89833333,12.43233333,9,11.93862069
5/24/2020 22:00,16.53,25.54733333,10,10.75857143
5/24/2020 23:00,20.38833333,31.48266667,8,9.580714286
5/25/2020 0:00,20.96166667,32.30433333,4,8.235172414
5/25/2020 1:00,20.49833333,31.32666667,4,8.872857143
5/25/2020 2:00,17.05833333,25.033,8,9.911538462
5/25/2020 3:00,13.415,20.08533333,7,11.05178571
5/25/2020 4:00,12.90166667,18.38933333,5,11.29214286
5/25/2020 5:00,12.44833333,15.51233333,8,10.9825
5/25/2020 6:00,8.223333333,7.134,8,10.92724138
5/25/2020 7:00,4.785,2.871333333,7,14.50206897
5/25/2020 8:00,3.918333333,1.823333333,8,12.52103448
5/25/2020 9:00,3.271666667,1.368666667,14,10.66
5/25/2020 10:00,3.326666667,1.770333333,10,7.097142857
5/25/2020 11:00,2.83,1.149,8,5.668571429
5/25/2020 12:00,2.098333333,0.719333333,5,4.350357143
5/25/2020 13:00,2.35,1.102666667,6,2.176785714
5/25/2020 14:00,2.751666667,1.464333333,5,2.661785714
5/25/2020 15:00,2.683333333,1.244,2,3.272413793
5/25/2020 16:00,3.32,2.424333333,5,3.75
5/25/2020 17:00,3.56,2.653666667,6,3.769655172
5/25/2020 18:00,4.04,3.207333333,7,4.283448276
5/25/2020 19:00,3.878333333,2.383,6,3.92962963
5/25/2020 20:00,4.128333333,3.268,6,5.722666667
5/25/2020 21:00,5.46,5.551,10,4.910740741
5/25/2020 22:00,6.481666667,7.831,7,4.931785714
5/25/2020 23:00,7.191666667,8.25,7,3.678214286
5/26/2020 0:00,5.595,5.553,6,3.383103448
5/26/2020 1:00,4.88,4.690333333,5,2.648333333
5/26/2020 2:00,4.541666667,3.998,4,2.041481481
5/26/2020 3:00,4.633333333,4.457333333,5,2.503214286
5/26/2020 4:00,5.635,5.249333333,7,3.675357143
5/26/2020 5:00,5.721666667,4.891666667,4,5.984482759
5/26/2020 6:00,5.416666667,3.945,4,9.053928571
5/26/2020 7:00,5.133333333,3.525666667,9,10.1862963
5/26/2020 8:00,6.326666667,4.571,6,7.702222222
5/26/2020 9:00,4.82,3.735333333,3,7.721785714
5/26/2020 10:00,4.07,3.583,6,7.915
5/26/2020 11:00,3.121666667,2.584,5,4.856071429
5/26/2020 12:00,3.466666667,3.626666667,5,3.982857143
5/26/2020 13:00,3.423333333,3.52,3,3.153793103
5/26/2020 14:00,4.118333333,4.939666667,1,4.895925926
5/26/2020 15:00,4.463333333,5.037333333,3,5.7025
5/26/2020 16:00,3.581666667,3.621333333,3,4.148571429
5/26/2020 17:00,4.071666667,4.433,2,3.204642857
5/26/2020 18:00,4.046666667,2.917333333,2,3.795806452
5/26/2020 19:00,4.893333333,4.035333333,2,4.28962963
5/26/2020 20:00,7.571666667,6.437666667,6,6.203
5/26/2020 21:00,7.878333333,6.481,6,5.391428571
5/26/2020 22:00,10.20833333,9.104,8,5.421428571
5/26/2020 23:00,10.14833333,7.522666667,8,5.430357143
5/27/2020 0:00,9.996666667,8.414333333,6,8.247407407
5/27/2020 1:00,10.96666667,11.76633333,5,21.94655172
5/27/2020 2:00,11.36,13.49966667,10,15.27344828
5/27/2020 3:00,10.82833333,14.71033333,8,9.615172414
5/27/2020 4:00,10.43,12.205,5,5.179655172
5/27/2020 5:00,10.49833333,11.152,4,5.698148148
5/27/2020 6:00,11.20333333,10.682,7,5.987142857
5/27/2020 7:00,12.06333333,9.026666667,3,5.440689655
5/27/2020 8:00,11.11166667,7.199333333,5,4.332413793
5/27/2020 9:00,10.72333333,6.629,6,4.006666667
5/27/2020 10:00,7.228333333,3.916,6,2.869655172
5/27/2020 11:00,7.64,3.976,7,2.645517241
5/27/2020 12:00,,2.010333333,5,3.115357143
5/27/2020 13:00,,2.441333333,6,3.641071429
5/27/2020 14:00,,2.748333333,8,3.549
5/27/2020 15:00,,3.035666667,7,3.461785714
5/27/2020 16:00,,2.896,6,4.777407407
5/27/2020 17:00,,2.836333333,5,4.251
5/27/2020 18:00,,3.126666667,3,3.318928571
5/27/2020 19:00,,4.028333333,4,3.957307692
5/27/2020 20:00,,5.074666667,4,5.066
5/27/2020 21:00,,5.021333333,2,5.894642857
5/27/2020 22:00,,6.427333333,7,5.722857143
5/27/2020 23:00,,7.950333333,7,11.85407407
5/28/2020 0:00,8.552542373,7.397,10,33.54178571
5/28/2020 1:00,9.538333333,13.779,15,22.516
5/28/2020 2:00,11.79166667,20.24466667,7,26.26964286
5/28/2020 3:00,9.401666667,14.96633333,16,37.63178571
5/28/2020 4:00,6.805,9.314666667,21,48.95827586
5/28/2020 5:00,6.753333333,9.196666667,29,44.41827586
5/28/2020 6:00,6.691666667,7.76,21,44.09714286
5/28/2020 7:00,7.043333333,8.664333333,25,45.36862069
5/28/2020 8:00,8.83,11.32566667,17,23.15241379
5/28/2020 9:00,8.42,9.538,11,16.43413793
5/28/2020 10:00,6.993333333,6.911,8,9.232857143
5/28/2020 11:00,6.521666667,6.557,12,6.378275862
5/28/2020 12:00,6.025,5.935,8,4.9975
5/28/2020 13:00,6.298333333,6.427,7,6.028928571
5/28/2020 14:00,6.62,6.745,6,6.2525
5/28/2020 15:00,7.055,7.322666667,7,4.695172414
5/28/2020 16:00,7.286666667,7.308,6,5.337931034
5/28/2020 17:00,6.751666667,6.847666667,6,5.002222222
5/28/2020 18:00,6.808333333,6.47,6,3.666785714
5/28/2020 19:00,6.075,5.631666667,6,4.341785714
5/28/2020 20:00,6.665,7.168,6,7.086
5/28/2020 21:00,8.963333333,10.03566667,6,6.669642857
5/28/2020 22:00,8.511666667,8.12,8,7.016538462
5/28/2020 23:00,7.683333333,6.83,7,8.826896552
5/29/2020 0:00,7.83,6.945666667,6,7.407857143
5/29/2020 1:00,8.196666667,6.837666667,4,6.089032258
5/29/2020 2:00,6.823333333,5.731666667,5,6.576428571
5/29/2020 3:00,5.836666667,4.567,6,7.211785714
5/29/2020 4:00,4.97,3.262333333,8,6.816785714
5/29/2020 5:00,4.475,2.750666667,7,6.187142857
5/29/2020 6:00,4.596666667,2.292666667,7,5.791
5/29/2020 7:00,4.88,2.385666667,10,4.000714286
5/29/2020 8:00,5.013333333,1.955333333,6,3.081071429
5/29/2020 9:00,4.805,1.786333333,5,3.098214286
5/29/2020 10:00,3.716666667,1.088666667,4,2.620344828
5/29/2020 11:00,3.221666667,0.834333333,4,3.673793103
5/29/2020 12:00,3.091666667,0.961666667,5,4.801071429
5/29/2020 13:00,3.291666667,0.945333333,8,2.562142857
5/29/2020 14:00,3.125,1.019333333,7,2.254444444
5/29/2020 15:00,3.093333333,1.2,4,1.860740741
5/29/2020 16:00,3.623333333,1.758333333,3,2.00962963
5/29/2020 17:00,3.778333333,1.854666667,4,2.31
5/29/2020 18:00,3.876666667,1.943333333,5,4.780666667
5/29/2020 19:00,3.523333333,1.874,5,7.520344828
5/29/2020 20:00,3.388333333,2.265666667,4,4.529642857
5/29/2020 21:00,4.118333333,3.449,6,5.342142857
5/29/2020 22:00,3.88,2.537333333,10,7.353333333
5/29/2020 23:00,3.433333333,2.317,7,11.42142857
5/30/2020 0:00,3.255,2.075333333,8,11.18074074
5/30/2020 1:00,2.606666667,1.521333333,7,13.63964286
5/30/2020 2:00,2.97,2.324,8,15.27142857
5/30/2020 3:00,2.603333333,1.664666667,6,13.63821429
5/30/2020 4:00,2.37,1.652333333,5,11.60964286
5/30/2020 5:00,2.72,1.422,6,9.929285714
5/30/2020 6:00,2.431666667,0.975333333,7,6.467407407
5/30/2020 7:00,2.75,1.244,5,2.821071429
5/30/2020 8:00,2.678333333,0.945333333,4,2.925666667
5/30/2020 9:00,4.28,3.432,6,3.762142857
5/30/2020 10:00,7.866666667,7.434,5,4.986551724
5/30/2020 11:00,8.39,7.381666667,6,5.92137931
5/30/2020 12:00,6.5,4.996333333,6,6.921111111
5/30/2020 13:00,6.828333333,5.641666667,8,6.189655172
5/30/2020 14:00,6.576666667,5.340666667,8,6.369642857
5/30/2020 15:00,7.068333333,6.197666667,5,6.320357143
5/30/2020 16:00,7.548333333,6.659333333,7,7.4325
5/30/2020 17:00,8.625,9.082333333,10,8.703214286
5/30/2020 18:00,9.718333333,9.354666667,11,9.398275862
5/30/2020 19:00,7.29,6.963666667,11,10.46178571
5/30/2020 20:00,6.546666667,7.492333333,10,12.04103448
5/30/2020 21:00,6.985,8.973666667,10,17.94285714
5/30/2020 22:00,7.683333333,9.698333333,9,18.21851852
5/30/2020 23:00,6.906666667,8.580666667,10,16.21571429
5/31/2020 0:00,7.353333333,9.928,16,16.295
5/31/2020 1:00,10.42333333,14.621,5,17.90107143
5/31/2020 2:00,12.4,17.263,6,19.22291667
5/31/2020 3:00,12.16,17.31866667,5,24.74533333
5/31/2020 4:00,13.12833333,19.68466667,8,26.83571429
5/31/2020 5:00,16.185,23.41066667,7,27.15724138
5/31/2020 6:00,13.32333333,18.577,8,26.06068966
5/31/2020 7:00,9.341666667,10.96466667,7,20.408
5/31/2020 8:00,7.706666667,7.748,9,15.20275862
5/31/2020 9:00,5.906666667,5.794,8,13.03071429
5/31/2020 10:00,6.11,6.43,13,9.265925926
5/31/2020 11:00,5.97,7.468666667,8,8.038518519
5/31/2020 12:00,6.605,8.402333333,5,7.334482759
5/31/2020 13:00,7.811666667,11.81033333,7,7.486428571
5/31/2020 14:00,7.623333333,11.25233333,7,9.763928571
5/31/2020 15:00,6.523333333,9.068,9,8.106071429
5/31/2020 16:00,6.54,8.897333333,7,5.561034483
5/31/2020 17:00,5.31,7.028333333,7,4.902857143
5/31/2020 18:00,4.658333333,5.538333333,6,5.265
5/31/2020 19:00,3.891666667,3.917333333,6,5.194642857
5/31/2020 20:00,3.796666667,4.049,5,6.812068966
5/31/2020 21:00,4.498333333,5.268666667,8,13.72307692
5/31/2020 22:00,4.778333333,5.721,9,23.38965517
5/31/2020 23:00,4.33,5.513,12,23.21
