Timestamp,O3_49i,49i
2021-07-01 00:00:00,21.341471666666667,22.898833333333336
2021-07-01 01:00:00,23.206250000000008,24.75383333333334
2021-07-01 02:00:00,22.190470000000005,23.67250000000001
2021-07-01 03:00:00,21.124616666666665,22.526000000000003
2021-07-01 04:00:00,17.336016666666676,18.531166666666667
2021-07-01 05:00:00,14.238884615384617,15.167499999999997
2021-07-01 06:00:00,16.431645,17.515499999999996
2021-07-01 07:00:00,19.654166666666672,20.791666666666668
2021-07-01 08:00:00,20.177190000000007,21.75616666666667
2021-07-01 09:00:00,24.31885833333332,26.15016666666667
2021-07-01 10:00:00,25.903651666666658,27.80616666666667
2021-07-01 11:00:00,30.785353333333326,33.096
2021-07-01 12:00:00,35.63416833333333,38.1485
2021-07-01 13:00:00,38.07349666666667,40.75600000000001
2021-07-01 14:00:00,42.708009999999994,45.474000000000004
2021-07-01 15:00:00,43.15026166666666,46.151666666666664
2021-07-01 16:00:00,41.259865,44.304333333333346
2021-07-01 17:00:00,40.41849833333334,43.20899999999999
2021-07-01 18:00:00,36.72793666666667,39.35616666666665
2021-07-01 19:00:00,31.403215,33.50183333333332
2021-07-01 20:00:00,28.107874999999993,30.065999999999995
2021-07-01 21:00:00,26.428425,28.276333333333337
2021-07-01 22:00:00,26.255745,28.131000000000007
2021-07-01 23:00:00,27.386615000000003,29.316333333333322
2021-07-02 00:00:00,28.25549166666668,30.18283333333334
2021-07-02 01:00:00,27.401969999999995,29.27183333333333
2021-07-02 02:00:00,28.340488333333333,30.361666666666668
2021-07-02 03:00:00,30.55589000000001,32.56383333333333
2021-07-02 04:00:00,30.128545000000006,32.133
2021-07-02 05:00:00,29.615720000000007,31.585166666666666
2021-07-02 06:00:00,30.59175384615385,31.779333333333327
2021-07-02 07:00:00,26.77083500000001,28.47766666666667
2021-07-02 08:00:00,25.119801666666667,26.816999999999997
2021-07-02 09:00:00,25.126134999999994,27.12116666666667
2021-07-02 10:00:00,25.174538333333327,27.136833333333335
2021-07-02 11:00:00,25.737411666666667,27.841
2021-07-02 12:00:00,26.57026333333334,28.76283333333334
2021-07-02 13:00:00,31.61961666666667,34.386833333333335
2021-07-02 14:00:00,37.979296666666684,41.66383333333332
2021-07-02 15:00:00,42.37297666666665,45.55050000000001
2021-07-02 16:00:00,42.42034666666666,45.507666666666665
2021-07-02 17:00:00,43.806259999999995,46.72033333333333
2021-07-02 18:00:00,40.22194666666666,42.733
2021-07-02 19:00:00,35.46909666666666,37.82650000000001
2021-07-02 20:00:00,26.65541333333334,28.68183333333333
2021-07-02 21:00:00,19.616194999999998,21.196666666666673
2021-07-02 22:00:00,20.20441166666667,21.936999999999994
2021-07-02 23:00:00,18.565290000000005,19.986166666666676
2021-07-03 00:00:00,18.745374999999992,20.270666666666664
2021-07-03 01:00:00,17.463778333333334,18.90266666666667
2021-07-03 02:00:00,18.645469999999996,20.1375
2021-07-03 03:00:00,17.66904,19.146333333333338
2021-07-03 04:00:00,13.915970000000003,15.060833333333333
2021-07-03 05:00:00,16.600808333333333,18.047833333333337
2021-07-03 06:00:00,22.270280000000007,23.997166666666665
2021-07-03 07:00:00,23.665033333333334,26.546833333333336
2021-07-03 08:00:00,25.015635,26.659833333333324
2021-07-03 09:00:00,21.43354833333334,23.006666666666675
2021-07-03 10:00:00,18.58695166666667,20.130166666666675
2021-07-03 11:00:00,22.718144999999996,24.604333333333336
2021-07-03 12:00:00,26.513023333333322,28.55216666666666
2021-07-03 13:00:00,28.31406833333334,30.448666666666664
2021-07-03 14:00:00,29.598579999999995,32.02566666666666
2021-07-03 15:00:00,32.36209,34.87116666666667
2021-07-03 16:00:00,32.62684499999999,35.010999999999996
2021-07-03 17:00:00,31.51391,33.82700000000001
2021-07-03 18:00:00,24.622999999999994,26.339666666666655
2021-07-03 19:00:00,18.444554999999998,20.03166666666667
2021-07-03 20:00:00,17.103223333333332,18.463833333333337
2021-07-03 21:00:00,12.780438333333336,13.822499999999998
2021-07-03 22:00:00,8.630525,9.427166666666666
2021-07-03 23:00:00,4.595534999999998,5.105833333333333
2021-07-04 00:00:00,3.5846216666666666,4.154
2021-07-04 01:00:00,6.636525000000002,7.404500000000002
2021-07-04 02:00:00,8.891759999999998,9.746499999999996
2021-07-04 03:00:00,8.943673333333333,9.78833333333333
2021-07-04 04:00:00,8.800576666666666,9.626333333333331
2021-07-04 05:00:00,11.106240000000001,12.123
2021-07-04 06:00:00,12.229316666666668,13.228666666666673
2021-07-04 07:00:00,14.162139999999996,15.354000000000003
2021-07-04 08:00:00,15.062584615384619,16.560000000000002
2021-07-04 09:00:00,17.11322666666667,18.32166666666667
2021-07-04 10:00:00,13.878833333333336,14.956000000000001
2021-07-04 11:00:00,13.060304999999998,14.28283333333333
2021-07-04 12:00:00,13.081723333333334,14.256166666666664
2021-07-04 13:00:00,15.360014999999999,16.499000000000002
2021-07-04 14:00:00,17.248659999999997,18.557166666666664
2021-07-04 15:00:00,20.22186,21.931500000000007
2021-07-04 16:00:00,21.71530333333333,23.325999999999986
2021-07-04 17:00:00,19.074893333333325,20.455666666666662
2021-07-04 18:00:00,18.905786666666668,20.393499999999996
2021-07-04 19:00:00,14.580786666666667,15.65133333333333
2021-07-04 20:00:00,14.33876,15.613833333333336
2021-07-04 21:00:00,15.599013333333334,16.715500000000002
2021-07-04 22:00:00,16.325170000000004,17.511333333333344
2021-07-04 23:00:00,15.081866666666668,16.0685
2021-07-05 00:00:00,14.589401666666664,15.633833333333332
2021-07-05 01:00:00,13.536721666666676,14.663166666666665
2021-07-05 02:00:00,12.054541666666664,12.9865
2021-07-05 03:00:00,14.061526666666671,15.092666666666668
2021-07-05 04:00:00,14.578336666666665,15.614333333333336
2021-07-05 05:00:00,13.435579999999996,14.383666666666665
2021-07-05 06:00:00,11.541553333333331,12.47283333333333
2021-07-05 07:00:00,11.012296666666662,11.872333333333332
2021-07-05 08:00:00,17.13298,18.489166666666666
2021-07-05 09:00:00,24.911684615384615,23.54316666666666
2021-07-05 10:00:00,19.494876666666663,20.717500000000005
2021-07-05 11:00:00,20.034305,21.359833333333334
2021-07-05 12:00:00,23.305099999999996,24.83716666666667
2021-07-05 13:00:00,24.558936666666664,26.050166666666666
2021-07-05 14:00:00,26.146400000000007,27.889666666666677
2021-07-05 15:00:00,25.31535833333333,26.865666666666673
2021-07-05 16:00:00,24.235783333333337,25.783000000000005
2021-07-05 17:00:00,24.50269333333334,25.89666666666667
2021-07-05 18:00:00,23.81901666666668,25.062833333333334
2021-07-05 19:00:00,22.75079833333334,23.82483333333334
2021-07-05 20:00:00,13.009710000000005,13.794000000000002
2021-07-05 21:00:00,13.870490000000006,14.795333333333334
2021-07-05 22:00:00,14.284898333333329,15.368166666666665
2021-07-05 23:00:00,18.027886666666667,19.25466666666667
2021-07-06 00:00:00,18.71259,19.84383333333334
2021-07-06 01:00:00,14.80969166666666,15.795166666666665
2021-07-06 02:00:00,23.87128166666666,25.431833333333348
2021-07-06 03:00:00,26.578534999999995,27.891166666666674
2021-07-06 04:00:00,20.242134999999998,21.362000000000002
2021-07-06 05:00:00,15.228851666666666,16.167666666666666
2021-07-06 06:00:00,10.361838333333331,11.154
2021-07-06 07:00:00,13.633900000000004,14.815833333333336
2021-07-06 08:00:00,15.604515000000001,16.702499999999997
2021-07-06 09:00:00,22.364103333333333,23.924000000000003
2021-07-06 10:00:00,23.80378461538461,25.959000000000003
2021-07-06 11:00:00,28.94835833333333,30.57516666666667
2021-07-06 12:00:00,22.836720000000007,24.4635
2021-07-06 13:00:00,30.192273333333333,31.940500000000004
2021-07-06 14:00:00,33.40857666666666,35.199333333333335
2021-07-06 15:00:00,25.97616833333334,27.53566666666666
2021-07-06 16:00:00,23.42942833333334,24.83333333333333
2021-07-06 17:00:00,21.276619999999998,22.675166666666666
2021-07-06 18:00:00,18.320626666666662,19.605500000000006
2021-07-06 19:00:00,16.326103333333332,17.552166666666665
2021-07-06 20:00:00,16.236904999999997,17.41583333333333
2021-07-06 21:00:00,15.988459999999998,17.142833333333332
2021-07-06 22:00:00,16.125958333333326,17.255999999999997
2021-07-06 23:00:00,16.245813333333334,17.460163934426227
2021-07-07 00:00:00,16.631153333333334,17.768666666666668
2021-07-07 01:00:00,16.630209999999998,17.759666666666668
2021-07-07 02:00:00,15.710458333333337,16.83133333333333
2021-07-07 03:00:00,14.122991666666667,15.170499999999999
2021-07-07 04:00:00,14.39797333333333,15.526
2021-07-07 05:00:00,14.226010000000002,15.331666666666662
2021-07-07 06:00:00,12.329438333333332,13.239000000000004
2021-07-07 07:00:00,12.598398333333334,13.705999999999998
2021-07-07 08:00:00,12.63025,13.79433333333333
2021-07-07 09:00:00,15.955228333333334,17.208666666666666
2021-07-07 10:00:00,17.578528333333338,19.105833333333326
2021-07-07 11:00:00,18.921115384615383,19.492166666666673
2021-07-07 12:00:00,24.562291666666656,26.14183333333334
2021-07-07 13:00:00,25.934414999999998,27.606999999999992
2021-07-07 14:00:00,20.971551666666663,22.459166666666665
2021-07-07 15:00:00,20.787318333333342,22.382000000000005
2021-07-07 16:00:00,21.23982166666667,22.904999999999998
2021-07-07 17:00:00,30.00024833333333,31.78366666666667
2021-07-07 18:00:00,27.337865,28.962833333333332
2021-07-07 19:00:00,24.053040000000006,25.573
2021-07-07 20:00:00,19.930391666666672,21.28249999999999
2021-07-07 21:00:00,21.567585000000005,22.9975
2021-07-07 22:00:00,17.348366666666667,18.555333333333337
2021-07-07 23:00:00,16.906221666666664,17.999166666666667
2021-07-08 00:00:00,12.38252333333333,13.368166666666665
2021-07-08 01:00:00,13.474421666666668,14.550666666666665
2021-07-08 02:00:00,12.435078333333337,13.225833333333334
2021-07-08 03:00:00,8.256054999999998,9.027
2021-07-08 04:00:00,7.907305,8.578500000000002
2021-07-08 05:00:00,10.137934999999997,11.147999999999998
2021-07-08 06:00:00,17.550453333333333,18.835833333333337
2021-07-08 07:00:00,19.920310000000004,21.471000000000004
2021-07-08 08:00:00,23.309285000000006,24.820499999999992
2021-07-08 09:00:00,23.780566666666665,25.370666666666672
2021-07-08 10:00:00,28.211825,29.892500000000005
2021-07-08 11:00:00,30.696718333333344,32.60733333333334
2021-07-08 12:00:00,33.113888461538465,35.928000000000004
2021-07-08 13:00:00,36.02127666666666,37.965500000000006
2021-07-08 14:00:00,35.69039166666665,37.73116666666667
2021-07-08 15:00:00,36.25548666666668,38.37200000000001
2021-07-08 16:00:00,35.202513333333314,37.4575
2021-07-08 17:00:00,34.76859166666667,36.78566666666667
2021-07-08 18:00:00,33.88176833333333,35.83183333333334
2021-07-08 19:00:00,31.33905333333333,33.2175
2021-07-08 20:00:00,28.57431166666667,30.44100000000001
2021-07-08 21:00:00,28.06971666666667,29.780833333333323
2021-07-08 22:00:00,22.89325166666667,24.234666666666666
2021-07-08 23:00:00,14.098803333333333,14.949166666666668
2021-07-09 00:00:00,11.880958333333334,12.8255
2021-07-09 01:00:00,9.629245000000001,10.300666666666668
2021-07-09 02:00:00,4.740754999999998,5.3808333333333325
2021-07-09 03:00:00,4.168306666666665,4.785000000000002
2021-07-09 04:00:00,4.889075,5.513166666666667
2021-07-09 05:00:00,8.377393333333334,9.292333333333334
2021-07-09 06:00:00,15.642384999999996,16.97216666666667
2021-07-09 07:00:00,23.92381833333333,25.64833333333333
2021-07-09 08:00:00,28.03214333333334,29.87333333333334
2021-07-09 09:00:00,28.46479333333334,30.267333333333344
2021-07-09 10:00:00,28.574455000000007,30.442666666666664
2021-07-09 11:00:00,31.00708333333334,32.834
2021-07-09 12:00:00,32.85000499999999,34.99300000000001
2021-07-09 13:00:00,34.087657692307694,35.87933333333333
2021-07-09 14:00:00,34.01564999999999,36.145666666666656
2021-07-09 15:00:00,36.366533333333344,38.82783333333334
2021-07-09 16:00:00,38.07017666666666,40.592666666666666
2021-07-09 17:00:00,37.2101,39.580499999999994
2021-07-09 18:00:00,33.00993500000001,35.144499999999994
2021-07-09 19:00:00,33.09674666666667,35.24633333333333
2021-07-09 20:00:00,27.424666666666667,29.09633333333333
2021-07-09 21:00:00,27.687419999999996,29.56216666666667
2021-07-09 22:00:00,26.567201666666666,28.383
2021-07-09 23:00:00,27.13949833333334,29.151
2021-07-10 00:00:00,28.78414833333334,30.826833333333333
2021-07-10 01:00:00,28.274996666666663,30.200999999999997
2021-07-10 02:00:00,25.44807833333333,27.161499999999993
2021-07-10 03:00:00,23.058578333333337,24.601166666666664
2021-07-10 04:00:00,19.272561666666665,20.599499999999985
2021-07-10 05:00:00,15.718248333333333,16.904833333333336
2021-07-10 06:00:00,15.135359999999997,16.396666666666665
2021-07-10 07:00:00,17.932564999999997,19.356999999999996
2021-07-10 08:00:00,22.525021666666664,24.467666666666663
2021-07-10 09:00:00,29.23667333333333,31.477666666666664
2021-07-10 10:00:00,26.525336666666657,28.409999999999993
2021-07-10 11:00:00,26.30833166666666,28.285333333333345
2021-07-10 12:00:00,28.440784999999995,30.498166666666666
2021-07-10 13:00:00,29.62532666666666,31.69833333333333
2021-07-10 14:00:00,28.71119615384615,29.13466666666666
2021-07-10 15:00:00,26.942338333333343,28.72166666666666
2021-07-10 16:00:00,25.463079999999998,27.273833333333343
2021-07-10 17:00:00,25.904400000000006,27.682666666666666
2021-07-10 18:00:00,22.999985,24.78416666666667
2021-07-10 19:00:00,19.636209999999995,21.117333333333338
2021-07-10 20:00:00,14.241228333333327,15.292333333333339
2021-07-10 21:00:00,10.362851666666666,11.302000000000001
2021-07-10 22:00:00,11.024828333333334,12.043000000000005
2021-07-10 23:00:00,7.088351666666665,7.778333333333332
2021-07-11 00:00:00,5.753109999999998,6.453333333333335
2021-07-11 01:00:00,6.440428333333333,7.121166666666666
2021-07-11 02:00:00,7.268991666666665,8.0515
2021-07-11 03:00:00,12.134725000000001,13.1305
2021-07-11 04:00:00,13.865314999999999,14.909166666666666
2021-07-11 05:00:00,13.378105000000001,14.427833333333327
2021-07-11 06:00:00,17.492551666666667,18.8025
2021-07-11 07:00:00,21.504778333333338,23.044333333333324
2021-07-11 08:00:00,21.805888333333332,23.330833333333334
2021-07-11 09:00:00,25.61787333333334,27.43849999999999
2021-07-11 10:00:00,28.169271666666667,29.993166666666664
2021-07-11 11:00:00,30.312108333333335,32.13966666666666
2021-07-11 12:00:00,28.22020166666666,29.940333333333335
2021-07-11 13:00:00,31.06456166666668,32.843
2021-07-11 14:00:00,32.067348333333335,33.92133333333333
2021-07-11 15:00:00,32.13739230769231,33.15633333333333
2021-07-11 16:00:00,30.534595000000007,32.198499999999996
2021-07-11 17:00:00,30.261171666666666,32.047333333333334
2021-07-11 18:00:00,30.001318333333337,31.884166666666662
2021-07-11 19:00:00,29.080355,30.885333333333335
2021-07-11 20:00:00,27.71002166666666,29.433166666666672
2021-07-11 21:00:00,23.86854833333333,25.501333333333328
2021-07-11 22:00:00,22.431300000000004,23.93533333333334
2021-07-11 23:00:00,21.753914999999996,23.311833333333325
2021-07-12 00:00:00,20.23554166666667,21.630666666666663
2021-07-12 01:00:00,18.601905000000002,19.940833333333334
2021-07-12 02:00:00,17.21704166666667,18.503666666666664
2021-07-12 03:00:00,15.193244999999997,16.378833333333336
2021-07-12 04:00:00,13.856216666666672,14.911333333333335
2021-07-12 05:00:00,17.282048333333332,18.6485
2021-07-12 06:00:00,15.71159833333333,16.815166666666663
2021-07-12 07:00:00,12.613011666666665,13.748500000000003
2021-07-12 08:00:00,16.92719333333334,18.173833333333334
2021-07-12 09:00:00,14.497756666666662,15.643833333333337
2021-07-12 10:00:00,23.14610333333333,24.922499999999996
2021-07-12 11:00:00,25.109289999999994,26.983000000000004
2021-07-12 12:00:00,19.511903333333336,20.95183333333334
2021-07-12 13:00:00,17.37936666666667,18.819499999999998
2021-07-12 14:00:00,17.09583,18.571
2021-07-12 15:00:00,20.233486666666668,22.0305
2021-07-12 16:00:00,25.13738076923077,26.93266666666666
2021-07-12 17:00:00,22.772456666666667,24.457999999999995
2021-07-12 18:00:00,20.703733333333332,22.270000000000007
2021-07-12 19:00:00,18.46955,19.92716666666667
2021-07-12 20:00:00,18.999185,20.564
2021-07-12 21:00:00,20.862073333333324,22.360000000000007
2021-07-12 22:00:00,18.149925,19.47466666666667
2021-07-12 23:00:00,15.666095000000004,16.87883333333333
2021-07-13 00:00:00,15.880876666666662,17.15616666666666
2021-07-13 01:00:00,16.067701666666668,17.314333333333334
2021-07-13 02:00:00,16.171306666666666,17.432333333333325
2021-07-13 03:00:00,16.15570833333333,17.404166666666665
2021-07-13 04:00:00,11.544144999999995,12.557833333333333
2021-07-13 05:00:00,10.825886666666666,11.752500000000001
2021-07-13 06:00:00,19.34050333333333,20.941333333333333
2021-07-13 07:00:00,28.146971666666673,29.99566666666667
2021-07-13 08:00:00,28.858711666666657,30.796
2021-07-13 09:00:00,27.18745166666666,29.10583333333334
2021-07-13 10:00:00,24.969976666666675,26.755333333333322
2021-07-13 11:00:00,26.76096,28.759833333333336
2021-07-13 12:00:00,28.631291666666673,30.782666666666664
2021-07-13 13:00:00,34.13483666666666,36.48449999999998
2021-07-13 14:00:00,35.442085000000006,37.88933333333332
2021-07-13 15:00:00,35.95693833333334,38.481166666666674
2021-07-13 16:00:00,35.73512833333333,38.26916666666667
2021-07-13 17:00:00,33.526834615384615,35.16783333333334
2021-07-13 18:00:00,31.489031666666676,33.53166666666666
2021-07-13 19:00:00,31.222865000000002,33.28916666666666
2021-07-13 20:00:00,27.366143333333333,29.18083333333333
2021-07-13 21:00:00,23.275374999999993,24.832666666666665
2021-07-13 22:00:00,19.214283333333338,20.599833333333333
2021-07-13 23:00:00,17.521583333333332,18.769333333333336
2021-07-14 00:00:00,14.940755,16.082833333333333
2021-07-14 01:00:00,15.977760000000002,17.185333333333332
2021-07-14 02:00:00,13.701766666666668,14.728333333333332
2021-07-14 03:00:00,9.961926666666669,10.7355
2021-07-14 04:00:00,5.521691666666666,6.113833333333333
2021-07-14 05:00:00,10.023976666666666,11.092
2021-07-14 06:00:00,12.898780000000004,13.947666666666667
2021-07-14 07:00:00,18.459513333333337,19.76766666666667
2021-07-14 08:00:00,22.621223333333322,24.26216666666667
2021-07-14 09:00:00,25.363390000000006,27.018833333333337
2021-07-14 10:00:00,26.73056333333334,28.329666666666665
2021-07-14 11:00:00,26.632986666666664,28.255333333333333
2021-07-14 12:00:00,26.97946166666667,28.52133333333334
2021-07-14 13:00:00,28.282376666666664,29.918666666666663
2021-07-14 14:00:00,28.115971666666674,29.765833333333333
2021-07-14 15:00:00,28.347914999999997,30.06
2021-07-14 16:00:00,28.38902,30.109666666666673
2021-07-14 17:00:00,28.589644999999987,30.37333333333334
2021-07-14 18:00:00,27.97849615384615,29.21383333333334
2021-07-14 19:00:00,27.72209833333334,29.399333333333338
2021-07-14 20:00:00,26.76585333333332,28.54066666666667
2021-07-14 21:00:00,23.973865000000004,25.624333333333325
2021-07-14 22:00:00,23.122041666666654,24.757
2021-07-14 23:00:00,20.664564999999996,22.186333333333323
2021-07-15 00:00:00,16.508365,17.7545
2021-07-15 01:00:00,16.780400000000007,18.152166666666663
2021-07-15 02:00:00,17.89504666666666,19.248500000000003
2021-07-15 03:00:00,15.810621666666664,17.169
2021-07-15 04:00:00,21.47820666666667,23.113500000000005
2021-07-15 05:00:00,22.869803333333333,24.4385
2021-07-15 06:00:00,21.532570000000007,23.03116666666666
2021-07-15 07:00:00,21.104573333333327,22.569666666666667
2021-07-15 08:00:00,19.534308333333332,20.96366666666666
2021-07-15 09:00:00,19.27208666666667,20.66016666666667
2021-07-15 10:00:00,24.763933333333334,26.470333333333325
2021-07-15 11:00:00,27.372351666666667,27.34
2021-07-15 12:00:00,31.48555166666667,
2021-07-15 13:00:00,32.287905,
2021-07-15 14:00:00,32.942370000000004,
2021-07-15 15:00:00,33.089265000000005,
2021-07-15 16:00:00,32.009468333333324,
2021-07-15 17:00:00,28.478941666666653,30.323
2021-07-15 18:00:00,26.765829999999998,28.614333333333335
2021-07-15 19:00:00,25.151315384615376,25.417500000000008
2021-07-15 20:00:00,20.015100000000004,21.289166666666677
2021-07-15 21:00:00,18.35043333333333,19.593166666666676
2021-07-15 22:00:00,15.26456,16.34733333333334
2021-07-15 23:00:00,13.953640000000002,14.980833333333333
2021-07-16 00:00:00,12.318438333333335,13.212999999999996
2021-07-16 01:00:00,8.789903333333335,9.530833333333335
2021-07-16 02:00:00,8.678238333333333,9.466000000000001
2021-07-16 03:00:00,8.248113333333333,8.934500000000003
2021-07-16 04:00:00,6.192096666666667,6.850833333333332
2021-07-16 05:00:00,4.575355,5.278833333333333
2021-07-16 06:00:00,9.295996666666667,10.377833333333335
2021-07-16 07:00:00,12.666366666666667,13.907833333333334
2021-07-16 08:00:00,14.25951166666667,15.644333333333334
2021-07-16 09:00:00,19.054859999999994,20.754333333333342
2021-07-16 10:00:00,23.369745000000005,25.207000000000008
2021-07-16 11:00:00,27.161848333333335,29.23550000000001
2021-07-16 12:00:00,29.022315000000003,31.00050000000002
2021-07-16 13:00:00,29.54961666666667,32.28
2021-07-16 14:00:00,30.958651666666672,33.292
2021-07-16 15:00:00,30.10746833333333,32.31383333333333
2021-07-16 16:00:00,29.417596666666665,31.539333333333342
2021-07-16 17:00:00,27.728758333333325,29.72216666666667
2021-07-16 18:00:00,24.809188333333328,26.59766666666665
2021-07-16 19:00:00,21.446185,22.964500000000005
2021-07-16 20:00:00,17.020688461538462,17.372
2021-07-16 21:00:00,10.500998333333333,11.232166666666664
2021-07-16 22:00:00,6.158101666666666,6.932
2021-07-16 23:00:00,7.315215,8.031166666666667
2021-07-17 00:00:00,3.8992316666666667,4.417666666666666
2021-07-17 01:00:00,2.464068333333334,3.0181666666666676
2021-07-17 02:00:00,1.6766849999999993,2.136166666666667
2021-07-17 03:00:00,0.5740649999999999,1.029666666666667
2021-07-17 04:00:00,1.7133300000000007,2.2319999999999998
2021-07-17 05:00:00,4.522465,5.402666666666667
2021-07-17 06:00:00,8.86268166666667,9.97716666666667
2021-07-17 07:00:00,11.718055000000003,12.869666666666669
2021-07-17 08:00:00,19.889033333333334,21.598499999999998
2021-07-17 09:00:00,23.834476666666664,25.663999999999998
2021-07-17 10:00:00,25.071284999999992,27.027166666666666
2021-07-17 11:00:00,27.660808333333332,29.84016666666667
2021-07-17 12:00:00,35.214425,37.724999999999994
2021-07-17 13:00:00,32.23584833333334,34.671166666666664
2021-07-17 14:00:00,33.436465000000005,36.058333333333344
2021-07-17 15:00:00,34.35542333333333,36.9595
2021-07-17 16:00:00,32.179295,34.428333333333335
2021-07-17 17:00:00,30.586600000000008,32.66783333333334
2021-07-17 18:00:00,30.20936333333333,32.3285
2021-07-17 19:00:00,28.236966666666657,30.156000000000002
2021-07-17 20:00:00,27.040911666666666,28.786666666666676
2021-07-17 21:00:00,25.73201153846153,26.68233333333333
2021-07-17 22:00:00,12.907266666666665,13.86666666666667
2021-07-17 23:00:00,9.131828333333333,9.805166666666668
2021-07-18 00:00:00,1.7395383333333327,2.1905
2021-07-18 01:00:00,1.3413933333333334,1.8030000000000002
2021-07-18 02:00:00,3.5883699999999994,4.243166666666665
2021-07-18 03:00:00,3.28761,3.8416666666666677
2021-07-18 04:00:00,2.8547716666666663,3.4411666666666667
2021-07-18 05:00:00,5.090275000000002,5.849833333333334
2021-07-18 06:00:00,10.581773333333333,11.699000000000003
2021-07-18 07:00:00,15.935796666666665,17.241666666666664
2021-07-18 08:00:00,26.150074999999998,27.987833333333338
2021-07-18 09:00:00,33.40016166666666,35.51
2021-07-18 10:00:00,40.52086666666666,42.961
2021-07-18 11:00:00,40.92682333333334,43.46100000000001
2021-07-18 12:00:00,41.90962666666666,44.82066666666667
2021-07-18 13:00:00,40.69254333333333,43.56766666666667
2021-07-18 14:00:00,39.901309999999995,42.7545
2021-07-18 15:00:00,39.02500333333333,41.679
2021-07-18 16:00:00,39.25958333333335,41.783333333333324
2021-07-18 17:00:00,39.32409499999999,41.8975
2021-07-18 18:00:00,37.85484333333332,40.30933333333333
2021-07-18 19:00:00,35.517368333333344,37.88333333333331
2021-07-18 20:00:00,27.475198333333328,29.276999999999997
2021-07-18 21:00:00,23.888051666666666,25.497000000000007
2021-07-18 22:00:00,19.37566538461538,19.886166666666668
2021-07-18 23:00:00,9.366501666666663,10.037833333333333
2021-07-19 00:00:00,7.194821666666668,7.917333333333335
2021-07-19 01:00:00,10.063976666666669,10.975666666666665
2021-07-19 02:00:00,6.9955833333333315,7.8004999999999995
2021-07-19 03:00:00,7.824463333333333,8.574833333333338
2021-07-19 04:00:00,4.602066666666667,5.174666666666666
2021-07-19 05:00:00,6.630588333333334,7.466833333333332
2021-07-19 06:00:00,9.483453333333332,10.461666666666666
2021-07-19 07:00:00,14.173418333333332,15.364666666666668
2021-07-19 08:00:00,16.09753333333333,17.312500000000004
2021-07-19 09:00:00,20.04468833333334,21.67166666666667
2021-07-19 10:00:00,24.481691666666674,26.45549999999999
2021-07-19 11:00:00,35.72142333333333,38.218166666666676
2021-07-19 12:00:00,40.28591833333334,42.94949999999999
2021-07-19 13:00:00,41.05666666666666,43.69766666666666
2021-07-19 14:00:00,42.516439999999996,45.23116666666665
2021-07-19 15:00:00,43.35591999999999,46.209500000000006
2021-07-19 16:00:00,42.99507666666668,45.58283333333334
2021-07-19 17:00:00,43.29023499999999,46.11600000000001
2021-07-19 18:00:00,40.87179333333335,43.44216666666664
2021-07-19 19:00:00,36.86703166666666,39.14533333333334
2021-07-19 20:00:00,32.97060333333333,35.1895
2021-07-19 21:00:00,25.31036,27.05216666666667
2021-07-19 22:00:00,14.892666666666667,15.996333333333336
2021-07-19 23:00:00,15.849269230769229,15.855500000000001
2021-07-20 00:00:00,9.410046666666668,10.192000000000002
2021-07-20 01:00:00,13.266249999999998,14.288666666666662
2021-07-20 02:00:00,12.501526666666669,13.509166666666667
2021-07-20 03:00:00,10.047871666666667,10.866499999999997
2021-07-20 04:00:00,7.894888333333331,8.654833333333336
2021-07-20 05:00:00,7.9669099999999995,8.852833333333336
2021-07-20 06:00:00,11.891038333333338,13.072666666666667
2021-07-20 07:00:00,17.757330000000007,19.148833333333336
2021-07-20 08:00:00,20.234101666666675,21.986000000000004
2021-07-20 09:00:00,31.065091666666664,33.13466666666668
2021-07-20 10:00:00,38.408026666666665,40.692666666666675
2021-07-20 11:00:00,41.325561666666665,43.63083333333335
2021-07-20 12:00:00,43.310223333333354,45.656666666666645
2021-07-20 13:00:00,42.559200000000004,44.971
2021-07-20 14:00:00,39.239999999999995,41.84183333333333
2021-07-20 15:00:00,37.78351666666667,40.43899999999999
2021-07-20 16:00:00,34.76642666666667,36.974500000000006
2021-07-20 17:00:00,31.133295,33.038166666666676
2021-07-20 18:00:00,29.34074333333334,31.399666666666675
2021-07-20 19:00:00,29.797903333333338,32.303666666666665
2021-07-20 20:00:00,27.35764,29.77316666666666
2021-07-20 21:00:00,21.566013333333338,23.592166666666667
2021-07-20 22:00:00,21.434640000000005,23.62116666666667
2021-07-20 23:00:00,14.108748333333335,15.598166666666666
2021-07-21 00:00:00,12.144461538461538,9.339666666666668
2021-07-21 01:00:00,7.577125000000001,8.499
2021-07-21 02:00:00,8.249145000000004,9.198166666666669
2021-07-21 03:00:00,9.949550000000004,11.046666666666662
2021-07-21 04:00:00,9.450938333333335,10.492833333333335
2021-07-21 05:00:00,10.72933166666667,11.954499999999998
2021-07-21 06:00:00,18.467371666666665,20.76900000000001
2021-07-21 07:00:00,26.019731666666665,29.253166666666647
2021-07-21 08:00:00,28.784141666666667,33.07933333333333
2021-07-21 09:00:00,32.17224499999998,37.68266666666668
2021-07-21 10:00:00,38.07796833333335,44.193333333333335
2021-07-21 11:00:00,43.15007833333332,49.70000000000001
2021-07-21 12:00:00,47.38217166666668,53.65366666666668
2021-07-21 13:00:00,52.365981666666684,58.29066666666666
2021-07-21 14:00:00,53.98379999999999,58.772166666666664
2021-07-21 15:00:00,53.450470000000024,58.35016666666666
2021-07-21 16:00:00,50.87533000000001,55.683666666666674
2021-07-21 17:00:00,50.15558000000001,54.62066666666667
2021-07-21 18:00:00,50.161411666666645,54.58266666666667
2021-07-21 19:00:00,48.985781666666654,53.32500000000001
2021-07-21 20:00:00,46.44543666666666,50.513000000000005
2021-07-21 21:00:00,38.44485666666667,41.824500000000015
2021-07-21 22:00:00,35.59129666666667,38.65299999999999
2021-07-21 23:00:00,28.08994333333333,30.611833333333337
2021-07-22 00:00:00,23.143205000000005,25.267000000000007
2021-07-22 01:00:00,21.965003846153845,23.619166666666672
2021-07-22 02:00:00,16.97525666666667,18.42733333333333
2021-07-22 03:00:00,13.090728333333338,14.28883333333334
2021-07-22 04:00:00,6.354068333333331,7.153166666666667
2021-07-22 05:00:00,15.796429999999992,17.43016666666666
2021-07-22 06:00:00,17.716831666666664,19.401666666666664
2021-07-22 07:00:00,24.077790000000004,26.519666666666673
2021-07-22 08:00:00,34.49393333333333,37.90133333333332
2021-07-22 09:00:00,43.93239166666668,48.190666666666665
2021-07-22 10:00:00,54.14038666666668,59.534166666666685
2021-07-22 11:00:00,58.15794666666669,62.89950000000001
2021-07-22 12:00:00,60.404665,64.81566666666667
2021-07-22 13:00:00,62.769545,67.6285
2021-07-22 14:00:00,64.49718666666665,69.49516666666666
2021-07-22 15:00:00,69.92034833333335,74.84349999999998
2021-07-22 16:00:00,72.65194666666667,77.3635
2021-07-22 17:00:00,64.12981666666667,69.34516666666666
2021-07-22 18:00:00,55.31266333333333,60.53033333333335
2021-07-22 19:00:00,48.680051666666664,54.10133333333333
2021-07-22 20:00:00,33.67766000000001,37.26099999999999
2021-07-22 21:00:00,27.945603333333334,30.479333333333333
2021-07-22 22:00:00,25.616096666666667,27.86816666666667
2021-07-22 23:00:00,25.792825,27.799833333333332
2021-07-23 00:00:00,22.789595000000006,24.578833333333325
2021-07-23 01:00:00,19.822615000000006,21.434500000000003
2021-07-23 02:00:00,18.069111538461538,19.34500000000001
2021-07-23 03:00:00,18.103991666666662,19.532833333333325
2021-07-23 04:00:00,20.251928333333336,21.89083333333333
2021-07-23 05:00:00,20.966310000000014,22.695499999999992
2021-07-23 06:00:00,21.60308833333333,23.35116666666666
2021-07-23 07:00:00,20.376525000000004,22.124333333333336
2021-07-23 08:00:00,21.443475000000003,23.543833333333332
2021-07-23 09:00:00,19.544503333333328,21.94816666666667
2021-07-23 10:00:00,24.86621833333333,27.792499999999997
2021-07-23 11:00:00,26.757631666666665,29.800666666666658
2021-07-23 12:00:00,26.03434166666666,29.001666666666665
2021-07-23 13:00:00,29.510923333333324,32.46533333333333
2021-07-23 14:00:00,31.83654833333334,34.76716666666667
2021-07-23 15:00:00,33.359666666666676,36.241666666666674
2021-07-23 16:00:00,34.22033833333333,37.14816666666666
2021-07-23 17:00:00,33.199651666666675,35.91333333333333
2021-07-23 18:00:00,30.053789999999996,32.54650000000001
2021-07-23 19:00:00,28.79585166666666,31.192000000000007
2021-07-23 20:00:00,30.553548333333346,33.05516666666667
2021-07-23 21:00:00,30.053126666666653,32.45616666666667
2021-07-23 22:00:00,28.614983333333335,30.97033333333334
2021-07-23 23:00:00,28.147715,30.377666666666673
2021-07-24 00:00:00,27.979031666666668,30.17766666666667
2021-07-24 01:00:00,28.044600000000003,30.087666666666664
2021-07-24 02:00:00,26.567543333333333,28.565333333333328
2021-07-24 03:00:00,25.94285384615385,26.90016666666667
2021-07-24 04:00:00,23.34494666666667,25.08
2021-07-24 05:00:00,23.752380000000002,25.568833333333334
2021-07-24 06:00:00,26.47199166666666,28.420166666666656
2021-07-24 07:00:00,26.812688333333345,28.79633333333333
2021-07-24 08:00:00,25.920341666666676,27.919166666666662
2021-07-24 09:00:00,27.315666666666665,29.422500000000003
2021-07-24 10:00:00,27.40914833333334,29.523999999999997
2021-07-24 11:00:00,28.00696499999999,30.140499999999992
2021-07-24 12:00:00,27.632683333333336,29.865
2021-07-24 13:00:00,28.254843333333337,30.606000000000012
2021-07-24 14:00:00,30.277856666666665,32.73033333333333
2021-07-24 15:00:00,29.90809666666666,32.256499999999996
2021-07-24 16:00:00,30.194959999999995,32.61583333333332
2021-07-24 17:00:00,29.636683333333348,32.078833333333336
2021-07-24 18:00:00,29.78651333333332,32.19533333333334
2021-07-24 19:00:00,29.19436333333333,31.520000000000007
2021-07-24 20:00:00,27.885756666666673,30.138833333333327
2021-07-24 21:00:00,27.232959999999995,29.31500000000001
2021-07-24 22:00:00,26.008211666666675,28.182666666666666
2021-07-24 23:00:00,26.483859999999996,28.59399999999999
2021-07-25 00:00:00,26.703261666666663,28.84400000000001
2021-07-25 01:00:00,25.33031833333334,27.329333333333338
2021-07-25 02:00:00,21.096754999999998,22.837333333333326
2021-07-25 03:00:00,20.040858333333336,21.794333333333324
2021-07-25 04:00:00,22.75218846153846,23.069
2021-07-25 05:00:00,22.634211666666666,24.41999999999999
2021-07-25 06:00:00,22.47611666666666,24.318500000000004
2021-07-25 07:00:00,24.253288333333337,26.42183333333334
2021-07-25 08:00:00,29.16578000000001,31.624666666666663
2021-07-25 09:00:00,31.573446666666666,34.223499999999994
2021-07-25 10:00:00,38.030201666666656,41.1435
2021-07-25 11:00:00,43.06701999999999,46.25400000000002
2021-07-25 12:00:00,39.954846666666676,42.965833333333336
2021-07-25 13:00:00,43.228956666666654,46.53483333333334
2021-07-25 14:00:00,45.17041666666667,48.70183333333334
2021-07-25 15:00:00,44.35739333333332,47.855666666666664
2021-07-25 16:00:00,41.35313833333333,44.728666666666655
2021-07-25 17:00:00,39.493933333333324,42.638333333333335
2021-07-25 18:00:00,38.502255000000005,41.59783333333334
2021-07-25 19:00:00,34.49435833333334,37.46799999999998
2021-07-25 20:00:00,34.508884999999985,37.62116666666665
2021-07-25 21:00:00,31.039011666666667,33.885
2021-07-25 22:00:00,22.929305,25.057166666666667
2021-07-25 23:00:00,18.44613,20.291499999999996
2021-07-26 00:00:00,12.741016666666665,14.086166666666662
2021-07-26 01:00:00,8.996543333333335,10.300000000000002
2021-07-26 02:00:00,15.805636666666667,17.71816666666666
2021-07-26 03:00:00,17.13495,19.165000000000003
2021-07-26 04:00:00,15.019396666666665,16.674
2021-07-26 05:00:00,16.076192307692306,17.579666666666665
2021-07-26 06:00:00,12.781431666666668,14.393833333333331
2021-07-26 07:00:00,22.412891666666667,24.844666666666672
2021-07-26 08:00:00,22.213383333333333,24.658166666666666
2021-07-26 09:00:00,27.652355000000007,30.457
2021-07-26 10:00:00,29.539344999999994,32.4725
2021-07-26 11:00:00,36.64270499999999,40.12933333333332
2021-07-26 12:00:00,41.38445666666666,45.191833333333335
2021-07-26 13:00:00,45.69356833333333,49.763833333333345
2021-07-26 14:00:00,46.202691666666674,50.17033333333334
2021-07-26 15:00:00,46.432315,50.6245
2021-07-26 16:00:00,46.087605,50.16399999999999
2021-07-26 17:00:00,44.62683500000001,48.647500000000015
2021-07-26 18:00:00,40.217535,44.09916666666666
2021-07-26 19:00:00,37.42129166666666,41.02049999999998
2021-07-26 20:00:00,33.718115,37.03300000000001
2021-07-26 21:00:00,32.80708333333333,35.94883333333333
2021-07-26 22:00:00,27.300261666666657,29.77399999999999
2021-07-26 23:00:00,30.017254999999995,32.965999999999994
2021-07-27 00:00:00,26.580396666666655,29.222833333333334
2021-07-27 01:00:00,28.878965,31.773
2021-07-27 02:00:00,31.47479333333333,34.53516666666667
2021-07-27 03:00:00,29.286058333333333,32.123666666666665
2021-07-27 04:00:00,26.237388333333335,28.83283333333333
2021-07-27 05:00:00,25.50792000000002,27.973333333333333
2021-07-27 06:00:00,24.135461538461534,26.59333333333332
2021-07-27 07:00:00,24.65716666666667,27.182666666666663
2021-07-27 08:00:00,24.959086666666664,27.742333333333338
2021-07-27 09:00:00,22.59916666666667,25.325499999999995
2021-07-27 10:00:00,28.40887166666666,31.215
2021-07-27 11:00:00,33.14594666666666,34.650612244897964
2021-07-27 12:00:00,43.02856666666666,47.05619047619049
2021-07-27 13:00:00,38.66804500000001,41.81400000000001
2021-07-27 14:00:00,32.33407166666666,35.36533333333333
2021-07-27 15:00:00,25.969196666666665,28.760833333333323
2021-07-27 16:00:00,28.106020000000008,31.062166666666666
2021-07-27 17:00:00,26.98902166666666,29.727333333333345
2021-07-27 18:00:00,29.345755,32.1405
2021-07-27 19:00:00,35.29772,38.34450000000001
2021-07-27 20:00:00,26.526891666666675,28.95250000000001
2021-07-27 21:00:00,22.85808833333333,25.02766666666667
2021-07-27 22:00:00,22.966424999999997,25.166333333333334
2021-07-27 23:00:00,19.377353333333335,21.328833333333325
2021-07-28 00:00:00,18.913131666666665,20.854666666666667
2021-07-28 01:00:00,23.97644833333333,26.227500000000003
2021-07-28 02:00:00,19.371133333333333,21.262499999999996
2021-07-28 03:00:00,25.439294999999998,27.782666666666668
2021-07-28 04:00:00,24.243945,26.3275
2021-07-28 05:00:00,22.34979166666668,24.313666666666663
2021-07-28 06:00:00,17.212859999999996,18.82866666666667
2021-07-28 07:00:00,18.114350000000005,19.278499999999998
2021-07-28 08:00:00,16.389601666666668,17.866333333333333
2021-07-28 09:00:00,21.46542666666666,23.358333333333317
2021-07-28 10:00:00,24.59518666666667,26.70283333333333
2021-07-28 11:00:00,27.059250000000002,29.23466666666667
2021-07-28 12:00:00,24.61833833333333,26.655500000000004
2021-07-28 13:00:00,21.388331666666666,23.195166666666662
2021-07-28 14:00:00,19.618878333333335,21.31033333333333
2021-07-28 15:00:00,15.308015000000003,16.88566666666667
2021-07-28 16:00:00,15.764771666666661,17.353166666666667
2021-07-28 17:00:00,17.130133333333333,18.717500000000012
2021-07-28 18:00:00,21.357113333333338,23.019499999999994
2021-07-28 19:00:00,18.474656666666665,19.93233333333333
2021-07-28 20:00:00,13.274766666666663,14.471833333333334
2021-07-28 21:00:00,18.819935000000005,20.290000000000003
2021-07-28 22:00:00,21.12458666666667,22.740833333333327
2021-07-28 23:00:00,19.790450000000003,21.492833333333333
2021-07-29 00:00:00,16.549609999999998,17.975999999999992
2021-07-29 01:00:00,16.07316166666667,17.525833333333328
2021-07-29 02:00:00,15.341941666666663,16.753
2021-07-29 03:00:00,17.355923333333333,18.91633333333333
2021-07-29 04:00:00,17.867174999999996,19.406999999999993
2021-07-29 05:00:00,18.373346666666666,19.914499999999997
2021-07-29 06:00:00,17.98379166666667,19.492333333333324
2021-07-29 07:00:00,17.137321666666665,18.46966666666667
2021-07-29 08:00:00,17.454284615384616,20.13283333333333
2021-07-29 09:00:00,21.908364999999996,23.661166666666666
2021-07-29 10:00:00,20.72566833333333,22.505999999999997
2021-07-29 11:00:00,22.508718333333334,24.324000000000012
2021-07-29 12:00:00,24.12079,26.074666666666662
2021-07-29 13:00:00,22.52497166666667,24.371666666666673
2021-07-29 14:00:00,21.691311864406785,23.763333333333332
2021-07-29 15:00:00,24.138993333333335,26.73216666666666
2021-07-29 16:00:00,24.672039999999996,27.285000000000004
2021-07-29 17:00:00,24.317683333333335,26.854999999999997
2021-07-29 18:00:00,24.970515,27.59899999999999
2021-07-29 19:00:00,24.792315000000006,27.188
2021-07-29 20:00:00,20.776699999999998,22.670166666666663
2021-07-29 21:00:00,10.23182,11.116999999999994
2021-07-29 22:00:00,1.6923416666666662,2.3533333333333326
2021-07-29 23:00:00,2.2198383333333336,2.908666666666667
2021-07-30 00:00:00,7.786393333333335,8.984166666666665
2021-07-30 01:00:00,10.829096666666665,12.305166666666667
2021-07-30 02:00:00,14.973246666666666,16.63116666666667
2021-07-30 03:00:00,17.345486666666666,19.141333333333332
2021-07-30 04:00:00,16.564141666666668,18.2665
2021-07-30 05:00:00,15.448708333333332,17.013500000000004
2021-07-30 06:00:00,15.589611666666674,17.239000000000008
2021-07-30 07:00:00,14.500786666666668,16.077833333333338
2021-07-30 08:00:00,13.864994999999997,15.506999999999998
2021-07-30 09:00:00,13.721323076923076,15.308833333333336
2021-07-30 10:00:00,16.241476666666674,17.697000000000003
2021-07-30 11:00:00,17.843893333333337,19.369000000000003
2021-07-30 12:00:00,8.964349999999998,21.30705882352941
2021-07-30 13:00:00,,24.67133333333334
2021-07-30 14:00:00,22.188227272727275,24.924333333333337
2021-07-30 15:00:00,20.759751666666666,22.43566666666667
2021-07-30 16:00:00,20.39435333333334,22.281499999999998
2021-07-30 17:00:00,23.482736666666668,25.333999999999996
2021-07-30 18:00:00,26.088515000000005,28.122333333333344
2021-07-30 19:00:00,27.036283333333337,29.17416666666667
2021-07-30 20:00:00,25.97846,28.06833333333333
2021-07-30 21:00:00,27.451304999999998,29.49533333333334
2021-07-30 22:00:00,21.91921833333334,23.62666666666667
2021-07-30 23:00:00,20.83279666666667,22.646333333333327
2021-07-31 00:00:00,18.505256666666657,20.216166666666666
2021-07-31 01:00:00,21.450919999999993,23.35950000000001
2021-07-31 02:00:00,22.752099999999995,24.72533333333333
2021-07-31 03:00:00,21.97232166666667,23.779666666666678
2021-07-31 04:00:00,21.455553333333334,23.24816666666666
2021-07-31 05:00:00,20.980383333333325,22.727166666666662
2021-07-31 06:00:00,18.238133333333327,19.770999999999997
2021-07-31 07:00:00,21.20511333333333,23.05583333333333
2021-07-31 08:00:00,24.87936166666667,26.929833333333324
2021-07-31 09:00:00,27.60327666666667,29.7015
2021-07-31 10:00:00,27.467523076923076,30.607333333333322
2021-07-31 11:00:00,29.045313333333343,30.987999999999996
2021-07-31 12:00:00,30.988239999999998,33.19116666666666
2021-07-31 13:00:00,32.60526833333333,34.88199999999999
2021-07-31 14:00:00,31.946401666666667,34.07083333333333
2021-07-31 15:00:00,30.855398333333333,33.02483333333333
2021-07-31 16:00:00,30.027124999999998,32.150333333333336
2021-07-31 17:00:00,30.198946666666668,32.235833333333346
2021-07-31 18:00:00,28.321351666666672,30.34733333333332
2021-07-31 19:00:00,26.92166666666667,28.92216666666665
2021-07-31 20:00:00,26.950716666666665,28.98200000000001
2021-07-31 21:00:00,23.06507833333332,24.90733333333333
2021-07-31 22:00:00,20.504655,22.355499999999992
2021-07-31 23:00:00,22.170859999999998,24.096000000000007
2021-08-01 00:00:00,22.946331666666666,24.726000000000003
2021-08-01 01:00:00,21.582383333333336,23.41633333333333
2021-08-01 02:00:00,22.547454999999996,24.32633333333333
2021-08-01 03:00:00,21.26610833333333,22.8445
2021-08-01 04:00:00,16.997686666666667,18.28666666666667
2021-08-01 05:00:00,11.925056666666672,13.007000000000001
2021-08-01 06:00:00,15.091671666666672,16.668333333333337
2021-08-01 07:00:00,19.70398333333333,21.282833333333336
2021-08-01 08:00:00,20.905235000000005,22.701000000000004
2021-08-01 09:00:00,24.918221666666664,27.008000000000003
2021-08-01 10:00:00,26.667281666666664,28.736
2021-08-01 11:00:00,28.822476923076916,30.118999999999996
2021-08-01 12:00:00,28.90818166666666,30.78133333333333
2021-08-01 13:00:00,30.082026666666657,32.07149999999999
2021-08-01 14:00:00,30.674620000000008,32.67733333333333
2021-08-01 15:00:00,28.501219999999996,30.310833333333342
2021-08-01 16:00:00,28.651754999999998,30.691999999999997
2021-08-01 17:00:00,29.76889499999999,31.617166666666662
2021-08-01 18:00:00,25.64177166666667,27.325499999999998
2021-08-01 19:00:00,25.102629999999998,26.871
2021-08-01 20:00:00,23.344571666666663,24.788333333333338
2021-08-01 21:00:00,20.708711666666666,22.23083333333334
2021-08-01 22:00:00,22.196890000000003,23.755833333333335
2021-08-01 23:00:00,21.92939,23.391166666666663
2021-08-02 00:00:00,20.863698333333335,22.245000000000005
2021-08-02 01:00:00,20.784448333333337,22.191666666666663
2021-08-02 02:00:00,20.32739833333333,21.730666666666668
2021-08-02 03:00:00,18.747071666666667,20.04033333333334
2021-08-02 04:00:00,15.241378333333335,16.41166666666666
2021-08-02 05:00:00,11.185893333333333,12.18366666666667
2021-08-02 06:00:00,10.980433333333332,12.028500000000003
2021-08-02 07:00:00,13.838661666666663,15.275166666666669
2021-08-02 08:00:00,18.820498333333333,20.358333333333334
2021-08-02 09:00:00,17.565566666666662,19.155166666666673
2021-08-02 10:00:00,21.615486666666666,23.629999999999995
2021-08-02 11:00:00,27.149799999999992,29.147666666666666
2021-08-02 12:00:00,27.91163076923077,32.024499999999996
2021-08-02 13:00:00,37.026929999999986,39.10100000000001
2021-08-02 14:00:00,37.07212166666667,39.39083333333331
2021-08-02 15:00:00,35.771235,38.01499999999999
2021-08-02 16:00:00,32.60465166666667,34.672
2021-08-02 17:00:00,30.77708,32.87033333333334
2021-08-02 18:00:00,32.360978333333335,34.518166666666666
2021-08-02 19:00:00,29.927789999999998,31.74616666666667
2021-08-02 20:00:00,29.56797,31.497333333333344
2021-08-02 21:00:00,29.46927333333332,31.340499999999995
2021-08-02 22:00:00,22.726611666666663,24.23266666666667
2021-08-02 23:00:00,19.045758333333325,20.362999999999985
2021-08-03 00:00:00,11.701558333333335,12.516666666666671
2021-08-03 01:00:00,7.103765000000002,7.930666666666667
2021-08-03 02:00:00,4.2196483333333346,4.863666666666668
2021-08-03 03:00:00,3.0660633333333336,3.6875000000000004
2021-08-03 04:00:00,1.5651333333333335,2.0936666666666666
2021-08-03 05:00:00,2.6089849999999997,3.2793333333333337
2021-08-03 06:00:00,6.969478333333334,7.925666666666668
2021-08-03 07:00:00,19.164384999999996,20.905666666666665
2021-08-03 08:00:00,27.39307833333334,29.57666666666666
2021-08-03 09:00:00,31.015841666666674,33.24300000000001
2021-08-03 10:00:00,32.99165666666667,35.24683333333333
2021-08-03 11:00:00,35.17260166666666,37.39966666666667
2021-08-03 12:00:00,36.799915000000006,39.13366666666668
2021-08-03 13:00:00,39.83302692307692,44.03716666666666
2021-08-03 14:00:00,43.95933166666667,46.40183333333333
2021-08-03 15:00:00,44.58122166666667,47.174
2021-08-03 16:00:00,45.18438166666667,47.8255
2021-08-03 17:00:00,43.13456333333333,45.66033333333333
2021-08-03 18:00:00,40.53921,43.25616666666668
2021-08-03 19:00:00,38.459146666666676,41.166666666666664
2021-08-03 20:00:00,29.588969999999996,31.607333333333326
2021-08-03 21:00:00,21.112640000000006,22.771499999999993
2021-08-03 22:00:00,15.956876666666663,17.306166666666666
2021-08-03 23:00:00,13.612218333333335,14.7775
2021-08-04 00:00:00,18.550735,20.258852459016392
2021-08-04 01:00:00,20.005463333333342,21.464833333333335
2021-08-04 02:00:00,15.846248333333333,17.11383333333334
2021-08-04 03:00:00,14.077673333333331,15.293333333333335
2021-08-04 04:00:00,7.836216666666667,8.526833333333336
2021-08-04 05:00:00,3.257216666666666,3.9664999999999995
2021-08-04 06:00:00,7.1587250000000004,8.224166666666665
2021-08-04 07:00:00,19.575795000000006,21.677833333333332
2021-08-04 08:00:00,27.426431666666666,29.834333333333316
2021-08-04 09:00:00,33.86660166666667,36.73299999999999
2021-08-04 10:00:00,40.546735,43.90449999999999
2021-08-04 11:00:00,42.338119999999996,45.26683333333334
2021-08-04 12:00:00,38.477835,41.70333333333334
2021-08-04 13:00:00,44.02829666666666,47.76166666666667
2021-08-04 14:00:00,44.156426923076914,48.03766666666665
2021-08-04 15:00:00,45.06931999999999,48.74333333333334
2021-08-04 16:00:00,46.594215000000005,50.63316666666669
2021-08-04 17:00:00,41.67177333333334,45.48216666666666
2021-08-04 18:00:00,27.669755,30.447000000000003
2021-08-04 19:00:00,24.891985000000002,27.818166666666666
2021-08-04 20:00:00,25.490434999999994,28.25316666666666
2021-08-04 21:00:00,19.954211666666662,21.931333333333342
2021-08-04 22:00:00,15.581444999999997,17.390166666666666
2021-08-04 23:00:00,16.117285000000003,17.771
2021-08-05 00:00:00,16.698245000000004,18.758333333333333
2021-08-05 01:00:00,21.622295000000005,23.791833333333333
2021-08-05 02:00:00,21.779515000000004,23.808
2021-08-05 03:00:00,20.553594999999998,22.763833333333327
2021-08-05 04:00:00,18.761176666666675,20.54766666666667
2021-08-05 05:00:00,18.023701666666668,19.82083333333334
2021-08-05 06:00:00,19.71257833333334,21.609666666666655
2021-08-05 07:00:00,22.347635,24.832500000000003
2021-08-05 08:00:00,31.588473333333333,34.30166666666667
2021-08-05 09:00:00,30.242990000000017,33.00383333333334
2021-08-05 10:00:00,28.815201666666674,31.39166666666667
2021-08-05 11:00:00,28.924223333333334,31.5635
2021-08-05 12:00:00,30.039261666666654,32.74533333333333
2021-08-05 13:00:00,30.757385,33.64633333333334
2021-08-05 14:00:00,32.781486666666666,35.72066666666665
2021-08-05 15:00:00,33.69714615384615,36.39483333333333
2021-08-05 16:00:00,31.992538333333336,34.78383333333333
2021-08-05 17:00:00,28.028099999999995,30.925666666666665
2021-08-05 18:00:00,24.624506666666665,27.232166666666668
2021-08-05 19:00:00,23.938423333333333,26.502833333333335
2021-08-05 20:00:00,20.354551666666666,22.62316666666665
2021-08-05 21:00:00,19.55132333333334,21.819166666666675
2021-08-05 22:00:00,15.546159999999997,17.374499999999998
2021-08-05 23:00:00,11.390551666666665,12.928
2021-08-06 00:00:00,14.504521666666664,16.3105
2021-08-06 01:00:00,15.162085000000003,16.988999999999997
2021-08-06 02:00:00,15.841273333333335,17.765333333333334
2021-08-06 03:00:00,15.057786666666669,16.92433333333333
2021-08-06 04:00:00,14.691669999999997,16.46033333333333
2021-08-06 05:00:00,14.535306666666663,16.274000000000004
2021-08-06 06:00:00,14.961296666666668,16.735000000000003
2021-08-06 07:00:00,15.326190000000004,17.174999999999997
2021-08-06 08:00:00,12.879166666666668,14.475666666666667
2021-08-06 09:00:00,11.768688333333333,13.366833333333334
2021-08-06 10:00:00,16.453545000000002,18.646333333333327
2021-08-06 11:00:00,18.102611666666665,20.18133333333333
2021-08-06 12:00:00,22.341274999999996,24.779833333333336
2021-08-06 13:00:00,21.12446166666667,23.467833333333324
2021-08-06 14:00:00,26.478638333333336,28.98983333333333
2021-08-06 15:00:00,27.547524999999993,29.98
2021-08-06 16:00:00,25.243176923076927,28.033499999999993
2021-08-06 17:00:00,29.08056666666666,31.403999999999996
2021-08-06 18:00:00,27.945416666666667,30.088166666666666
2021-08-06 19:00:00,25.14601166666666,27.141833333333327
2021-08-06 20:00:00,23.244166666666665,25.214166666666667
2021-08-06 21:00:00,21.46309333333333,23.378333333333334
2021-08-06 22:00:00,20.783495,22.64116666666667
2021-08-06 23:00:00,21.451403333333335,23.353
2021-08-07 00:00:00,22.66766166666666,24.703999999999994
2021-08-07 01:00:00,22.437575,24.360833333333325
2021-08-07 02:00:00,20.297840000000004,22.146333333333338
2021-08-07 03:00:00,19.283893333333328,21.1235
2021-08-07 04:00:00,19.928830000000005,21.69499999999999
2021-08-07 05:00:00,18.73962666666667,20.46866666666666
2021-08-07 06:00:00,18.568726666666674,20.34633333333333
2021-08-07 07:00:00,18.37562000000001,20.131333333333327
2021-08-07 08:00:00,19.201223333333328,21.137499999999996
2021-08-07 09:00:00,19.801564999999997,21.67366666666668
2021-08-07 10:00:00,18.21924333333333,20.0795
2021-08-07 11:00:00,17.534163333333336,19.570166666666662
2021-08-07 12:00:00,19.62873333333334,21.765833333333333
2021-08-07 13:00:00,18.997456666666665,21.105499999999996
2021-08-07 14:00:00,18.789174999999997,20.927833333333336
2021-08-07 15:00:00,22.293701666666667,25.01516666666667
2021-08-07 16:00:00,26.30460333333333,29.126666666666672
2021-08-07 17:00:00,27.307053846153845,30.76416666666667
2021-08-07 18:00:00,27.393098333333338,29.767
2021-08-07 19:00:00,23.968304999999994,26.436833333333333
2021-08-07 20:00:00,21.705196666666662,24.103999999999992
2021-08-07 21:00:00,22.59858333333334,24.982333333333322
2021-08-07 22:00:00,22.587400000000006,24.90766666666667
2021-08-07 23:00:00,23.727984999999997,26.206333333333347
2021-08-08 00:00:00,26.024078333333343,28.70916666666667
2021-08-08 01:00:00,25.050606666666667,27.5625
2021-08-08 02:00:00,23.793308333333325,26.225499999999997
2021-08-08 03:00:00,23.391888333333327,25.818833333333334
2021-08-08 04:00:00,21.493018333333332,23.804666666666655
2021-08-08 05:00:00,21.656948333333336,23.89666666666666
2021-08-08 06:00:00,21.445045,23.69916666666667
2021-08-08 07:00:00,21.395861666666665,23.7135
2021-08-08 08:00:00,20.717730000000003,23.020500000000006
2021-08-08 09:00:00,24.639761666666672,27.377500000000005
2021-08-08 10:00:00,26.33011666666665,29.304500000000008
2021-08-08 11:00:00,30.634358333333342,33.50283333333333
2021-08-08 12:00:00,33.77785,36.70116666666667
2021-08-08 13:00:00,31.29932166666667,33.937000000000005
2021-08-08 14:00:00,30.826151666666654,33.49916666666666
2021-08-08 15:00:00,30.80025833333334,33.39416666666666
2021-08-08 16:00:00,30.409261666666673,33.131166666666665
2021-08-08 17:00:00,29.063541666666662,31.54816666666667
2021-08-08 18:00:00,27.769292592592596,30.147333333333332
2021-08-08 19:00:00,23.17822500000001,24.822
2021-08-08 20:00:00,19.02766166666667,20.845833333333335
2021-08-08 21:00:00,18.927975000000004,20.726999999999997
2021-08-08 22:00:00,17.425166666666662,19.10183333333333
2021-08-08 23:00:00,16.587104999999994,18.14183333333333
2021-08-09 00:00:00,17.331818333333334,19.05116666666667
2021-08-09 01:00:00,17.077041666666673,18.734666666666662
2021-08-09 02:00:00,16.57933166666666,18.09133333333334
2021-08-09 03:00:00,14.599095,15.995333333333338
2021-08-09 04:00:00,14.065964999999997,15.489333333333333
2021-08-09 05:00:00,15.43545166666667,17.004666666666665
2021-08-09 06:00:00,13.228865000000003,14.641833333333329
2021-08-09 07:00:00,11.030100000000001,12.320166666666665
2021-08-09 08:00:00,10.094575000000003,11.382166666666667
2021-08-09 09:00:00,16.32716333333333,18.172500000000007
2021-08-09 10:00:00,17.75690333333333,19.565
2021-08-09 11:00:00,22.902300000000004,25.10233333333333
2021-08-09 12:00:00,29.480798333333333,31.82916666666667
2021-08-09 13:00:00,29.616016666666667,31.933666666666664
2021-08-09 14:00:00,29.86080333333334,32.323
2021-08-09 15:00:00,27.562586666666657,29.865833333333324
2021-08-09 16:00:00,26.117050000000006,28.362333333333346
2021-08-09 17:00:00,21.389396666666666,23.297500000000007
2021-08-09 18:00:00,17.77542166666667,19.52866666666666
2021-08-09 19:00:00,16.75155,16.8715
2021-08-09 20:00:00,9.264964999999998,10.226666666666665
2021-08-09 21:00:00,8.242073333333334,9.222666666666667
2021-08-09 22:00:00,9.046163333333334,10.244833333333332
2021-08-09 23:00:00,12.319136666666669,13.705333333333341
2021-08-10 00:00:00,13.751430000000001,15.219666666666672
2021-08-10 01:00:00,14.981385000000005,16.595166666666668
2021-08-10 02:00:00,14.474188333333332,15.905666666666667
2021-08-10 03:00:00,12.884468333333333,14.411666666666667
2021-08-10 04:00:00,11.424730000000002,12.769499999999999
2021-08-10 05:00:00,9.118049999999995,10.304166666666667
2021-08-10 06:00:00,7.794826666666665,8.948500000000003
2021-08-10 07:00:00,7.960333333333335,9.203666666666667
2021-08-10 08:00:00,21.342854999999997,23.66583333333334
2021-08-10 09:00:00,27.392685000000004,30.083166666666664
2021-08-10 10:00:00,28.399001666666667,31.267666666666663
2021-08-10 11:00:00,30.50420833333333,33.35866666666667
2021-08-10 12:00:00,32.290376666666674,35.156666666666666
2021-08-10 13:00:00,33.61049666666667,36.41133333333333
2021-08-10 14:00:00,34.427593333333334,37.15599999999999
2021-08-10 15:00:00,34.83596333333334,37.71433333333333
2021-08-10 16:00:00,33.441068333333334,36.09950000000001
2021-08-10 17:00:00,32.938113333333334,35.5125
2021-08-10 18:00:00,31.46234333333333,34.0155
2021-08-10 19:00:00,30.141576666666666,32.61716666666668
2021-08-10 20:00:00,28.588555555555555,28.679166666666664
2021-08-10 21:00:00,17.184765000000002,18.60783333333333
2021-08-10 22:00:00,13.196023333333331,14.549000000000005
2021-08-10 23:00:00,8.267748333333335,9.324833333333334
2021-08-11 00:00:00,10.209085,11.6285
2021-08-11 01:00:00,14.091166666666663,15.625333333333336
2021-08-11 02:00:00,14.001486666666665,15.530833333333334
2021-08-11 03:00:00,18.739998333333332,20.645833333333332
2021-08-11 04:00:00,18.04943666666667,19.825499999999998
2021-08-11 05:00:00,16.51544333333334,18.071333333333335
2021-08-11 06:00:00,14.174515000000005,15.686833333333333
2021-08-11 07:00:00,13.415301666666664,14.953000000000001
2021-08-11 08:00:00,15.915303333333336,17.584999999999997
2021-08-11 09:00:00,18.28686500000001,20.209999999999994
2021-08-11 10:00:00,19.778629999999996,21.828499999999995
2021-08-11 11:00:00,21.478088333333332,23.49249999999999
2021-08-11 12:00:00,21.18710333333333,23.253333333333337
2021-08-11 13:00:00,20.704615000000004,22.634666666666668
2021-08-11 14:00:00,20.605701666666675,23.016000000000005
2021-08-11 15:00:00,20.892298333333333,23.379999999999995
2021-08-11 16:00:00,19.94183,22.284000000000002
2021-08-11 17:00:00,20.88923499999999,23.35233333333333
2021-08-11 18:00:00,19.119473333333328,21.42733333333334
2021-08-11 19:00:00,15.741533333333335,17.83499999999999
2021-08-11 20:00:00,19.551261666666676,21.837166666666665
2021-08-11 21:00:00,19.17830769230769,18.860500000000002
2021-08-11 22:00:00,12.294671666666668,13.560333333333329
2021-08-11 23:00:00,11.542155000000001,12.909833333333326
2021-08-12 00:00:00,14.832416666666669,16.573833333333333
2021-08-12 01:00:00,15.51984,16.99083333333333
2021-08-12 02:00:00,15.954559999999999,17.496666666666666
2021-08-12 03:00:00,14.259080000000003,15.588833333333334
2021-08-12 04:00:00,11.028483333333332,12.265166666666667
2021-08-12 05:00:00,10.885613333333334,12.041499999999997
2021-08-12 06:00:00,9.972721666666668,11.138666666666667
2021-08-12 07:00:00,11.490259999999997,12.952333333333335
2021-08-12 08:00:00,14.118415,15.754500000000004
2021-08-12 09:00:00,18.23236166666667,20.076499999999996
2021-08-12 10:00:00,20.710575,22.55316666666666
2021-08-12 11:00:00,25.03562666666667,26.91816666666667
2021-08-12 12:00:00,26.721381666666673,28.78016666666668
2021-08-12 13:00:00,26.846003333333332,28.948333333333334
2021-08-12 14:00:00,28.19164666666666,30.384333333333334
2021-08-12 15:00:00,29.15941333333333,31.306
2021-08-12 16:00:00,31.22273333333333,33.59116666666668
2021-08-12 17:00:00,31.477563333333332,33.6735
2021-08-12 18:00:00,28.555320000000005,30.861833333333333
2021-08-12 19:00:00,26.278233333333333,28.37783333333333
2021-08-12 20:00:00,23.74676999999999,25.804166666666664
2021-08-12 21:00:00,22.309858333333345,24.257166666666656
2021-08-12 22:00:00,22.25096153846154,23.327333333333335
2021-08-12 23:00:00,19.437203333333336,21.1805
2021-08-13 00:00:00,18.621736666666663,20.39866666666667
2021-08-13 01:00:00,17.44193,19.010666666666665
2021-08-13 02:00:00,17.350789999999996,19.003166666666672
2021-08-13 03:00:00,17.22005333333333,18.844833333333334
2021-08-13 04:00:00,17.11741,18.72683333333334
2021-08-13 05:00:00,16.120510000000003,17.642333333333333
2021-08-13 06:00:00,13.459528333333331,14.860166666666665
2021-08-13 07:00:00,16.474833333333336,18.160499999999995
2021-08-13 08:00:00,19.192226666666663,21.131000000000004
2021-08-13 09:00:00,22.30000166666667,24.233833333333337
2021-08-13 10:00:00,25.193668333333342,27.142333333333323
2021-08-13 11:00:00,27.236893333333335,29.664000000000005
2021-08-13 12:00:00,28.155829999999995,30.633333333333333
2021-08-13 13:00:00,29.128474999999998,31.497666666666657
2021-08-13 14:00:00,27.743441666666662,30.093166666666665
2021-08-13 15:00:00,23.799758333333337,26.12283333333334
2021-08-13 16:00:00,24.300205000000002,26.646833333333326
2021-08-13 17:00:00,26.206461666666662,28.566333333333336
2021-08-13 18:00:00,27.341613333333335,29.712666666666667
2021-08-13 19:00:00,24.380781666666664,26.428333333333335
2021-08-13 20:00:00,21.648378333333334,23.654333333333334
2021-08-13 21:00:00,18.47285333333333,20.323666666666668
2021-08-13 22:00:00,18.440521666666662,20.349666666666668
2021-08-13 23:00:00,18.28575384615385,20.605500000000003
2021-08-14 00:00:00,18.877468333333336,20.482333333333333
2021-08-14 01:00:00,18.416034999999997,20.16283333333332
2021-08-14 02:00:00,18.719251666666665,20.48333333333334
2021-08-14 03:00:00,18.606648333333332,20.451166666666673
2021-08-14 04:00:00,17.08494166666667,18.807499999999997
2021-08-14 05:00:00,15.633070000000007,17.31716666666667
2021-08-14 06:00:00,15.945166666666665,17.774166666666666
2021-08-14 07:00:00,19.25437166666666,21.19066666666667
2021-08-14 08:00:00,22.684739999999994,24.96833333333334
2021-08-14 09:00:00,23.423498333333338,25.706166666666665
2021-08-14 10:00:00,23.814543333333337,26.089500000000005
2021-08-14 11:00:00,23.729599999999998,26.04566666666666
2021-08-14 12:00:00,25.764476666666674,28.095833333333328
2021-08-14 13:00:00,24.534433333333332,26.876833333333334
2021-08-14 14:00:00,25.309369999999998,27.737333333333325
2021-08-14 15:00:00,26.699294999999996,29.277500000000014
2021-08-14 16:00:00,23.57792833333333,26.112500000000004
2021-08-14 17:00:00,21.018098333333338,23.206833333333325
2021-08-14 18:00:00,19.857075,21.98449999999999
2021-08-14 19:00:00,15.76324833333333,17.61583333333333
2021-08-14 20:00:00,14.627165,16.349166666666672
2021-08-14 21:00:00,10.758640000000002,12.034166666666673
2021-08-14 22:00:00,7.028851666666666,8.084833333333334
2021-08-14 23:00:00,3.4604383333333337,4.238666666666665
2021-08-15 00:00:00,2.0646615384615385,2.0946666666666665
2021-08-15 01:00:00,3.4177766666666662,4.212833333333334
2021-08-15 02:00:00,6.151214999999999,7.237166666666668
2021-08-15 03:00:00,7.225444999999998,8.368166666666669
2021-08-15 04:00:00,12.282099999999994,13.801833333333333
2021-08-15 05:00:00,13.585424999999995,15.22
2021-08-15 06:00:00,13.532464999999997,15.27633333333333
2021-08-15 07:00:00,16.435188333333336,18.429166666666667
2021-08-15 08:00:00,23.601734999999998,25.978166666666663
2021-08-15 09:00:00,29.945724999999996,32.595333333333336
2021-08-15 10:00:00,31.298974999999995,33.99666666666666
2021-08-15 11:00:00,29.450936666666667,32.0275
2021-08-15 12:00:00,26.812796666666674,29.46533333333333
2021-08-15 13:00:00,27.73920999999999,30.55266666666667
2021-08-15 14:00:00,27.50242666666666,30.249499999999998
2021-08-15 15:00:00,26.672133333333324,29.30283333333333
2021-08-15 16:00:00,28.683746666666657,31.360333333333337
2021-08-15 17:00:00,29.869825000000002,32.49816666666666
2021-08-15 18:00:00,26.209309999999995,28.543166666666668
2021-08-15 19:00:00,25.105115,27.391999999999996
2021-08-15 20:00:00,23.769358333333333,25.833333333333336
2021-08-15 21:00:00,24.176243333333332,26.295833333333334
2021-08-15 22:00:00,29.669261666666674,32.179
2021-08-15 23:00:00,31.033666666666665,33.715999999999994
2021-08-16 00:00:00,29.736643333333337,32.32016666666667
2021-08-16 01:00:00,29.847029629629628,32.51233333333334
2021-08-16 02:00:00,27.975673333333337,30.348166666666664
2021-08-16 03:00:00,28.552898333333324,31.16066666666667
2021-08-16 04:00:00,29.11894333333333,31.712000000000003
2021-08-16 05:00:00,27.783889999999996,30.275666666666673
2021-08-16 06:00:00,25.852883333333338,28.165166666666668
2021-08-16 07:00:00,25.910758333333327,28.4685
2021-08-16 08:00:00,27.23601333333333,29.754166666666666
2021-08-16 09:00:00,29.078390000000006,31.71116666666667
2021-08-16 10:00:00,29.42194,32.31933333333332
2021-08-16 11:00:00,32.350060000000006,35.36000000000001
2021-08-16 12:00:00,32.64211833333333,35.64833333333334
2021-08-16 13:00:00,34.05665666666666,37.11783333333332
2021-08-16 14:00:00,33.189906666666666,36.238833333333325
2021-08-16 15:00:00,34.794833333333344,37.82150000000001
2021-08-16 16:00:00,34.940261666666665,38.041166666666676
2021-08-16 17:00:00,36.23690333333333,39.30116666666667
2021-08-16 18:00:00,35.030199999999994,38.0125
2021-08-16 19:00:00,33.27807333333334,36.196333333333335
2021-08-16 20:00:00,31.36367333333333,34.34983333333333
2021-08-16 21:00:00,29.878804999999986,32.663
2021-08-16 22:00:00,29.18204333333333,31.981166666666656
2021-08-16 23:00:00,26.043918333333338,28.696666666666665
2021-08-17 00:00:00,25.481710000000007,27.9955
2021-08-17 01:00:00,26.979544999999995,29.687333333333342
2021-08-17 02:00:00,27.883359259259258,29.693499999999997
2021-08-17 03:00:00,27.00234500000001,29.498833333333337
2021-08-17 04:00:00,26.56836666666667,29.33416666666667
2021-08-17 05:00:00,25.446931666666657,28.11849999999999
2021-08-17 06:00:00,23.65993166666667,26.116833333333332
2021-08-17 07:00:00,21.445548333333328,23.65983333333333
2021-08-17 08:00:00,22.838191666666667,25.287000000000003
2021-08-17 09:00:00,23.163428333333332,25.59683333333334
2021-08-17 10:00:00,22.761815,25.234500000000004
2021-08-17 11:00:00,21.477693333333324,23.940333333333342
2021-08-17 12:00:00,20.967610000000004,23.348333333333336
2021-08-17 13:00:00,20.515465000000003,22.83333333333333
2021-08-17 14:00:00,22.369725,24.54116666666666
2021-08-17 15:00:00,23.117845,25.3945
2021-08-17 16:00:00,23.52286166666666,25.82266666666667
2021-08-17 17:00:00,21.732278333333333,24.004666666666665
2021-08-17 18:00:00,23.71962666666667,26.208999999999996
2021-08-17 19:00:00,20.984485,23.18466666666666
2021-08-17 20:00:00,19.899524999999997,22.247
2021-08-17 21:00:00,20.097643333333334,22.335166666666673
2021-08-17 22:00:00,20.969311666666666,23.1315
2021-08-17 23:00:00,21.209511666666668,23.31366666666667
2021-08-18 00:00:00,21.140775000000005,23.363999999999987
2021-08-18 01:00:00,20.987305000000006,23.14033333333333
2021-08-18 02:00:00,19.167690000000004,21.27350000000001
2021-08-18 03:00:00,19.971846153846155,22.347999999999995
2021-08-18 04:00:00,21.23135833333334,23.18216666666666
2021-08-18 05:00:00,20.120076666666662,22.195999999999994
2021-08-18 06:00:00,20.195590000000003,22.19383333333333
2021-08-18 07:00:00,19.933851666666666,21.861333333333334
2021-08-18 08:00:00,20.070631666666664,22.116166666666675
2021-08-18 09:00:00,17.496161666666662,19.393833333333326
2021-08-18 10:00:00,20.61940333333333,22.93983333333332
2021-08-18 11:00:00,21.84820166666667,24.151666666666664
2021-08-18 12:00:00,21.487540000000006,23.739333333333335
2021-08-18 13:00:00,21.752449999999996,24.074333333333335
2021-08-18 14:00:00,21.531985000000002,23.83033333333333
2021-08-18 15:00:00,23.70989166666667,26.121333333333336
2021-08-18 16:00:00,23.749458333333337,26.09066666666666
2021-08-18 17:00:00,24.151763333333335,26.59950000000001
2021-08-18 18:00:00,22.650660000000002,25.01083333333333
2021-08-18 19:00:00,21.168878333333332,23.383833333333325
2021-08-18 20:00:00,20.281954999999996,22.4665
2021-08-18 21:00:00,19.101985,21.200833333333335
2021-08-18 22:00:00,18.516459999999995,20.461
2021-08-18 23:00:00,20.12307666666667,22.179166666666664
2021-08-19 00:00:00,20.113981666666678,22.139333333333333
2021-08-19 01:00:00,18.078096666666664,20.098666666666663
2021-08-19 02:00:00,18.372494999999997,20.384333333333338
2021-08-19 03:00:00,16.798219999999997,18.481166666666663
2021-08-19 04:00:00,15.282648148148152,15.98033333333333
2021-08-19 05:00:00,10.108026666666666,11.161833333333334
2021-08-19 06:00:00,8.433231666666666,9.564500000000002
2021-08-19 07:00:00,15.861364999999997,17.692499999999995
2021-08-19 08:00:00,19.22491000000001,21.134833333333336
2021-08-19 09:00:00,25.734009999999994,28.091333333333314
2021-08-19 10:00:00,22.038578333333337,24.20166666666667
2021-08-19 11:00:00,21.60835666666666,23.83450000000001
2021-08-19 12:00:00,19.95556666666666,22.18716666666666
2021-08-19 13:00:00,20.034283333333327,22.1565
2021-08-19 14:00:00,19.573465000000002,21.72783333333333
2021-08-19 15:00:00,19.055921666666663,21.159166666666668
2021-08-19 16:00:00,18.073688333333333,20.201499999999996
2021-08-19 17:00:00,16.34294666666667,18.290499999999994
2021-08-19 18:00:00,11.204043333333335,12.627333333333327
2021-08-19 19:00:00,8.578868333333332,9.9945
2021-08-19 20:00:00,18.428941666666663,20.31
2021-08-19 21:00:00,16.76196333333333,18.562
2021-08-19 22:00:00,12.439338333333334,13.851166666666666
2021-08-19 23:00:00,10.793768333333333,12.142166666666665
2021-08-20 00:00:00,9.74934166666667,11.002166666666666
2021-08-20 01:00:00,10.68882,12.03433333333333
2021-08-20 02:00:00,8.543021666666666,9.695666666666662
2021-08-20 03:00:00,6.336648333333332,7.337500000000001
2021-08-20 04:00:00,8.866510000000002,10.049
2021-08-20 05:00:00,8.941481481481484,8.382999999999997
2021-08-20 06:00:00,9.320608333333332,10.517833333333334
2021-08-20 07:00:00,12.397774999999998,14.061166666666667
2021-08-20 08:00:00,15.711329999999998,17.543000000000003
2021-08-20 09:00:00,18.604305,20.762833333333333
2021-08-20 10:00:00,23.41112833333333,25.860666666666678
2021-08-20 11:00:00,27.74077499999999,30.417500000000004
2021-08-20 12:00:00,29.281878333333335,31.95983333333334
2021-08-20 13:00:00,28.396211666666666,31.079000000000008
2021-08-20 14:00:00,23.469451666666664,25.8265
2021-08-20 15:00:00,23.104026666666673,25.452499999999997
2021-08-20 16:00:00,21.67935,23.940999999999995
2021-08-20 17:00:00,20.111449999999998,22.16216666666667
2021-08-20 18:00:00,17.607166666666664,19.649833333333337
2021-08-20 19:00:00,16.186446666666665,17.947333333333333
2021-08-20 20:00:00,15.42337166666667,17.182499999999997
2021-08-20 21:00:00,16.173513333333332,18.058333333333326
2021-08-20 22:00:00,16.51027833333333,18.381333333333334
2021-08-20 23:00:00,14.284215000000001,16.040499999999994
2021-08-21 00:00:00,15.603404999999999,17.419000000000004
2021-08-21 01:00:00,14.308151666666667,15.971333333333332
2021-08-21 02:00:00,16.178443333333334,17.974666666666668
2021-08-21 03:00:00,14.414121666666668,16.05466666666667
2021-08-21 04:00:00,12.328285,13.79066666666667
2021-08-21 05:00:00,8.740145000000002,9.858333333333333
2021-08-21 06:00:00,5.600862962962963,8.284833333333335
2021-08-21 07:00:00,11.104925000000001,12.324499999999999
2021-08-21 08:00:00,9.958423333333336,11.263333333333332
2021-08-21 09:00:00,13.266534999999996,14.987666666666664
2021-08-21 10:00:00,18.842508333333328,20.82483333333333
2021-08-21 11:00:00,21.35472666666667,23.63766666666667
2021-08-21 12:00:00,18.852875,20.91233333333334
2021-08-21 13:00:00,18.104493333333334,20.259166666666662
2021-08-21 14:00:00,17.026451666666667,18.930499999999995
2021-08-21 15:00:00,16.28139333333333,18.211499999999997
2021-08-21 16:00:00,16.458496666666665,18.220666666666666
2021-08-21 17:00:00,15.629396666666667,17.3665
2021-08-21 18:00:00,15.926621666666664,17.461499999999997
2021-08-21 19:00:00,9.363976666666666,10.490333333333334
2021-08-21 20:00:00,1.7999616666666667,2.432666666666667
2021-08-21 21:00:00,0.41238499999999995,1.0230000000000004
2021-08-21 22:00:00,0.4626616666666666,1.0201666666666667
2021-08-21 23:00:00,0.5802066666666668,1.1784999999999999
2021-08-22 00:00:00,0.52053,1.1230000000000002
2021-08-22 01:00:00,0.4589083333333335,1.0838333333333334
2021-08-22 02:00:00,0.3751333333333333,1.0134999999999998
2021-08-22 03:00:00,8.484813333333333,9.7265
2021-08-22 04:00:00,18.657923333333336,20.36733333333333
2021-08-22 05:00:00,14.969703333333333,16.3985
2021-08-22 06:00:00,20.034708333333334,21.899000000000008
2021-08-22 07:00:00,16.902807692307697,19.636166666666668
2021-08-22 08:00:00,20.04979833333333,21.637666666666657
2021-08-22 09:00:00,21.36869,23.4335
2021-08-22 10:00:00,26.36597166666666,28.782666666666657
2021-08-22 11:00:00,28.436716666666666,31.067999999999998
2021-08-22 12:00:00,31.44361499999999,34.331
2021-08-22 13:00:00,33.77517166666666,36.671000000000014
2021-08-22 14:00:00,35.14211833333332,37.99883333333333
2021-08-22 15:00:00,35.238701666666664,38.09316666666666
2021-08-22 16:00:00,33.45956166666668,36.140333333333324
2021-08-22 17:00:00,32.921545,35.57083333333333
2021-08-22 18:00:00,31.305124999999993,33.92383333333334
2021-08-22 19:00:00,29.26599666666667,31.761333333333333
2021-08-22 20:00:00,25.04325833333333,27.27233333333334
2021-08-22 21:00:00,20.72833166666666,22.675833333333337
2021-08-22 22:00:00,17.776141666666664,19.628333333333334
2021-08-22 23:00:00,21.363506666666662,23.393500000000007
2021-08-23 00:00:00,20.618471666666668,22.587666666666664
2021-08-23 01:00:00,19.126526666666663,21.003166666666665
2021-08-23 02:00:00,17.958581666666678,19.749833333333342
2021-08-23 03:00:00,20.513519999999996,22.3825
2021-08-23 04:00:00,19.564514999999993,21.321666666666665
2021-08-23 05:00:00,17.427854999999997,19.114500000000003
2021-08-23 06:00:00,21.23643833333333,23.227999999999998
2021-08-23 07:00:00,21.90512166666666,23.94099999999999
2021-08-23 08:00:00,26.193670370370366,28.224166666666665
2021-08-23 09:00:00,27.019276666666663,28.994999999999997
2021-08-23 10:00:00,27.882836666666662,29.953500000000002
2021-08-23 11:00:00,32.225450877192976,34.56966666666667
2021-08-23 12:00:00,33.40179000000001,35.875833333333325
2021-08-23 13:00:00,36.96155166666667,39.81849999999998
2021-08-23 14:00:00,39.16447333333333,42.07633333333334
2021-08-23 15:00:00,41.11294166666666,44.150000000000006
2021-08-23 16:00:00,39.367566666666654,43.34616666666667
2021-08-23 17:00:00,37.65932666666665,41.00383333333333
2021-08-23 18:00:00,34.616481666666665,37.50366666666667
2021-08-23 19:00:00,31.26776166666666,33.92283333333334
2021-08-23 20:00:00,28.58813500000001,31.136666666666663
2021-08-23 21:00:00,27.12131833333332,29.451166666666662
2021-08-23 22:00:00,26.192226666666677,28.57233333333334
2021-08-23 23:00:00,24.045218333333334,26.52766666666667
2021-08-24 00:00:00,26.54434333333334,29.26533333333333
2021-08-24 01:00:00,30.194084999999994,33.03416666666665
2021-08-24 02:00:00,31.83625166666666,34.82366666666668
2021-08-24 03:00:00,31.992116666666668,34.855666666666664
2021-08-24 04:00:00,30.843291666666666,33.463499999999996
2021-08-24 05:00:00,28.228311666666674,30.766666666666666
2021-08-24 06:00:00,27.087181666666666,29.64266666666667
2021-08-24 07:00:00,26.456256666666672,28.997333333333334
2021-08-24 08:00:00,28.984366101694913,31.895833333333336
2021-08-24 09:00:00,28.87625555555556,32.81466666666667
2021-08-24 10:00:00,30.191693220338987,32.741166666666665
2021-08-24 11:00:00,32.529451666666674,35.25466666666667
2021-08-24 12:00:00,29.090366666666675,31.836
2021-08-24 13:00:00,29.477738333333328,32.30450000000001
2021-08-24 14:00:00,28.59523166666667,31.119666666666664
2021-08-24 15:00:00,32.15085666666667,35.109500000000004
2021-08-24 16:00:00,30.00469666666667,32.64966666666667
2021-08-24 17:00:00,29.69307166666666,32.378
2021-08-24 18:00:00,25.753700000000006,27.82083333333333
2021-08-24 19:00:00,19.306494999999998,21.169833333333326
2021-08-24 20:00:00,12.575453333333336,13.881333333333329
2021-08-24 21:00:00,5.729688333333333,6.4645
2021-08-24 22:00:00,2.492506666666666,3.2001666666666666
2021-08-24 23:00:00,0.43529333333333325,1.139833333333333
2021-08-25 00:00:00,5.695975000000001,7.287833333333334
2021-08-25 01:00:00,12.05536333333333,13.636500000000002
2021-08-25 02:00:00,16.053099999999997,18.20266666666667
2021-08-25 03:00:00,21.298095,23.386000000000003
2021-08-25 04:00:00,21.342881666666667,23.294499999999992
2021-08-25 05:00:00,24.63151166666666,27.081000000000003
2021-08-25 06:00:00,26.957555000000006,29.24
2021-08-25 07:00:00,25.87879333333333,28.09566666666667
2021-08-25 08:00:00,24.947710000000008,27.178166666666666
2021-08-25 09:00:00,24.229251666666666,26.303
2021-08-25 10:00:00,22.47858148148148,24.31433333333333
2021-08-25 11:00:00,23.7972593220339,25.956666666666663
2021-08-25 12:00:00,27.536223333333336,30.04766666666666
2021-08-25 13:00:00,31.87604333333334,34.834666666666664
2021-08-25 14:00:00,33.650999999999996,36.565666666666665
2021-08-25 15:00:00,30.899494999999998,33.69133333333334
2021-08-25 16:00:00,30.879903333333335,33.989
2021-08-25 17:00:00,28.600348333333333,31.268833333333337
2021-08-25 18:00:00,24.673215000000013,26.905333333333335
2021-08-25 19:00:00,16.165910000000007,17.8595
2021-08-25 20:00:00,7.531974999999997,8.351666666666667
2021-08-25 21:00:00,6.626375,7.844333333333334
2021-08-25 22:00:00,10.493751666666666,12.220166666666666
2021-08-25 23:00:00,12.759813333333332,14.375999999999998
2021-08-26 00:00:00,14.810173333333337,16.392166666666668
2021-08-26 01:00:00,15.849551666666667,17.592666666666663
2021-08-26 02:00:00,14.559598333333337,16.039166666666663
2021-08-26 03:00:00,14.735766666666672,16.37883333333333
2021-08-26 04:00:00,14.814111666666664,16.232666666666667
2021-08-26 05:00:00,12.857116666666665,14.357333333333337
2021-08-26 06:00:00,16.882933333333334,18.758500000000005
2021-08-26 07:00:00,23.13277166666666,25.086000000000006
2021-08-26 08:00:00,26.27208166666667,28.487999999999996
2021-08-26 09:00:00,29.493836666666667,31.67366666666666
2021-08-26 10:00:00,31.273565,33.76766666666667
2021-08-26 11:00:00,33.53324814814815,36.73266666666667
2021-08-26 12:00:00,35.02234745762711,37.335833333333326
2021-08-26 13:00:00,36.297958333333334,38.93633333333334
2021-08-26 14:00:00,37.056856666666654,39.68499999999998
2021-08-26 15:00:00,36.45111999999999,39.1505
2021-08-26 16:00:00,35.160973333333345,37.8845
2021-08-26 17:00:00,34.711938333333336,37.18883333333334
2021-08-26 18:00:00,33.915458333333326,36.34149999999999
2021-08-26 19:00:00,31.62924333333334,33.86566666666667
2021-08-26 20:00:00,29.868264999999997,32.03933333333333
2021-08-26 21:00:00,28.43768999999999,30.525500000000008
2021-08-26 22:00:00,31.043931666666662,33.63966666666668
2021-08-26 23:00:00,34.96532500000001,37.68100000000001
2021-08-27 00:00:00,35.119163333333326,37.61149999999999
2021-08-27 01:00:00,32.39750166666667,34.70933333333334
2021-08-27 02:00:00,31.266031666666667,33.676333333333325
2021-08-27 03:00:00,31.43646999999999,33.90716666666667
2021-08-27 04:00:00,29.306043333333328,31.42783333333334
2021-08-27 05:00:00,28.095449999999985,30.432000000000006
2021-08-27 06:00:00,27.77460833333333,29.962833333333336
2021-08-27 07:00:00,27.251599999999993,29.478499999999997
2021-08-27 08:00:00,27.163930000000004,29.458833333333335
2021-08-27 09:00:00,26.42709833333333,28.729166666666675
2021-08-27 10:00:00,27.351461666666673,29.893499999999996
2021-08-27 11:00:00,30.54385666666667,33.153000000000006
2021-08-27 12:00:00,30.69917777777778,35.028000000000006
2021-08-27 13:00:00,31.97511525423729,34.32533333333333
2021-08-27 14:00:00,33.51741666666667,36.15233333333334
2021-08-27 15:00:00,33.15629833333334,35.84366666666667
2021-08-27 16:00:00,32.581545,35.11016666666667
2021-08-27 17:00:00,31.304650000000006,33.73383333333332
2021-08-27 18:00:00,29.968686666666663,32.36500000000001
2021-08-27 19:00:00,27.444440000000004,29.595833333333324
2021-08-27 20:00:00,26.296858333333336,28.832166666666673
2021-08-27 21:00:00,27.11685333333333,29.214499999999994
2021-08-27 22:00:00,25.040336666666676,27.199333333333335
2021-08-27 23:00:00,19.049083333333325,20.54666666666667
2021-08-28 00:00:00,13.414378333333334,14.873833333333339
2021-08-28 01:00:00,13.91436833333333,15.24666666666667
2021-08-28 02:00:00,13.374074999999994,14.625833333333334
2021-08-28 03:00:00,11.999823333333332,13.250666666666666
2021-08-28 04:00:00,6.680375000000001,7.223666666666667
2021-08-28 05:00:00,0.70427,1.3320000000000003
2021-08-28 06:00:00,2.987938333333333,3.9365000000000006
2021-08-28 07:00:00,11.612354999999997,13.699166666666665
2021-08-28 08:00:00,26.041816666666666,28.740166666666674
2021-08-28 09:00:00,31.381444999999996,34.35666666666666
2021-08-28 10:00:00,32.04456833333333,34.97299999999999
2021-08-28 11:00:00,33.75976166666666,36.74733333333334
2021-08-28 12:00:00,36.904495000000004,40.059333333333335
2021-08-28 13:00:00,38.990722222222225,42.422666666666665
2021-08-28 14:00:00,40.40622372881355,43.50100000000002
2021-08-28 15:00:00,42.196786666666675,45.67116666666668
2021-08-28 16:00:00,40.46966666666666,43.8345
2021-08-28 17:00:00,36.80830166666667,40.09266666666666
2021-08-28 18:00:00,32.24673000000001,35.23916666666667
2021-08-28 19:00:00,27.91381,30.421333333333333
2021-08-28 20:00:00,25.371648333333326,27.807666666666673
2021-08-28 21:00:00,22.901094999999998,24.971333333333334
2021-08-28 22:00:00,12.238391666666667,13.393166666666673
2021-08-28 23:00:00,11.366606666666664,12.904166666666667
2021-08-29 00:00:00,8.010411666666666,8.892499999999997
2021-08-29 01:00:00,3.2970116666666676,3.896500000000001
2021-08-29 02:00:00,1.3214183333333334,2.1148333333333333
2021-08-29 03:00:00,2.6498616666666672,3.403
2021-08-29 04:00:00,1.049085,1.614
2021-08-29 05:00:00,7.856929999999999,9.6885
2021-08-29 06:00:00,22.012658333333334,24.26383333333333
2021-08-29 07:00:00,27.735405000000004,30.642000000000003
2021-08-29 08:00:00,33.694024999999996,36.43066666666668
2021-08-29 09:00:00,36.302875,39.248999999999995
2021-08-29 10:00:00,36.13049166666667,38.93233333333332
2021-08-29 11:00:00,35.24167833333332,38.22066666666668
2021-08-29 12:00:00,37.18729833333334,40.09466666666669
2021-08-29 13:00:00,35.681725,38.52466666666666
2021-08-29 14:00:00,35.251733333333334,37.67433333333333
2021-08-29 15:00:00,35.58337627118643,38.17433333333335
2021-08-29 16:00:00,35.48166500000001,38.379166666666656
2021-08-29 17:00:00,34.58500000000001,37.23283333333333
2021-08-29 18:00:00,32.89790500000001,35.578166666666675
2021-08-29 19:00:00,30.383235,32.877833333333314
2021-08-29 20:00:00,27.340121666666672,29.814333333333327
2021-08-29 21:00:00,25.99654833333333,28.439166666666665
2021-08-29 22:00:00,28.322313333333337,31.001666666666658
2021-08-29 23:00:00,29.03969000000001,31.655833333333327
2021-08-30 00:00:00,29.285556666666665,32.09083333333334
2021-08-30 01:00:00,33.416138333333336,36.21316666666666
2021-08-30 02:00:00,34.11204,36.915833333333325
2021-08-30 03:00:00,32.22824166666666,34.96966666666665
2021-08-30 04:00:00,29.412250000000004,31.46433333333333
2021-08-30 05:00:00,16.222265,17.491500000000006
2021-08-30 06:00:00,17.49467833333334,19.771333333333335
2021-08-30 07:00:00,28.967603333333336,31.85866666666666
2021-08-30 08:00:00,32.920976666666675,35.77
2021-08-30 09:00:00,29.493873333333337,31.999
2021-08-30 10:00:00,27.970989999999993,30.676166666666663
2021-08-30 11:00:00,28.520001666666644,31.22483333333334
2021-08-30 12:00:00,28.75655333333333,31.412999999999997
2021-08-30 13:00:00,27.504315000000005,30.256166666666665
2021-08-30 14:00:00,28.95041666666667,31.941166666666675
2021-08-30 15:00:00,31.926351851851855,34.65083333333333
2021-08-30 16:00:00,29.185655932203385,31.659166666666675
2021-08-30 17:00:00,27.567268333333335,30.234999999999996
2021-08-30 18:00:00,27.10639666666666,29.853000000000012
2021-08-30 19:00:00,28.068016666666665,30.785333333333337
2021-08-30 20:00:00,28.446136666666668,31.142333333333337
2021-08-30 21:00:00,30.571236666666664,33.4805
2021-08-30 22:00:00,31.44381500000001,34.38533333333332
2021-08-30 23:00:00,30.322748333333333,33.06366666666668
2021-08-31 00:00:00,29.090816666666676,31.859499999999993
2021-08-31 01:00:00,28.71944833333333,31.396000000000004
2021-08-31 02:00:00,28.217568333333336,31.069333333333326
2021-08-31 03:00:00,27.113795000000007,29.65133333333333
2021-08-31 04:00:00,27.842671666666664,30.46933333333334
2021-08-31 05:00:00,27.611961666666666,30.09783333333333
2021-08-31 06:00:00,27.50196666666666,30.139666666666674
2021-08-31 07:00:00,27.630398333333343,30.18366666666666
2021-08-31 08:00:00,31.732473333333328,34.73149999999998
2021-08-31 09:00:00,32.72820500000001,35.81633333333334
2021-08-31 10:00:00,33.678596666666664,36.83033333333334
2021-08-31 11:00:00,33.31223166666667,36.13666666666667
2021-08-31 12:00:00,36.122193333333335,39.3335
2021-08-31 13:00:00,35.03935333333334,38.18033333333333
2021-08-31 14:00:00,32.95312333333333,35.97783333333334
2021-08-31 15:00:00,30.710024999999987,33.573833333333326
2021-08-31 16:00:00,29.96475555555556,31.431166666666662
2021-08-31 17:00:00,26.760099999999994,29.20816666666668
2021-08-31 18:00:00,28.843486666666667,31.49183333333333
2021-08-31 19:00:00,26.25475666666666,28.947499999999998
2021-08-31 20:00:00,24.841526666666674,27.395
2021-08-31 21:00:00,24.678081666666667,27.368000000000006
2021-08-31 22:00:00,27.25677666666667,30.075833333333335
2021-08-31 23:00:00,27.395526666666672,30.042499999999997
