Timestamp,O3_49i,2B
2021-06-15T00:00:00Z,14.065298333333336,14.999500000000005
2021-06-15T01:00:00Z,13.015971666666662,13.342499999999996
2021-06-15T02:00:00Z,11.758651666666667,11.698833333333337
2021-06-15T03:00:00Z,8.842189999999995,7.64909090909091
2021-06-15T04:00:00Z,13.829796666666669,13.597192982456136
2021-06-15T05:00:00Z,15.201596666666664,16.380666666666663
2021-06-15T06:00:00Z,10.863808333333337,12.94655172413793
2021-06-15T07:00:00Z,17.886338333333324,19.876
2021-06-15T08:00:00Z,26.55698333333333,24.448166666666665
2021-06-15T09:00:00Z,29.77306333333333,11.873333333333337
2021-06-15T10:00:00Z,32.24305666666667,14.351666666666668
2021-06-15T11:00:00Z,34.989985,20.77566666666667
2021-06-15T12:00:00Z,37.53302833333333,26.49166666666667
2021-06-15T13:00:00Z,41.136471666666665,31.435000000000013
2021-06-15T14:00:00Z,42.24927307692308,31.776333333333323
2021-06-15T15:00:00Z,44.62084666666666,31.307666666666663
2021-06-15T16:00:00Z,41.13765666666667,46.29666666666667
2021-06-15T17:00:00Z,39.33880666666666,42.53666666666666
2021-06-15T18:00:00Z,38.45579,43.21516666666665
2021-06-15T19:00:00Z,37.68426333333333,44.24666666666666
2021-06-15T20:00:00Z,34.973973333333326,41.27166666666666
2021-06-15T21:00:00Z,32.188024999999996,37.103833333333334
2021-06-15T22:00:00Z,31.657591666666672,38.641333333333314
2021-06-15T23:00:00Z,29.349715000000003,33.33666666666665
2021-06-16T00:00:00Z,30.706931666666673,36.72333333333334
2021-06-16T01:00:00Z,29.338853333333343,32.50633333333333
2021-06-16T02:00:00Z,27.474511666666668,32.61666666666668
2021-06-16T03:00:00Z,31.098865,37.760000000000005
2021-06-16T04:00:00Z,33.31741,39.806666666666665
2021-06-16T05:00:00Z,31.87319666666666,38.87499999999999
2021-06-16T06:00:00Z,32.095605000000006,38.85593220338984
2021-06-16T07:00:00Z,32.17429166666667,35.56666666666668
2021-06-16T08:00:00Z,34.20967,31.98783333333333
2021-06-16T09:00:00Z,32.74209666666668,27.51525423728813
2021-06-16T10:00:00Z,27.828171666666663,23.19833333333333
2021-06-16T11:00:00Z,25.55073499999999,17.51333333333334
2021-06-16T12:00:00Z,23.142885000000003,17.937288135593228
2021-06-16T13:00:00Z,22.995918333333325,17.200000000000003
2021-06-16T14:00:00Z,22.262636666666673,17.586666666666662
2021-06-16T15:00:00Z,21.82601153846154,16.613333333333333
2021-06-16T16:00:00Z,19.72040666666667,15.291666666666666
2021-06-16T17:00:00Z,20.67135,21.09833333333333
2021-06-16T18:00:00Z,22.55587166666667,23.754166666666663
2021-06-16T19:00:00Z,22.603955,24.964999999999996
2021-06-16T20:00:00Z,22.19622833333333,25.07666666666666
2021-06-16T21:00:00Z,22.42167,24.73833333333333
2021-06-16T22:00:00Z,26.98687666666667,31.44683333333334
2021-06-16T23:00:00Z,31.78277333333334,36.68999999999998
2021-06-17T00:00:00Z,29.796085000000005,34.861666666666665
2021-06-17T01:00:00Z,29.183585000000004,34.758833333333335
2021-06-17T02:00:00Z,29.342528333333338,32.716833333333334
2021-06-17T03:00:00Z,29.412065,34.10666666666667
2021-06-17T04:00:00Z,26.813963333333337,28.064999999999987
2021-06-17T05:00:00Z,25.109146666666675,28.139666666666667
2021-06-17T06:00:00Z,26.503149999999987,31.438333333333336
2021-06-17T07:00:00Z,26.78271999999999,31.11166666666666
2021-06-17T08:00:00Z,27.329451666666664,17.467333333333332
2021-06-17T09:00:00Z,29.590678333333337,16.77423728813559
2021-06-17T10:00:00Z,32.15665333333334,20.20500000000001
2021-06-17T11:00:00Z,34.539995,23.306666666666665
2021-06-17T12:00:00Z,34.59489666666666,21.33283333333334
2021-06-17T13:00:00Z,35.59364333333335,29.629999999999995
2021-06-17T14:00:00Z,35.96043999999999,29.351666666666667
2021-06-17T15:00:00Z,34.371491666666664,31.9542372881356
2021-06-17T16:00:00Z,32.85484999999999,26.963333333333335
2021-06-17T17:00:00Z,31.85445499999999,35.799833333333325
2021-06-17T18:00:00Z,30.727291666666662,34.71
2021-06-17T19:00:00Z,30.54085166666666,34.725
2021-06-17T20:00:00Z,28.037351666666662,31.333833333333335
2021-06-17T21:00:00Z,27.950075,32.53299999999999
2021-06-17T22:00:00Z,26.434491666666663,29.928333333333324
2021-06-17T23:00:00Z,27.248904999999993,31.145666666666656
2021-06-18T00:00:00Z,25.613460000000007,28.59666666666667
2021-06-18T01:00:00Z,21.472178333333325,24.358333333333324
2021-06-18T02:00:00Z,17.26662166666667,19.603389830508476
2021-06-18T03:00:00Z,14.440834999999998,15.068333333333332
2021-06-18T04:00:00Z,7.041005,5.1
2021-06-18T05:00:00Z,9.454661666666665,8.917241379310344
2021-06-18T06:00:00Z,15.258310000000003,15.278666666666668
2021-06-18T07:00:00Z,15.963633333333338,16.069499999999998
2021-06-18T08:00:00Z,19.18961999999999,19.665000000000003
2021-06-18T09:00:00Z,21.091035,23.758333333333336
2021-06-18T10:00:00Z,23.85214666666667,18.451000000000008
2021-06-18T11:00:00Z,25.812988333333337,16.358333333333334
2021-06-18T12:00:00Z,25.5546,18.935593220338983
2021-06-18T13:00:00Z,25.734649999999995,18.37166666666667
2021-06-18T14:00:00Z,25.02365,15.356499999999995
2021-06-18T15:00:00Z,24.967475,12.518644067796608
2021-06-18T16:00:00Z,29.987870000000004,27.566666666666663
2021-06-18T17:00:00Z,36.525418518518514,43.46516666666664
2021-06-18T18:00:00Z,31.68901833333334,37.469999999999985
2021-06-18T19:00:00Z,32.29835666666666,38.79999999999999
2021-06-18T20:00:00Z,31.71166499999999,38.24833333333333
2021-06-18T21:00:00Z,28.881733333333333,34.309999999999995
2021-06-18T22:00:00Z,26.82895833333333,31.256666666666664
2021-06-18T23:00:00Z,23.416003333333332,25.85333333333334
2021-06-19T00:00:00Z,20.217581666666668,21.283333333333346
2021-06-19T01:00:00Z,14.484383333333332,15.37833333333333
2021-06-19T02:00:00Z,8.742519999999997,9.04406779661017
2021-06-19T03:00:00Z,8.994468333333332,9.694642857142856
2021-06-19T04:00:00Z,9.61723,9.42033333333333
2021-06-19T05:00:00Z,17.733698333333336,19.341666666666665
2021-06-19T06:00:00Z,26.971129999999995,31.24666666666667
2021-06-19T07:00:00Z,27.38565166666666,28.377166666666668
2021-06-19T08:00:00Z,29.406183333333324,33.681
2021-06-19T09:00:00Z,33.17907666666667,34.58666666666667
2021-06-19T10:00:00Z,34.375989999999994,35.163333333333334
2021-06-19T11:00:00Z,34.844665,37.931999999999995
2021-06-19T12:00:00Z,37.02021,43.91000000000001
2021-06-19T13:00:00Z,38.80400333333334,45.98666666666666
2021-06-19T14:00:00Z,38.43389499999999,45.15316666666665
2021-06-19T15:00:00Z,34.376259999999995,38.730666666666664
2021-06-19T16:00:00Z,31.306055000000008,35.60166666666667
2021-06-19T17:00:00Z,30.17865166666667,34.855
2021-06-19T18:00:00Z,30.19762962962963,34.12083333333334
2021-06-19T19:00:00Z,29.67200333333332,34.526666666666664
2021-06-19T20:00:00Z,27.095700000000004,31.273333333333326
2021-06-19T21:00:00Z,25.608298333333337,30.04016666666668
2021-06-19T22:00:00Z,27.160684999999994,33.323166666666665
2021-06-19T23:00:00Z,27.44722666666667,31.53999999999998
2021-06-20T00:00:00Z,24.815876666666664,28.184999999999995
2021-06-20T01:00:00Z,23.19167166666666,24.717666666666663
2021-06-20T02:00:00Z,25.40078666666666,28.594999999999995
2021-06-20T03:00:00Z,26.23088666666667,31.423333333333336
2021-06-20T04:00:00Z,24.063573333333338,29.211666666666677
2021-06-20T05:00:00Z,24.604788333333335,29.112833333333334
2021-06-20T06:00:00Z,23.167818333333344,27.111666666666668
2021-06-20T07:00:00Z,25.189975000000004,29.880166666666664
2021-06-20T08:00:00Z,27.85741499999999,32.406499999999994
2021-06-20T09:00:00Z,27.93061999999999,32.985
2021-06-20T10:00:00Z,28.637973333333328,34.61833333333334
2021-06-20T11:00:00Z,31.870026666666675,37.30700000000001
2021-06-20T12:00:00Z,34.63590666666667,41.083333333333336
2021-06-20T13:00:00Z,35.46608833333333,42.20500000000001
2021-06-20T14:00:00Z,35.44905666666667,41.62550000000001
2021-06-20T15:00:00Z,34.81424666666666,41.56016666666668
2021-06-20T16:00:00Z,32.187446666666666,37.21666666666667
2021-06-20T17:00:00Z,34.13349333333334,41.09400000000001
2021-06-20T18:00:00Z,34.42410833333333,41.54533333333333
2021-06-20T19:00:00Z,34.03088148148149,38.955
2021-06-20T20:00:00Z,30.701369999999997,37.27166666666666
2021-06-20T21:00:00Z,26.888233333333336,31.82233333333333
2021-06-20T22:00:00Z,21.813845000000004,25.442000000000004
2021-06-20T23:00:00Z,20.78742999999999,24.076166666666673
2021-06-21T00:00:00Z,20.47330833333334,24.070666666666668
2021-06-21T01:00:00Z,17.325566666666667,20.183166666666672
2021-06-21T02:00:00Z,14.004386666666669,15.510000000000002
2021-06-21T03:00:00Z,9.736611666666668,9.757796610169487
2021-06-21T04:00:00Z,12.777725000000004,14.15166666666667
2021-06-21T05:00:00Z,21.443416666666668,25.153333333333325
2021-06-21T06:00:00Z,24.067305,27.47133333333334
2021-06-21T07:00:00Z,25.961931666666672,28.88833333333332
2021-06-21T08:00:00Z,29.92917166666667,22.195833333333336
2021-06-21T09:00:00Z,29.778466666666667,14.667
2021-06-21T10:00:00Z,29.47930666666667,17.066666666666666
2021-06-21T11:00:00Z,28.18669833333333,13.717000000000004
2021-06-21T12:00:00Z,25.919675,14.335500000000003
2021-06-21T13:00:00Z,26.704914999999996,14.192166666666663
2021-06-21T14:00:00Z,24.523095000000005,12.498500000000002
2021-06-21T15:00:00Z,23.55104,12.023166666666668
2021-06-21T16:00:00Z,25.342508333333328,24.144499999999994
2021-06-21T17:00:00Z,26.54646666666666,31.639666666666663
2021-06-21T18:00:00Z,27.422908333333336,33.27599999999999
2021-06-21T19:00:00Z,26.931985000000005,31.431000000000004
2021-06-21T20:00:00Z,23.27745925925926,26.487999999999996
2021-06-21T21:00:00Z,20.600140000000003,21.955333333333343
2021-06-21T22:00:00Z,12.272864999999998,11.32915254237288
2021-06-21T23:00:00Z,9.9465,9.462881355932202
2021-06-22T00:00:00Z,10.654758333333335,9.24516666666667
2021-06-22T01:00:00Z,8.078768333333334,10.041224489795924
2021-06-22T02:00:00Z,1.311088333333333,3.536896551724138
2021-06-22T03:00:00Z,3.6922633333333335,6.521315789473685
2021-06-22T04:00:00Z,7.461508333333332,7.933090909090908
2021-06-22T05:00:00Z,12.304941666666668,13.47383333333334
2021-06-22T06:00:00Z,13.755151666666668,16.107
2021-06-22T07:00:00Z,17.643616666666667,18.8745
2021-06-22T08:00:00Z,26.966981666666666,27.59416666666667
2021-06-22T09:00:00Z,28.41236166666666,28.010833333333327
2021-06-22T10:00:00Z,30.451815,19.257666666666665
2021-06-22T11:00:00Z,31.34855333333333,19.02516666666668
2021-06-22T12:00:00Z,31.12553166666668,15.68433333333334
2021-06-22T13:00:00Z,31.430198333333337,16.3255
2021-06-22T14:00:00Z,31.90032833333333,17.982000000000006
2021-06-22T15:00:00Z,33.04993500000001,22.406166666666657
2021-06-22T16:00:00Z,35.50613833333333,36.41933333333332
2021-06-22T17:00:00Z,35.47359833333334,35.515166666666666
2021-06-22T18:00:00Z,34.082603333333324,40.74666666666666
2021-06-22T19:00:00Z,31.277309999999993,37.87183333333335
2021-06-22T20:00:00Z,28.423273333333327,34.35450000000001
2021-06-22T21:00:00Z,26.94890769230769,32.6525
2021-06-22T22:00:00Z,28.161681666666656,34.19350000000001
2021-06-22T23:00:00Z,20.296303333333334,24.408833333333348
2021-06-23T00:00:00Z,5.829748333333333,6.135
2021-06-23T01:00:00Z,3.89389,5.253333333333335
2021-06-23T02:00:00Z,2.9316083333333323,4.021463414634146
2021-06-23T03:00:00Z,3.7145266666666656,4.029318181818182
2021-06-23T04:00:00Z,3.5163566666666655,4.560851063829787
2021-06-23T05:00:00Z,7.962848333333335,10.462166666666665
2021-06-23T06:00:00Z,13.124366666666663,16.519666666666662
2021-06-23T07:00:00Z,17.15321333333333,19.919333333333327
2021-06-23T08:00:00Z,24.51202333333334,27.16316666666666
2021-06-23T09:00:00Z,24.623176666666662,25.812166666666663
2021-06-23T10:00:00Z,30.688998333333323,24.092166666666667
2021-06-23T11:00:00Z,33.36868333333334,19.672
2021-06-23T12:00:00Z,32.89149166666667,22.957166666666662
2021-06-23T13:00:00Z,29.793023333333323,19.6495
2021-06-23T14:00:00Z,26.650016666666673,15.43
2021-06-23T15:00:00Z,26.18839333333332,21.53716666666667
2021-06-23T16:00:00Z,26.688571666666668,28.4445
2021-06-23T17:00:00Z,26.50873499999999,29.695833333333336
2021-06-23T18:00:00Z,25.12387166666666,27.52620689655171
2021-06-23T19:00:00Z,24.171854999999994,28.65814814814815
2021-06-23T20:00:00Z,24.174218333333336,27.961333333333332
2021-06-23T21:00:00Z,24.45053166666666,27.582833333333337
2021-06-23T22:00:00Z,22.402153846153837,24.51249999999999
2021-06-23T23:00:00Z,19.820246666666655,20.908000000000005
2021-06-24T00:00:00Z,21.377823333333325,23.798166666666667
2021-06-24T01:00:00Z,20.82058666666666,22.9605
2021-06-24T02:00:00Z,20.079813333333327,23.69383333333334
2021-06-24T03:00:00Z,16.333678333333335,16.840500000000002
2021-06-24T04:00:00Z,13.135114999999995,12.258166666666666
2021-06-24T05:00:00Z,11.523386666666662,9.717000000000002
2021-06-24T06:00:00Z,10.866451666666672,9.628813559322031
2021-06-24T07:00:00Z,7.152436666666669,5.743333333333334
2021-06-24T08:00:00Z,7.856711666666667,5.7932075471698115
2021-06-24T09:00:00Z,9.300693333333331,2.802647058823529
2021-06-24T10:00:00Z,8.69065166666667,2.718857142857142
2021-06-24T11:00:00Z,11.699365000000002,5.065799999999999
2021-06-24T12:00:00Z,15.830121666666669,7.784561403508772
2021-06-24T13:00:00Z,16.60533,8.475862068965517
2021-06-24T14:00:00Z,17.4737,12.565833333333336
2021-06-24T15:00:00Z,25.99581,20.291500000000006
2021-06-24T16:00:00Z,34.99576500000001,29.04533333333333
2021-06-24T17:00:00Z,31.867418333333333,24.757000000000005
2021-06-24T18:00:00Z,25.538386666666664,29.008333333333333
2021-06-24T19:00:00Z,19.811996666666673,22.27683333333333
2021-06-24T20:00:00Z,19.100648333333325,21.25183333333333
2021-06-24T21:00:00Z,17.53510166666667,20.298
2021-06-24T22:00:00Z,15.814766666666664,18.65316666666667
2021-06-24T23:00:00Z,15.295576923076924,20.810166666666664
2021-06-25T00:00:00Z,18.387421666666665,19.34649999999999
2021-06-25T01:00:00Z,14.799483333333336,14.486166666666668
2021-06-25T02:00:00Z,19.54335666666667,20.678166666666673
2021-06-25T03:00:00Z,20.242855,20.614500000000003
2021-06-25T04:00:00Z,20.79429666666666,20.69049999999999
2021-06-25T05:00:00Z,17.916121666666662,18.54950000000001
2021-06-25T06:00:00Z,14.3015,13.523666666666664
2021-06-25T07:00:00Z,12.713716666666665,13.169661016949153
2021-06-25T08:00:00Z,10.749683333333326,10.673793103448276
2021-06-25T09:00:00Z,12.334211666666672,6.4524074074074065
2021-06-25T10:00:00Z,12.919758333333332,10.123653846153848
2021-06-25T11:00:00Z,16.38424666666667,6.79982142857143
2021-06-25T12:00:00Z,20.52525833333334,9.290178571428571
2021-06-25T13:00:00Z,22.568405,8.806034482758621
2021-06-25T14:00:00Z,21.993999999999993,8.637368421052631
2021-06-25T15:00:00Z,22.397665,9.559824561403513
2021-06-25T16:00:00Z,22.70106666666667,17.786500000000004
2021-06-25T17:00:00Z,22.111385,23.238999999999997
2021-06-25T18:00:00Z,22.519495,24.99016666666666
2021-06-25T19:00:00Z,23.788524999999996,25.631833333333336
2021-06-25T20:00:00Z,23.293295,25.970999999999997
2021-06-25T21:00:00Z,23.850921666666668,27.207499999999996
2021-06-25T22:00:00Z,21.90884333333333,24.67916666666668
2021-06-25T23:00:00Z,21.71557166666667,22.342999999999996
2021-06-26T00:00:00Z,20.82815555555555,21.83283333333333
2021-06-26T01:00:00Z,22.58684166666667,24.70533333333333
2021-06-26T02:00:00Z,21.452148333333337,23.17333333333334
2021-06-26T03:00:00Z,20.196316666666668,21.06066666666666
2021-06-26T04:00:00Z,19.488851666666672,19.952833333333327
2021-06-26T05:00:00Z,18.95703333333334,19.17900000000001
2021-06-26T06:00:00Z,19.534843333333335,21.15166666666667
2021-06-26T07:00:00Z,23.542365000000004,26.510666666666665
2021-06-26T08:00:00Z,25.511963333333323,28.13000000000001
2021-06-26T09:00:00Z,26.134961666666666,30.02633333333334
2021-06-26T10:00:00Z,27.381154999999996,31.5095
2021-06-26T11:00:00Z,27.702380000000005,31.663666666666668
2021-06-26T12:00:00Z,28.813336666666668,32.819499999999984
2021-06-26T13:00:00Z,30.919955,34.757166666666684
2021-06-26T14:00:00Z,31.533975000000005,35.58783333333334
2021-06-26T15:00:00Z,35.772543333333346,40.803500000000014
2021-06-26T16:00:00Z,38.07722666666667,42.81833333333334
2021-06-26T17:00:00Z,36.84039833333332,41.251333333333335
2021-06-26T18:00:00Z,34.34853333333333,39.69366666666667
2021-06-26T19:00:00Z,28.56982333333334,33.44883333333334
2021-06-26T20:00:00Z,23.222796666666664,25.001500000000004
2021-06-26T21:00:00Z,20.652275,22.879166666666663
2021-06-26T22:00:00Z,19.547390000000004,21.006833333333336
2021-06-26T23:00:00Z,20.18862666666666,23.553833333333333
2021-06-27T00:00:00Z,23.337910000000004,26.84166666666666
2021-06-27T01:00:00Z,25.643930769230767,28.84999999999999
2021-06-27T02:00:00Z,19.672586666666668,20.819166666666668
2021-06-27T03:00:00Z,20.963783333333332,23.386833333333335
2021-06-27T04:00:00Z,22.32249333333333,24.5175
2021-06-27T05:00:00Z,22.903523333333332,25.247000000000007
2021-06-27T06:00:00Z,25.51587333333334,28.300833333333344
2021-06-27T07:00:00Z,25.181778333333337,27.418833333333335
2021-06-27T08:00:00Z,27.538529999999987,30.904666666666664
2021-06-27T09:00:00Z,27.139213333333338,29.866
2021-06-27T10:00:00Z,27.40966333333332,31.505999999999997
2021-06-27T11:00:00Z,25.276031666666672,28.314833333333333
2021-06-27T12:00:00Z,26.527653333333333,27.98083333333334
2021-06-27T13:00:00Z,28.471101666666662,30.66433333333333
2021-06-27T14:00:00Z,30.988935000000016,35.940000000000005
2021-06-27T15:00:00Z,32.50326499999999,37.192499999999995
2021-06-27T16:00:00Z,31.140588333333337,34.95616666666667
2021-06-27T17:00:00Z,30.648624999999992,34.491666666666674
2021-06-27T18:00:00Z,29.340503333333327,34.5085
2021-06-27T19:00:00Z,29.37593499999999,34.60583333333333
2021-06-27T20:00:00Z,27.816873333333326,31.94833333333334
2021-06-27T21:00:00Z,25.822169999999993,28.478499999999997
2021-06-27T22:00:00Z,24.71358333333334,28.602499999999996
2021-06-27T23:00:00Z,24.646281666666663,28.523333333333337
2021-06-28T00:00:00Z,23.834778333333336,27.081666666666667
2021-06-28T01:00:00Z,22.587616666666673,24.543833333333335
2021-06-28T02:00:00Z,25.28174615384616,31.107666666666663
2021-06-28T03:00:00Z,26.18719833333333,27.63833333333333
2021-06-28T04:00:00Z,24.795486666666665,27.382
2021-06-28T05:00:00Z,23.93145000000001,26.687833333333337
2021-06-28T06:00:00Z,25.180736666666665,29.150000000000013
2021-06-28T07:00:00Z,23.48943999999999,25.25066666666667
2021-06-28T08:00:00Z,25.26490333333333,27.70483333333333
2021-06-28T09:00:00Z,24.274948333333334,20.659322033898302
2021-06-28T10:00:00Z,21.242496666666675,9.689661016949152
2021-06-28T11:00:00Z,21.033716666666667,11.103793103448274
2021-06-28T12:00:00Z,22.193204999999992,13.291666666666664
2021-06-28T13:00:00Z,22.473321666666667,9.345
2021-06-28T14:00:00Z,20.75326166666667,8.042033898305085
2021-06-28T15:00:00Z,20.32888833333333,7.243859649122809
2021-06-28T16:00:00Z,18.114258333333332,7.612280701754387
2021-06-28T17:00:00Z,17.45734,18.804833333333335
2021-06-28T18:00:00Z,15.384768333333334,15.95783333333333
2021-06-28T19:00:00Z,8.804998333333334,8.377586206896554
2021-06-28T20:00:00Z,6.7138849999999985,5.9829629629629615
2021-06-28T21:00:00Z,6.518683333333332,6.117500000000001
2021-06-28T22:00:00Z,4.390550000000001,4.202173913043478
2021-06-28T23:00:00Z,1.814175,3.419677419354838
2021-06-29T00:00:00Z,1.4634216666666673,4.2215625
2021-06-29T01:00:00Z,2.2538066666666667,3.708888888888889
2021-06-29T02:00:00Z,2.6311250000000017,5.1264705882352946
2021-06-29T03:00:00Z,2.4146000000000005,4.379411764705884
2021-06-29T04:00:00Z,1.8461933333333336,4.617647058823529
2021-06-29T05:00:00Z,6.492366666666668,5.88867924528302
2021-06-29T06:00:00Z,4.370749999999998,4.52288888888889
2021-06-29T07:00:00Z,11.58804,13.85344827586207
2021-06-29T08:00:00Z,17.411140000000007,12.928813559322036
2021-06-29T09:00:00Z,24.779710000000005,12.130508474576274
2021-06-29T10:00:00Z,27.90854,16.644067796610166
2021-06-29T11:00:00Z,30.171385,30.56833333333333
2021-06-29T12:00:00Z,33.18352666666666,34.687096774193556
2021-06-29T13:00:00Z,34.314265625,NA
2021-06-29T14:00:00Z,NA,NA
2021-06-29T15:00:00Z,NA,NA
2021-06-29T16:00:00Z,NA,NA
2021-06-29T17:00:00Z,NA,NA
2021-06-29T18:00:00Z,NA,NA
2021-06-29T19:00:00Z,NA,NA
2021-06-29T20:00:00Z,NA,NA
2021-06-29T21:00:00Z,NA,NA
2021-06-29T22:00:00Z,NA,NA
2021-06-29T23:00:00Z,NA,NA
2021-06-30T00:00:00Z,NA,NA
2021-06-30T01:00:00Z,NA,NA
2021-06-30T02:00:00Z,NA,NA
2021-06-30T03:00:00Z,NA,NA
2021-06-30T04:00:00Z,NA,NA
2021-06-30T05:00:00Z,NA,NA
2021-06-30T06:00:00Z,NA,NA
2021-06-30T07:00:00Z,NA,NA
2021-06-30T08:00:00Z,NA,NA
2021-06-30T09:00:00Z,21.83621666666666,NA
2021-06-30T10:00:00Z,23.37804333333334,NA
2021-06-30T11:00:00Z,25.328674999999993,13.543666666666669
2021-06-30T12:00:00Z,25.712588333333336,11.308305084745763
2021-06-30T13:00:00Z,28.90924333333334,17.534499999999994
2021-06-30T14:00:00Z,31.99344666666667,24.477166666666665
2021-06-30T15:00:00Z,35.27343,29.046666666666667
2021-06-30T16:00:00Z,37.117385,43.616166666666665
2021-06-30T17:00:00Z,36.72372833333332,42.49866666666665
2021-06-30T18:00:00Z,27.55854333333333,31.72799999999999
2021-06-30T19:00:00Z,24.528393333333337,27.39333333333334
2021-06-30T20:00:00Z,22.262743333333347,25.87499999999999
2021-06-30T21:00:00Z,22.064971666666676,25.292500000000008
2021-06-30T22:00:00Z,20.968683333333335,24.702166666666667
2021-06-30T23:00:00Z,20.43579,24.029333333333337
2021-07-01T00:00:00Z,21.341471666666667,26.975499999999997
2021-07-01T01:00:00Z,23.206250000000008,29.35433333333333
2021-07-01T02:00:00Z,22.190470000000005,26.345166666666668
2021-07-01T03:00:00Z,21.124616666666665,26.097500000000007
2021-07-01T04:00:00Z,17.336016666666676,20.204499999999996
2021-07-01T05:00:00Z,14.238884615384617,15.23733333333333
2021-07-01T06:00:00Z,16.431645,17.538666666666664
2021-07-01T07:00:00Z,19.654166666666672,21.806833333333337
2021-07-01T08:00:00Z,20.177190000000007,8.727666666666666
2021-07-01T09:00:00Z,24.31885833333332,11.520333333333337
2021-07-01T10:00:00Z,25.903651666666654,14.285500000000004
2021-07-01T11:00:00Z,30.78535333333333,20.913666666666668
2021-07-01T12:00:00Z,35.63416833333333,24.24016666666666
2021-07-01T13:00:00Z,38.07349666666667,32.30866666666666
2021-07-01T14:00:00Z,42.708009999999994,45.91066666666668
2021-07-01T15:00:00Z,43.15026166666666,44.78083333333334
2021-07-01T16:00:00Z,41.259865,41.73733333333333
2021-07-01T17:00:00Z,40.41849833333334,44.766499999999986
2021-07-01T18:00:00Z,36.72793666666667,39.326833333333326
2021-07-01T19:00:00Z,31.403215,35.81483333333335
2021-07-01T20:00:00Z,28.107874999999993,32.39983333333334
2021-07-01T21:00:00Z,26.428425,30.648500000000013
2021-07-01T22:00:00Z,26.255745,31.660333333333337
2021-07-01T23:00:00Z,27.386615000000003,32.70183333333333
2021-07-02T00:00:00Z,28.25549166666668,33.35199999999998
2021-07-02T01:00:00Z,27.401969999999995,32.02616666666666
2021-07-02T02:00:00Z,28.340488333333333,33.43083333333333
2021-07-02T03:00:00Z,30.55589000000001,35.51699999999999
2021-07-02T04:00:00Z,30.12854500000001,35.751999999999995
2021-07-02T05:00:00Z,29.615720000000007,34.462
2021-07-02T06:00:00Z,30.59175384615385,36.460166666666666
2021-07-02T07:00:00Z,26.77083500000001,30.133999999999997
2021-07-02T08:00:00Z,25.119801666666667,24.007
2021-07-02T09:00:00Z,25.12613499999999,17.303833333333333
2021-07-02T10:00:00Z,25.174538333333327,15.995
2021-07-02T11:00:00Z,25.737411666666667,17.93616666666666
2021-07-02T12:00:00Z,26.57026333333334,13.640666666666664
2021-07-02T13:00:00Z,31.61961666666667,17.196833333333327
2021-07-02T14:00:00Z,37.97929666666669,29.05283333333332
2021-07-02T15:00:00Z,42.37297666666665,39.2715
2021-07-02T16:00:00Z,42.42034666666666,45.78116666666667
2021-07-02T17:00:00Z,43.806259999999995,45.87533333333332
2021-07-02T18:00:00Z,40.22194666666666,43.66266666666668
2021-07-02T19:00:00Z,35.46909666666666,37.919999999999995
2021-07-02T20:00:00Z,26.65541333333334,29.954
2021-07-02T21:00:00Z,19.616195,22.8135
2021-07-02T22:00:00Z,20.20441166666667,25.703999999999997
2021-07-02T23:00:00Z,18.565290000000005,22.536666666666672
2021-07-03T00:00:00Z,18.745374999999992,22.63099999999999
2021-07-03T01:00:00Z,17.463778333333334,19.483166666666666
2021-07-03T02:00:00Z,18.645469999999996,21.318333333333335
2021-07-03T03:00:00Z,17.66904,19.924166666666668
2021-07-03T04:00:00Z,13.915970000000003,15.502333333333336
2021-07-03T05:00:00Z,16.600808333333333,20.0375
2021-07-03T06:00:00Z,22.270280000000007,26.165333333333344
2021-07-03T07:00:00Z,23.665033333333337,28.64383333333333
2021-07-03T08:00:00Z,25.015635,29.16966666666666
2021-07-03T09:00:00Z,21.43354833333334,15.66566666666667
2021-07-03T10:00:00Z,18.58695166666667,15.317796610169491
2021-07-03T11:00:00Z,22.718144999999996,19.079500000000007
2021-07-03T12:00:00Z,26.51302333333332,24.29383333333333
2021-07-03T13:00:00Z,28.31406833333334,24.71333333333333
2021-07-03T14:00:00Z,29.598579999999995,28.863333333333333
2021-07-03T15:00:00Z,32.36209,31.51166666666666
2021-07-03T16:00:00Z,32.62684499999999,34.919166666666655
2021-07-03T17:00:00Z,31.51391,34.10933333333334
2021-07-03T18:00:00Z,24.62299999999999,25.91666666666667
2021-07-03T19:00:00Z,18.444555,19.52533333333334
2021-07-03T20:00:00Z,17.103223333333332,16.389666666666667
2021-07-03T21:00:00Z,12.780438333333336,11.930508474576271
2021-07-03T22:00:00Z,8.630525,6.6685454545454546
2021-07-03T23:00:00Z,4.595534999999998,2.901538461538461
2021-07-04T00:00:00Z,3.5846216666666666,3.389655172413793
2021-07-04T01:00:00Z,6.636525000000002,5.956521739130434
2021-07-04T02:00:00Z,8.891759999999998,6.958983050847459
2021-07-04T03:00:00Z,8.943673333333333,6.963793103448275
2021-07-04T04:00:00Z,8.800576666666666,6.150909090909093
2021-07-04T05:00:00Z,11.10624,8.666333333333334
2021-07-04T06:00:00Z,12.229316666666668,11.160666666666668
2021-07-04T07:00:00Z,14.162139999999996,13.655000000000005
2021-07-04T08:00:00Z,15.06258461538462,14.581833333333332
2021-07-04T09:00:00Z,17.11322666666667,17.658333333333335
2021-07-04T10:00:00Z,13.878833333333336,13.151666666666664
2021-07-04T11:00:00Z,13.060304999999998,12.57983333333334
2021-07-04T12:00:00Z,13.081723333333334,12.362166666666663
2021-07-04T13:00:00Z,15.360015,15.545762711864406
2021-07-04T14:00:00Z,17.248659999999997,17.81833333333333
2021-07-04T15:00:00Z,20.22186,19.794166666666673
2021-07-04T16:00:00Z,21.71530333333333,21.48333333333333
2021-07-04T17:00:00Z,19.074893333333325,20.031666666666673
2021-07-04T18:00:00Z,18.905786666666668,19.904666666666667
2021-07-04T19:00:00Z,14.580786666666668,13.153333333333332
2021-07-04T20:00:00Z,14.33876,13.91166666666667
2021-07-04T21:00:00Z,15.599013333333334,15.822833333333335
2021-07-04T22:00:00Z,16.325170000000004,16.55833333333333
2021-07-04T23:00:00Z,15.081866666666668,15.454999999999997
2021-07-05T00:00:00Z,14.589401666666664,13.971833333333334
2021-07-05T01:00:00Z,13.536721666666676,13.388000000000003
2021-07-05T02:00:00Z,12.054541666666664,12.14
2021-07-05T03:00:00Z,14.061526666666673,12.933333333333332
2021-07-05T04:00:00Z,14.578336666666663,13.422166666666667
2021-07-05T05:00:00Z,13.435579999999996,12.123728813559325
2021-07-05T06:00:00Z,11.541553333333333,10.60677966101695
2021-07-05T07:00:00Z,11.012296666666662,7.504385964912281
2021-07-05T08:00:00Z,17.13298,11.700833333333334
2021-07-05T09:00:00Z,24.911684615384615,10.857500000000009
2021-07-05T10:00:00Z,19.494876666666663,6.37896551724138
2021-07-05T11:00:00Z,20.034305,13.983050847457632
2021-07-05T12:00:00Z,23.305099999999996,22.23
2021-07-05T13:00:00Z,24.558936666666664,9.293275862068963
2021-07-05T14:00:00Z,26.146400000000007,13.29051724137931
2021-07-05T15:00:00Z,25.31535833333333,9.024137931034486
2021-07-05T16:00:00Z,24.235783333333337,15.99783333333333
2021-07-05T17:00:00Z,24.50269333333334,25.06416666666667
2021-07-05T18:00:00Z,23.81901666666668,24.7825
2021-07-05T19:00:00Z,22.75079833333334,23.65349999999999
2021-07-05T20:00:00Z,13.009710000000004,10.094333333333331
2021-07-05T21:00:00Z,13.870490000000006,12.580833333333333
2021-07-05T22:00:00Z,14.284898333333327,14.018333333333336
2021-07-05T23:00:00Z,18.027886666666667,18.58766666666666
2021-07-06T00:00:00Z,18.71259,20.2075
2021-07-06T01:00:00Z,14.80969166666666,14.219166666666668
2021-07-06T02:00:00Z,23.87128166666666,25.640333333333334
2021-07-06T03:00:00Z,26.578534999999995,26.902500000000007
2021-07-06T04:00:00Z,20.242135,20.000833333333336
2021-07-06T05:00:00Z,15.228851666666666,14.9935
2021-07-06T06:00:00Z,10.361838333333331,9.17933333333333
2021-07-06T07:00:00Z,13.633900000000004,13.4615
2021-07-06T08:00:00Z,15.604515,14.714833333333331
2021-07-06T09:00:00Z,22.364103333333333,18.22000000000001
2021-07-06T10:00:00Z,23.80378461538461,12.552000000000003
2021-07-06T11:00:00Z,28.94835833333333,19.427666666666664
2021-07-06T12:00:00Z,22.836720000000007,15.489166666666668
2021-07-06T13:00:00Z,30.192273333333333,19.30066666666666
2021-07-06T14:00:00Z,33.40857666666666,23.678999999999995
2021-07-06T15:00:00Z,25.97616833333334,17.650000000000002
2021-07-06T16:00:00Z,23.42942833333334,16.99266666666667
2021-07-06T17:00:00Z,21.27662,20.508833333333328
2021-07-06T18:00:00Z,18.320626666666666,16.506333333333334
2021-07-06T19:00:00Z,16.326103333333332,16.278166666666667
2021-07-06T20:00:00Z,16.236904999999997,15.027666666666669
2021-07-06T21:00:00Z,15.988459999999998,15.759
2021-07-06T22:00:00Z,16.125958333333326,15.240000000000002
2021-07-06T23:00:00Z,16.245813333333334,15.125737704918036
2021-07-07T00:00:00Z,16.631153333333334,17.007
2021-07-07T01:00:00Z,16.630209999999998,17.400166666666664
2021-07-07T02:00:00Z,15.710458333333335,16.356999999999996
2021-07-07T03:00:00Z,14.122991666666667,12.509999999999998
2021-07-07T04:00:00Z,14.39797333333333,13.463333333333336
2021-07-07T05:00:00Z,14.226010000000002,13.121333333333332
2021-07-07T06:00:00Z,12.329438333333332,11.192000000000002
2021-07-07T07:00:00Z,12.598398333333334,13.059166666666664
2021-07-07T08:00:00Z,12.63025,12.040000000000004
2021-07-07T09:00:00Z,15.955228333333334,15.735333333333328
2021-07-07T10:00:00Z,17.578528333333338,17.533500000000004
2021-07-07T11:00:00Z,18.921115384615383,17.87283333333334
2021-07-07T12:00:00Z,24.562291666666656,24.36883333333333
2021-07-07T13:00:00Z,25.934415,26.699166666666663
2021-07-07T14:00:00Z,20.971551666666663,21.329833333333333
2021-07-07T15:00:00Z,20.787318333333342,19.977500000000003
2021-07-07T16:00:00Z,21.23982166666667,21.3715
2021-07-07T17:00:00Z,30.00024833333333,30.707666666666665
2021-07-07T18:00:00Z,27.337865,27.291333333333338
2021-07-07T19:00:00Z,24.053040000000006,25.018666666666675
2021-07-07T20:00:00Z,19.930391666666672,21.137000000000004
2021-07-07T21:00:00Z,21.567585000000005,23.26383333333333
2021-07-07T22:00:00Z,17.348366666666667,17.914499999999993
2021-07-07T23:00:00Z,16.906221666666664,17.675500000000007
2021-07-08T00:00:00Z,12.38252333333333,11.45683333333333
2021-07-08T01:00:00Z,13.474421666666668,13.672499999999998
2021-07-08T02:00:00Z,12.435078333333337,11.959000000000009
2021-07-08T03:00:00Z,8.256054999999998,8.092833333333335
2021-07-08T04:00:00Z,7.907305,7.642881355932203
2021-07-08T05:00:00Z,10.137934999999995,10.4945
2021-07-08T06:00:00Z,17.550453333333333,20.051499999999997
2021-07-08T07:00:00Z,19.920310000000004,20.26750000000002
2021-07-08T08:00:00Z,23.309285000000006,24.17733333333333
2021-07-08T09:00:00Z,23.780566666666665,14.522333333333332
2021-07-08T10:00:00Z,28.211825,16.161166666666663
2021-07-08T11:00:00Z,30.696718333333344,21.272833333333327
2021-07-08T12:00:00Z,33.113888461538465,24.485666666666667
2021-07-08T13:00:00Z,36.02127666666666,24.808333333333337
2021-07-08T14:00:00Z,35.69039166666665,26.82333333333334
2021-07-08T15:00:00Z,36.25548666666668,27.07266666666667
2021-07-08T16:00:00Z,35.202513333333314,27.306166666666673
2021-07-08T17:00:00Z,34.76859166666667,35.42216666666666
2021-07-08T18:00:00Z,33.88176833333333,35.56383333333334
2021-07-08T19:00:00Z,31.33905333333333,31.724666666666675
2021-07-08T20:00:00Z,28.57431166666667,28.173833333333334
2021-07-08T21:00:00Z,28.06971666666667,27.824500000000008
2021-07-08T22:00:00Z,22.89325166666667,22.7255
2021-07-08T23:00:00Z,14.098803333333333,13.214500000000005
2021-07-09T00:00:00Z,11.880958333333334,11.85
2021-07-09T01:00:00Z,9.629245,8.370508474576273
2021-07-09T02:00:00Z,4.740754999999998,4.2429411764705875
2021-07-09T03:00:00Z,4.168306666666665,3.4162790697674414
2021-07-09T04:00:00Z,4.889075,3.435098039215685
2021-07-09T05:00:00Z,8.377393333333334,7.674000000000001
2021-07-09T06:00:00Z,15.642384999999996,15.570333333333332
2021-07-09T07:00:00Z,23.92381833333333,23.013500000000004
2021-07-09T08:00:00Z,28.03214333333334,29.26783333333333
2021-07-09T09:00:00Z,28.46479333333334,30.663666666666668
2021-07-09T10:00:00Z,28.574455000000007,23.39550000000001
2021-07-09T11:00:00Z,31.00708333333334,31.923333333333332
2021-07-09T12:00:00Z,32.85000499999999,17.95466666666667
2021-07-09T13:00:00Z,34.087657692307694,19.414166666666667
2021-07-09T14:00:00Z,34.01564999999999,19.819666666666663
2021-07-09T15:00:00Z,36.366533333333344,26.529166666666672
2021-07-09T16:00:00Z,38.07017666666666,34.507
2021-07-09T17:00:00Z,37.2101,35.172666666666665
2021-07-09T18:00:00Z,33.00993500000001,32.58083333333333
2021-07-09T19:00:00Z,33.09674666666667,35.18500000000001
2021-07-09T20:00:00Z,27.424666666666667,28.31450000000001
2021-07-09T21:00:00Z,27.687419999999996,29.15233333333332
2021-07-09T22:00:00Z,26.567201666666666,28.70083333333332
2021-07-09T23:00:00Z,27.13949833333334,30.376666666666654
2021-07-10T00:00:00Z,28.78414833333334,31.598000000000003
2021-07-10T01:00:00Z,28.274996666666663,30.158166666666677
2021-07-10T02:00:00Z,25.44807833333333,27.774000000000008
2021-07-10T03:00:00Z,23.058578333333337,25.26766666666668
2021-07-10T04:00:00Z,19.272561666666665,20.455499999999994
2021-07-10T05:00:00Z,15.718248333333332,17.10833333333334
2021-07-10T06:00:00Z,15.135359999999997,16.90083333333333
2021-07-10T07:00:00Z,17.932564999999997,13.779666666666664
2021-07-10T08:00:00Z,22.525021666666664,23.020999999999997
2021-07-10T09:00:00Z,29.23667333333333,31.10833333333334
2021-07-10T10:00:00Z,26.525336666666657,27.72683333333334
2021-07-10T11:00:00Z,26.30833166666666,27.337166666666672
2021-07-10T12:00:00Z,28.440784999999995,29.38916666666667
2021-07-10T13:00:00Z,29.62532666666666,31.5225
2021-07-10T14:00:00Z,28.71119615384615,28.4235
2021-07-10T15:00:00Z,26.942338333333343,28.49266666666667
2021-07-10T16:00:00Z,25.46308,27.539
2021-07-10T17:00:00Z,25.90440000000001,28.076
2021-07-10T18:00:00Z,22.999985,24.484666666666666
2021-07-10T19:00:00Z,19.636209999999995,20.82766666666667
2021-07-10T20:00:00Z,14.241228333333328,14.750999999999996
2021-07-10T21:00:00Z,10.362851666666666,10.784
2021-07-10T22:00:00Z,11.024828333333334,12.989666666666668
2021-07-10T23:00:00Z,7.088351666666665,9.531206896551724
2021-07-11T00:00:00Z,5.753109999999998,8.13372881355932
2021-07-11T01:00:00Z,6.440428333333333,7.907288135593219
2021-07-11T02:00:00Z,7.268991666666665,6.287288135593224
2021-07-11T03:00:00Z,12.134725,12.097833333333336
2021-07-11T04:00:00Z,13.865315,13.863166666666666
2021-07-11T05:00:00Z,13.378105,12.080666666666666
2021-07-11T06:00:00Z,17.492551666666667,18.4165
2021-07-11T07:00:00Z,21.504778333333338,21.87666666666667
2021-07-11T08:00:00Z,21.805888333333332,21.782333333333337
2021-07-11T09:00:00Z,25.61787333333334,26.10449999999999
2021-07-11T10:00:00Z,28.169271666666667,28.943333333333328
2021-07-11T11:00:00Z,30.312108333333335,30.969500000000004
2021-07-11T12:00:00Z,28.22020166666666,27.998666666666665
2021-07-11T13:00:00Z,31.06456166666668,32.174166666666665
2021-07-11T14:00:00Z,32.067348333333335,33.583666666666666
2021-07-11T15:00:00Z,32.13739230769231,33.03799999999999
2021-07-11T16:00:00Z,30.534595000000007,32.85916666666667
2021-07-11T17:00:00Z,30.261171666666662,32.99116666666668
2021-07-11T18:00:00Z,30.001318333333337,32.473499999999994
2021-07-11T19:00:00Z,29.080355,29.651999999999997
2021-07-11T20:00:00Z,27.71002166666666,27.978000000000005
2021-07-11T21:00:00Z,23.86854833333333,23.574333333333335
2021-07-11T22:00:00Z,22.431300000000004,22.679666666666662
2021-07-11T23:00:00Z,21.753914999999996,22.31883333333333
2021-07-12T00:00:00Z,20.23554166666667,19.217333333333332
2021-07-12T01:00:00Z,18.601905,16.425
2021-07-12T02:00:00Z,17.21704166666667,15.208166666666664
2021-07-12T03:00:00Z,15.193244999999996,14.0035
2021-07-12T04:00:00Z,13.856216666666672,11.773
2021-07-12T05:00:00Z,17.282048333333332,15.298333333333328
2021-07-12T06:00:00Z,15.71159833333333,14.086833333333336
2021-07-12T07:00:00Z,12.613011666666663,12.116379310344826
2021-07-12T08:00:00Z,16.92719333333334,15.022333333333334
2021-07-12T09:00:00Z,14.497756666666662,12.79683333333333
2021-07-12T10:00:00Z,23.14610333333333,24.732000000000017
2021-07-12T11:00:00Z,25.10928999999999,31.359333333333343
2021-07-12T12:00:00Z,19.511903333333336,31.767666666666635
2021-07-12T13:00:00Z,17.37936666666667,31.760666666666637
2021-07-12T14:00:00Z,17.09583,31.412666666666706
2021-07-12T15:00:00Z,20.233486666666668,31.356333333333364
2021-07-12T16:00:00Z,25.13738076923077,31.36999999999999
2021-07-12T17:00:00Z,22.772456666666667,23.448666666666668
2021-07-12T18:00:00Z,20.703733333333332,21.533333333333335
2021-07-12T19:00:00Z,18.46955,19.427
2021-07-12T20:00:00Z,18.999185,18.21283333333333
2021-07-12T21:00:00Z,20.862073333333324,19.835500000000007
2021-07-12T22:00:00Z,18.149925,16.56966666666667
2021-07-12T23:00:00Z,15.666095000000004,13.139
2021-07-13T00:00:00Z,15.880876666666662,15.024833333333332
2021-07-13T01:00:00Z,16.067701666666668,16.15866666666666
2021-07-13T02:00:00Z,16.171306666666666,15.631166666666669
2021-07-13T03:00:00Z,16.15570833333333,14.91633333333333
2021-07-13T04:00:00Z,11.544144999999997,10.259000000000002
2021-07-13T05:00:00Z,10.825886666666666,10.459333333333335
2021-07-13T06:00:00Z,19.34050333333333,18.843000000000007
2021-07-13T07:00:00Z,28.146971666666673,27.260666666666665
2021-07-13T08:00:00Z,28.858711666666657,21.146333333333345
2021-07-13T09:00:00Z,27.18745166666666,11.93766666666666
2021-07-13T10:00:00Z,24.969976666666675,9.171578947368422
2021-07-13T11:00:00Z,26.76096,12.122166666666669
2021-07-13T12:00:00Z,28.631291666666673,15.324000000000002
2021-07-13T13:00:00Z,34.13483666666666,22.504166666666663
2021-07-13T14:00:00Z,35.442085000000006,25.78850000000001
2021-07-13T15:00:00Z,35.95693833333334,30.43733333333334
2021-07-13T16:00:00Z,35.73512833333333,30.741333333333337
2021-07-13T17:00:00Z,33.526834615384615,30.74066666666666
2021-07-13T18:00:00Z,31.489031666666676,29.567833333333333
2021-07-13T19:00:00Z,31.222865,30.924
2021-07-13T20:00:00Z,27.366143333333333,26.929833333333324
2021-07-13T21:00:00Z,23.275374999999993,20.85549999999999
2021-07-13T22:00:00Z,19.214283333333334,17.67616666666667
2021-07-13T23:00:00Z,17.521583333333332,17.151500000000002
2021-07-14T00:00:00Z,14.940755,14.792333333333335
2021-07-14T01:00:00Z,15.977760000000002,15.385999999999996
2021-07-14T02:00:00Z,13.701766666666668,12.166833333333331
2021-07-14T03:00:00Z,9.961926666666669,7.982666666666666
2021-07-14T04:00:00Z,5.5216916666666664,5.052941176470589
2021-07-14T05:00:00Z,10.023976666666666,8.591785714285715
2021-07-14T06:00:00Z,12.898780000000004,11.115166666666664
2021-07-14T07:00:00Z,18.459513333333337,16.63116666666667
2021-07-14T08:00:00Z,22.62122333333332,17.75533333333334
2021-07-14T09:00:00Z,25.36339000000001,13.014
2021-07-14T10:00:00Z,26.73056333333334,15.68183333333334
2021-07-14T11:00:00Z,26.632986666666664,16.709491525423726
2021-07-14T12:00:00Z,26.97946166666667,20.53
2021-07-14T13:00:00Z,28.282376666666664,NA
2021-07-14T14:00:00Z,28.11597166666667,NA
2021-07-14T15:00:00Z,28.347914999999997,NA
2021-07-14T16:00:00Z,28.38902,NA
2021-07-14T17:00:00Z,28.589644999999987,27.75627118644067
2021-07-14T18:00:00Z,27.97849615384615,26.394666666666662
2021-07-14T19:00:00Z,27.72209833333334,27.06766666666667
2021-07-14T20:00:00Z,26.76585333333332,25.91816666666667
2021-07-14T21:00:00Z,23.973865000000004,22.32550000000001
2021-07-14T22:00:00Z,23.122041666666657,22.79366666666667
2021-07-14T23:00:00Z,20.664564999999996,19.31372881355932
2021-07-15T00:00:00Z,16.508365,15.591000000000005
2021-07-15T01:00:00Z,16.780400000000007,15.911
2021-07-15T02:00:00Z,17.89504666666666,16.942999999999998
2021-07-15T03:00:00Z,15.810621666666664,14.350166666666668
2021-07-15T04:00:00Z,21.47820666666667,20.655833333333323
2021-07-15T05:00:00Z,22.869803333333333,21.377999999999993
2021-07-15T06:00:00Z,21.532570000000007,19.122166666666672
2021-07-15T07:00:00Z,21.104573333333327,19.56966666666667
2021-07-15T08:00:00Z,19.534308333333332,16.835999999999995
2021-07-15T09:00:00Z,19.27208666666667,12.655000000000005
2021-07-15T10:00:00Z,24.763933333333338,11.337000000000002
2021-07-15T11:00:00Z,27.372351666666667,11.1
2021-07-15T12:00:00Z,31.48555166666667,NA
2021-07-15T13:00:00Z,32.287905,NA
2021-07-15T14:00:00Z,32.942370000000004,NA
2021-07-15T15:00:00Z,33.089265000000005,NA
2021-07-15T16:00:00Z,32.009468333333324,NA
2021-07-15T17:00:00Z,28.478941666666653,22.70833333333333
2021-07-15T18:00:00Z,26.76583,21.51
2021-07-15T19:00:00Z,25.151315384615376,18.72833333333333
2021-07-15T20:00:00Z,20.015100000000004,16.9025
2021-07-15T21:00:00Z,18.35043333333333,15.895333333333332
2021-07-15T22:00:00Z,15.26456,12.6
2021-07-15T23:00:00Z,13.953640000000002,11.332500000000003
2021-07-16T00:00:00Z,12.318438333333336,9.325166666666664
2021-07-16T01:00:00Z,8.789903333333335,5.804999999999999
2021-07-16T02:00:00Z,8.678238333333333,6.033050847457628
2021-07-16T03:00:00Z,8.248113333333333,5.484833333333333
2021-07-16T04:00:00Z,6.192096666666667,3.658666666666667
2021-07-16T05:00:00Z,4.575355,3.6384615384615393
2021-07-16T06:00:00Z,9.295996666666667,7.858474576271186
2021-07-16T07:00:00Z,12.666366666666669,10.877000000000002
2021-07-16T08:00:00Z,14.25951166666667,11.048333333333334
2021-07-16T09:00:00Z,19.05485999999999,12.9555
2021-07-16T10:00:00Z,23.369745000000005,15.550000000000002
2021-07-16T11:00:00Z,27.161848333333335,21.07749999999999
2021-07-16T12:00:00Z,29.022315000000003,19.6425
2021-07-16T13:00:00Z,29.54961666666667,19.84433333333333
2021-07-16T14:00:00Z,30.958651666666672,20.773333333333333
2021-07-16T15:00:00Z,30.10746833333333,20.4575
2021-07-16T16:00:00Z,29.417596666666665,21.294333333333334
2021-07-16T17:00:00Z,27.728758333333325,19.675833333333337
2021-07-16T18:00:00Z,24.809188333333328,17.826666666666664
2021-07-16T19:00:00Z,21.446185,16.294333333333334
2021-07-16T20:00:00Z,17.020688461538462,12.234999999999996
2021-07-16T21:00:00Z,10.500998333333332,6.75833333333333
2021-07-16T22:00:00Z,6.158101666666666,3.4756666666666667
2021-07-16T23:00:00Z,7.315215,4.179166666666666
2021-07-17T00:00:00Z,3.899231666666666,2.1163043478260875
2021-07-17T01:00:00Z,2.464068333333334,1.9491891891891893
2021-07-17T02:00:00Z,1.676684999999999,1.057272727272727
2021-07-17T03:00:00Z,0.5740649999999999,0.5333333333333333
2021-07-17T04:00:00Z,1.713330000000001,1.0088888888888892
2021-07-17T05:00:00Z,4.522465,2.5243859649122804
2021-07-17T06:00:00Z,8.86268166666667,6.525833333333333
2021-07-17T07:00:00Z,11.718055000000003,9.545833333333336
2021-07-17T08:00:00Z,19.889033333333337,13.737166666666669
2021-07-17T09:00:00Z,23.834476666666664,16.605
2021-07-17T10:00:00Z,25.071284999999992,17.29083333333333
2021-07-17T11:00:00Z,27.660808333333332,19.439833333333343
2021-07-17T12:00:00Z,35.214425,24.8985
2021-07-17T13:00:00Z,32.23584833333334,22.838333333333345
2021-07-17T14:00:00Z,33.436465000000005,24.228166666666656
2021-07-17T15:00:00Z,34.35542333333333,24.159166666666668
2021-07-17T16:00:00Z,32.179295,23.7225
2021-07-17T17:00:00Z,30.586600000000008,24.154666666666675
2021-07-17T18:00:00Z,30.20936333333333,23.73166666666667
2021-07-17T19:00:00Z,28.236966666666657,21.548333333333343
2021-07-17T20:00:00Z,27.040911666666663,20.36633333333333
2021-07-17T21:00:00Z,25.73201153846153,20.36016666666666
2021-07-17T22:00:00Z,12.907266666666663,9.88
2021-07-17T23:00:00Z,9.131828333333331,6.590499999999998
2021-07-18T00:00:00Z,1.7395383333333327,0.9863888888888888
2021-07-18T01:00:00Z,1.3413933333333334,0.9374193548387098
2021-07-18T02:00:00Z,3.5883699999999994,2.1704166666666675
2021-07-18T03:00:00Z,3.28761,1.6763043478260866
2021-07-18T04:00:00Z,2.8547716666666663,1.8076000000000003
2021-07-18T05:00:00Z,5.090275000000002,3.847321428571429
2021-07-18T06:00:00Z,10.581773333333333,8.426
2021-07-18T07:00:00Z,15.935796666666665,14.19483333333334
2021-07-18T08:00:00Z,26.150075,23.565
2021-07-18T09:00:00Z,33.40016166666666,29.5365
2021-07-18T10:00:00Z,40.52086666666666,34.34633333333333
2021-07-18T11:00:00Z,40.92682333333334,33.555
2021-07-18T12:00:00Z,41.90962666666666,37.11566666666665
2021-07-18T13:00:00Z,40.69254333333333,33.62683333333334
2021-07-18T14:00:00Z,39.901309999999995,32.95166666666667
2021-07-18T15:00:00Z,39.02500333333333,33.712333333333326
2021-07-18T16:00:00Z,39.25958333333335,34.91633333333333
2021-07-18T17:00:00Z,39.32409499999999,35.555333333333344
2021-07-18T18:00:00Z,37.85484333333332,31.85383333333334
2021-07-18T19:00:00Z,35.517368333333344,29.25583333333333
2021-07-18T20:00:00Z,27.475198333333328,22.17450000000001
2021-07-18T21:00:00Z,23.888051666666662,18.653500000000005
2021-07-18T22:00:00Z,19.37566538461538,14.041
2021-07-18T23:00:00Z,9.366501666666665,5.946333333333333
2021-07-19T00:00:00Z,7.194821666666668,4.588499999999999
2021-07-19T01:00:00Z,10.063976666666669,7.037166666666667
2021-07-19T02:00:00Z,6.9955833333333315,4.320172413793104
2021-07-19T03:00:00Z,7.824463333333333,5.162758620689656
2021-07-19T04:00:00Z,4.602066666666667,2.2883673469387755
2021-07-19T05:00:00Z,6.630588333333334,4.4655172413793105
2021-07-19T06:00:00Z,9.483453333333332,7.022000000000001
2021-07-19T07:00:00Z,14.173418333333332,11.677666666666664
2021-07-19T08:00:00Z,16.09753333333333,8.253793103448274
2021-07-19T09:00:00Z,20.04468833333334,12.957666666666666
2021-07-19T10:00:00Z,24.481691666666674,20.10516666666667
2021-07-19T11:00:00Z,35.72142333333333,30.481500000000015
2021-07-19T12:00:00Z,40.28591833333334,33.67716666666667
2021-07-19T13:00:00Z,41.05666666666666,34.12833333333334
2021-07-19T14:00:00Z,42.51644,35.855000000000004
2021-07-19T15:00:00Z,43.35591999999999,36.42716666666667
2021-07-19T16:00:00Z,42.99507666666668,36.24383333333333
2021-07-19T17:00:00Z,43.29023499999999,37.66483333333335
2021-07-19T18:00:00Z,40.87179333333335,37.70866666666666
2021-07-19T19:00:00Z,36.86703166666666,33.962500000000006
2021-07-19T20:00:00Z,32.97060333333333,29.713833333333323
2021-07-19T21:00:00Z,25.31036,21.128666666666668
2021-07-19T22:00:00Z,14.892666666666669,11.709166666666665
2021-07-19T23:00:00Z,15.849269230769227,11.6485
2021-07-20T00:00:00Z,9.410046666666668,7.806999999999999
2021-07-20T01:00:00Z,13.266249999999998,11.637499999999998
2021-07-20T02:00:00Z,12.501526666666669,10.49133333333333
2021-07-20T03:00:00Z,10.047871666666667,8.331833333333332
2021-07-20T04:00:00Z,7.894888333333331,6.834833333333335
2021-07-20T05:00:00Z,7.96691,6.521666666666667
2021-07-20T06:00:00Z,11.891038333333338,12.250166666666669
2021-07-20T07:00:00Z,17.757330000000007,18.117
2021-07-20T08:00:00Z,20.234101666666675,21.851833333333335
2021-07-20T09:00:00Z,31.065091666666664,34.20666666666667
2021-07-20T10:00:00Z,38.408026666666665,36.9835
2021-07-20T11:00:00Z,41.325561666666665,41.67983333333332
2021-07-20T12:00:00Z,43.310223333333354,42.44333333333332
2021-07-20T13:00:00Z,42.5592,34.43266666666666
2021-07-20T14:00:00Z,39.239999999999995,27.844666666666672
2021-07-20T15:00:00Z,37.78351666666667,26.071666666666673
2021-07-20T16:00:00Z,34.76642666666667,28.923333333333336
2021-07-20T17:00:00Z,31.133295,28.23683333333333
2021-07-20T18:00:00Z,29.34074333333334,26.4015
2021-07-20T19:00:00Z,29.797903333333338,28.2975
2021-07-20T20:00:00Z,27.35764,26.929666666666662
2021-07-20T21:00:00Z,21.566013333333338,20.352
2021-07-20T22:00:00Z,21.434640000000005,22.591166666666663
2021-07-20T23:00:00Z,14.108748333333336,12.848166666666668
2021-07-21T00:00:00Z,12.144461538461538,7.331016949152544
2021-07-21T01:00:00Z,7.5771250000000014,5.425254237288136
2021-07-21T02:00:00Z,8.249145000000004,5.690166666666666
2021-07-21T03:00:00Z,9.949550000000004,7.86416666666667
2021-07-21T04:00:00Z,9.450938333333337,7.452203389830511
2021-07-21T05:00:00Z,10.72933166666667,9.728166666666668
2021-07-21T06:00:00Z,18.467371666666665,19.79
2021-07-21T07:00:00Z,26.019731666666665,28.4095
2021-07-21T08:00:00Z,28.784141666666667,24.114833333333326
2021-07-21T09:00:00Z,32.17224499999998,19.309499999999996
2021-07-21T10:00:00Z,38.07796833333335,23.75366666666668
2021-07-21T11:00:00Z,43.15007833333332,31.658000000000012
2021-07-21T12:00:00Z,47.38217166666668,34.43083333333333
2021-07-21T13:00:00Z,52.36598166666669,44.625666666666675
2021-07-21T14:00:00Z,53.98379999999999,52.4085
2021-07-21T15:00:00Z,53.450470000000024,57.14583333333332
2021-07-21T16:00:00Z,50.87533000000001,56.27883333333333
2021-07-21T17:00:00Z,50.15558000000001,55.831333333333326
2021-07-21T18:00:00Z,50.161411666666645,56.03966666666667
2021-07-21T19:00:00Z,48.985781666666654,54.92799999999999
2021-07-21T20:00:00Z,46.44543666666666,53.453666666666685
2021-07-21T21:00:00Z,38.44485666666667,43.76483333333333
2021-07-21T22:00:00Z,35.59129666666667,39.72833333333334
2021-07-21T23:00:00Z,28.08994333333333,30.994333333333337
2021-07-22T00:00:00Z,23.143205000000005,25.902
2021-07-22T01:00:00Z,21.965003846153845,22.62583333333334
2021-07-22T02:00:00Z,16.97525666666667,16.674666666666667
2021-07-22T03:00:00Z,13.090728333333338,12.52233333333333
2021-07-22T04:00:00Z,6.354068333333331,7.743000000000002
2021-07-22T05:00:00Z,15.796429999999992,17.20833333333333
2021-07-22T06:00:00Z,17.716831666666664,19.041666666666668
2021-07-22T07:00:00Z,24.077790000000004,25.36
2021-07-22T08:00:00Z,34.49393333333333,36.08500000000001
2021-07-22T09:00:00Z,43.93239166666668,43.964666666666666
2021-07-22T10:00:00Z,54.14038666666668,54.77583333333335
2021-07-22T11:00:00Z,58.15794666666669,59.53916666666667
2021-07-22T12:00:00Z,60.404665,62.689833333333326
2021-07-22T13:00:00Z,62.769545,67.65649999999998
2021-07-22T14:00:00Z,64.49718666666665,69.37250000000002
2021-07-22T15:00:00Z,69.92034833333335,75.60827586206898
2021-07-22T16:00:00Z,72.65194666666667,76.97636363636363
2021-07-22T17:00:00Z,64.12981666666667,68.35
2021-07-22T18:00:00Z,55.31266333333333,61.30083333333333
2021-07-22T19:00:00Z,48.680051666666664,57.47883333333333
2021-07-22T20:00:00Z,33.67766000000001,38.23333333333333
2021-07-22T21:00:00Z,27.945603333333334,29.85916666666667
2021-07-22T22:00:00Z,25.616096666666667,26.79666666666667
2021-07-22T23:00:00Z,25.792825,26.815833333333337
2021-07-23T00:00:00Z,22.78959500000001,23.88416666666666
2021-07-23T01:00:00Z,19.82261500000001,20.0305
2021-07-23T02:00:00Z,18.069111538461534,17.7475
2021-07-23T03:00:00Z,18.103991666666666,18.360000000000007
2021-07-23T04:00:00Z,20.251928333333336,20.587333333333333
2021-07-23T05:00:00Z,20.966310000000018,22.0025
2021-07-23T06:00:00Z,21.60308833333333,21.670833333333334
2021-07-23T07:00:00Z,20.376525000000004,19.83133333333333
2021-07-23T08:00:00Z,21.443475000000003,16.505833333333342
2021-07-23T09:00:00Z,19.544503333333328,13.74224137931034
2021-07-23T10:00:00Z,24.86621833333333,18.929166666666664
2021-07-23T11:00:00Z,26.757631666666665,20.88383333333333
2021-07-23T12:00:00Z,26.03434166666666,16.804166666666664
2021-07-23T13:00:00Z,29.510923333333324,19.459333333333333
2021-07-23T14:00:00Z,31.83654833333334,19.764999999999997
2021-07-23T15:00:00Z,33.359666666666676,18.29083333333333
2021-07-23T16:00:00Z,34.22033833333333,30.053833333333337
2021-07-23T17:00:00Z,33.199651666666675,36.751499999999986
2021-07-23T18:00:00Z,30.053789999999996,33.079166666666666
2021-07-23T19:00:00Z,28.79585166666666,30.846666666666668
2021-07-23T20:00:00Z,30.553548333333342,33.234833333333334
2021-07-23T21:00:00Z,30.053126666666653,32.010000000000005
2021-07-23T22:00:00Z,28.614983333333335,30.089166666666664
2021-07-23T23:00:00Z,28.147715,28.502666666666663
2021-07-24T00:00:00Z,27.979031666666668,28.202500000000008
2021-07-24T01:00:00Z,28.044600000000003,28.62083333333333
2021-07-24T02:00:00Z,26.567543333333333,27.974166666666672
2021-07-24T03:00:00Z,25.94285384615385,26.08300000000001
2021-07-24T04:00:00Z,23.34494666666667,24.102500000000006
2021-07-24T05:00:00Z,23.75238,24.109333333333325
2021-07-24T06:00:00Z,26.47199166666666,28.35466666666666
2021-07-24T07:00:00Z,26.812688333333345,26.615
2021-07-24T08:00:00Z,25.920341666666676,27.431499999999996
2021-07-24T09:00:00Z,27.315666666666665,28.584333333333337
2021-07-24T10:00:00Z,27.40914833333334,28.83833333333333
2021-07-24T11:00:00Z,28.00696499999999,29.96116666666667
2021-07-24T12:00:00Z,27.632683333333336,28.467333333333332
2021-07-24T13:00:00Z,28.254843333333337,30.077000000000005
2021-07-24T14:00:00Z,30.277856666666665,32.24366666666667
2021-07-24T15:00:00Z,29.90809666666666,31.062333333333324
2021-07-24T16:00:00Z,30.194959999999995,32.10816666666667
2021-07-24T17:00:00Z,29.636683333333348,31.46166666666667
2021-07-24T18:00:00Z,29.78651333333332,31.861
2021-07-24T19:00:00Z,29.19436333333333,30.83799999999999
2021-07-24T20:00:00Z,27.885756666666673,29.001666666666665
2021-07-24T21:00:00Z,27.232959999999995,28.84150000000001
2021-07-24T22:00:00Z,26.008211666666675,27.25383333333333
2021-07-24T23:00:00Z,26.483859999999996,26.735833333333332
2021-07-25T00:00:00Z,26.703261666666663,26.545925925925932
2021-07-25T01:00:00Z,25.33031833333334,27.652000000000005
2021-07-25T02:00:00Z,21.096755,20.712666666666664
2021-07-25T03:00:00Z,20.040858333333336,18.064833333333343
2021-07-25T04:00:00Z,22.75218846153846,20.994333333333337
2021-07-25T05:00:00Z,22.634211666666666,21.161999999999992
2021-07-25T06:00:00Z,22.47611666666666,22.485999999999997
2021-07-25T07:00:00Z,24.253288333333337,25.068500000000004
2021-07-25T08:00:00Z,29.16578000000001,30.759833333333336
2021-07-25T09:00:00Z,31.573446666666666,33.983999999999995
2021-07-25T10:00:00Z,38.030201666666656,41.10099999999999
2021-07-25T11:00:00Z,43.06701999999999,46.02016666666668
2021-07-25T12:00:00Z,39.954846666666676,43.72749999999999
2021-07-25T13:00:00Z,43.228956666666654,47.40333333333333
2021-07-25T14:00:00Z,45.17041666666667,49.304166666666674
2021-07-25T15:00:00Z,44.35739333333332,47.91183333333333
2021-07-25T16:00:00Z,41.35313833333333,45.078833333333336
2021-07-25T17:00:00Z,39.49393333333333,43.181833333333344
2021-07-25T18:00:00Z,38.502255000000005,42.242333333333335
2021-07-25T19:00:00Z,34.49435833333334,37.45366666666666
2021-07-25T20:00:00Z,34.508884999999985,38.47083333333333
2021-07-25T21:00:00Z,31.039011666666667,33.622166666666665
2021-07-25T22:00:00Z,22.929305,24.409666666666674
2021-07-25T23:00:00Z,18.44613,18.43583333333333
2021-07-26T00:00:00Z,12.741016666666663,11.984
2021-07-26T01:00:00Z,8.996543333333335,8.321333333333333
2021-07-26T02:00:00Z,15.805636666666668,16.010666666666665
2021-07-26T03:00:00Z,17.13495,17.34433333333334
2021-07-26T04:00:00Z,15.019396666666664,14.746500000000005
2021-07-26T05:00:00Z,16.076192307692306,15.817166666666663
2021-07-26T06:00:00Z,12.781431666666668,12.70033333333333
2021-07-26T07:00:00Z,22.412891666666667,24.527
2021-07-26T08:00:00Z,22.213383333333333,25.184166666666663
2021-07-26T09:00:00Z,27.652355000000007,27.803666666666672
2021-07-26T10:00:00Z,29.539344999999994,18.54066666666667
2021-07-26T11:00:00Z,36.64270499999999,24.131000000000004
2021-07-26T12:00:00Z,41.38445666666666,33.607499999999995
2021-07-26T13:00:00Z,45.69356833333333,40.906333333333336
2021-07-26T14:00:00Z,46.202691666666674,43.882666666666665
2021-07-26T15:00:00Z,46.432315,40.38666666666666
2021-07-26T16:00:00Z,46.087605,40.974
2021-07-26T17:00:00Z,44.62683500000001,47.70283333333334
2021-07-26T18:00:00Z,40.217535,45.29900000000001
2021-07-26T19:00:00Z,37.42129166666666,42.10916666666667
2021-07-26T20:00:00Z,33.718115,37.106166666666674
2021-07-26T21:00:00Z,32.80708333333333,36.282666666666664
2021-07-26T22:00:00Z,27.300261666666657,29.691666666666663
2021-07-26T23:00:00Z,30.017254999999995,32.2025
2021-07-27T00:00:00Z,26.580396666666655,28.767000000000003
2021-07-27T01:00:00Z,28.878965,32.38583333333333
2021-07-27T02:00:00Z,31.47479333333333,34.699333333333335
2021-07-27T03:00:00Z,29.286058333333333,32.82916666666667
2021-07-27T04:00:00Z,26.237388333333335,29.68833333333334
2021-07-27T05:00:00Z,25.50792000000002,28.13199999999999
2021-07-27T06:00:00Z,24.135461538461534,27.798
2021-07-27T07:00:00Z,24.65716666666667,19.790000000000003
2021-07-27T08:00:00Z,24.959086666666664,12.434166666666671
2021-07-27T09:00:00Z,22.59916666666667,10.392500000000002
2021-07-27T10:00:00Z,28.40887166666666,11.01083333333333
2021-07-27T11:00:00Z,33.14594666666666,13.88166666666667
2021-07-27T12:00:00Z,43.02856666666666,21.542499999999997
2021-07-27T13:00:00Z,38.668045000000014,24.319166666666664
2021-07-27T14:00:00Z,32.33407166666666,15.665
2021-07-27T15:00:00Z,25.969196666666665,11.858333333333333
2021-07-27T16:00:00Z,28.106020000000008,24.157000000000004
2021-07-27T17:00:00Z,26.98902166666666,29.67416666666667
2021-07-27T18:00:00Z,29.345755,32.67266666666667
2021-07-27T19:00:00Z,35.29772,36.791
2021-07-27T20:00:00Z,26.526891666666675,27.766666666666666
2021-07-27T21:00:00Z,22.85808833333333,22.888333333333325
2021-07-27T22:00:00Z,22.966424999999997,23.088833333333337
2021-07-27T23:00:00Z,19.377353333333335,18.839166666666664
2021-07-28T00:00:00Z,18.913131666666665,19.755833333333342
2021-07-28T01:00:00Z,23.97644833333333,25.219166666666663
2021-07-28T02:00:00Z,19.371133333333333,19.90583333333333
2021-07-28T03:00:00Z,25.439295,24.416666666666668
2021-07-28T04:00:00Z,24.243945,22.57533333333333
2021-07-28T05:00:00Z,22.34979166666668,21.315
2021-07-28T06:00:00Z,17.212859999999996,15.403333333333334
2021-07-28T07:00:00Z,18.114350000000005,16.6585
2021-07-28T08:00:00Z,16.389601666666668,13.7475
2021-07-28T09:00:00Z,21.46542666666666,21.461666666666662
2021-07-28T10:00:00Z,24.59518666666667,18.050166666666662
2021-07-28T11:00:00Z,27.05925,15.229999999999997
2021-07-28T12:00:00Z,24.61833833333333,17.754166666666666
2021-07-28T13:00:00Z,21.388331666666662,19.007499999999997
2021-07-28T14:00:00Z,19.618878333333335,15.259333333333334
2021-07-28T15:00:00Z,15.308015000000005,6.178813559322035
2021-07-28T16:00:00Z,15.76477166666666,3.6955172413793096
2021-07-28T17:00:00Z,17.130133333333333,12.763166666666669
2021-07-28T18:00:00Z,21.357113333333334,19.56166666666666
2021-07-28T19:00:00Z,18.474656666666665,16.092500000000005
2021-07-28T20:00:00Z,13.274766666666665,11.162999999999997
2021-07-28T21:00:00Z,18.819935000000005,16.574333333333335
2021-07-28T22:00:00Z,21.12458666666667,19.017500000000005
2021-07-28T23:00:00Z,19.790450000000003,17.873333333333335
2021-07-29T00:00:00Z,16.549609999999998,13.574
2021-07-29T01:00:00Z,16.07316166666667,14.696666666666664
2021-07-29T02:00:00Z,15.341941666666663,13.112833333333327
2021-07-29T03:00:00Z,17.355923333333333,15.124833333333337
2021-07-29T04:00:00Z,17.867174999999996,16.164166666666667
2021-07-29T05:00:00Z,18.373346666666663,16.439000000000004
2021-07-29T06:00:00Z,17.98379166666667,15.7235
2021-07-29T07:00:00Z,17.137321666666665,12.69416666666666
2021-07-29T08:00:00Z,17.454284615384616,8.844915254237286
2021-07-29T09:00:00Z,21.908364999999996,12.3185
2021-07-29T10:00:00Z,20.72566833333333,13.553666666666658
2021-07-29T11:00:00Z,22.508718333333334,15.979500000000002
2021-07-29T12:00:00Z,24.12079,14.943
2021-07-29T13:00:00Z,22.52497166666667,12.171166666666664
2021-07-29T14:00:00Z,21.691311864406785,9.46
2021-07-29T15:00:00Z,24.138993333333335,12.678333333333333
2021-07-29T16:00:00Z,24.672039999999996,13.332833333333328
2021-07-29T17:00:00Z,24.317683333333335,19.452000000000005
2021-07-29T18:00:00Z,24.970515,20.70466666666666
2021-07-29T19:00:00Z,24.79231500000001,20.46416666666667
2021-07-29T20:00:00Z,20.7767,16.175
2021-07-29T21:00:00Z,10.23182,8.101136363636362
2021-07-29T22:00:00Z,1.6923416666666662,NA
2021-07-29T23:00:00Z,2.2198383333333336,NA
