Timestamp,PM2.5_Fidas200,LCS3*,PM2.5_BAM1020,LCS4*
4/1/2020 0:00,6.825,6.915349216,9,8.599361852
4/1/2020 1:00,7.108333333,7.289535828,10,13.31695272
4/1/2020 2:00,6.443333333,6.16427103,15,14.02699692
4/1/2020 3:00,6.763333333,7.760800572,14,8.229759968
4/1/2020 4:00,5.928333333,4.983103653,9,7.417365806
4/1/2020 5:00,6.066666667,4.748673487,5,7.122443097
4/1/2020 6:00,6.813333333,5.497948365,8,7.558619491
4/1/2020 7:00,6.045,3.52512835,8,7.496895526
4/1/2020 8:00,3.445,0.881477397,6,7.172272665
4/1/2020 9:00,5.091666667,3.01058419,6,5.487865914
4/1/2020 10:00,6.015,3.189111778,6,2.398925256
4/1/2020 11:00,2.835,0.127093144,4,1.492401716
4/1/2020 12:00,3.088333333,0.46190751,3,1.684351551
4/1/2020 13:00,3.433333333,0.824673165,2,1.524155974
4/1/2020 14:00,3.441666667,0.572811012,1,1.661317912
4/1/2020 15:00,3.351666667,0.83579357,1,2.051395089
4/1/2020 16:00,4.195,1.702283531,1,2.282293592
4/1/2020 17:00,4.413333333,1.192548195,3,2.960051609
4/1/2020 18:00,5.085,2.464782674,2,3.55935113
4/1/2020 19:00,5.813333333,3.511302981,1,4.008372961
4/1/2020 20:00,7.995,5.783171734,2,3.68475863
4/1/2020 21:00,9.683333333,7.423882346,1,4.074216211
4/1/2020 22:00,8.838333333,6.223179123,0,4.152860184
4/1/2020 23:00,7.396666667,4.611922556,4,4.25122264
4/2/2020 0:00,7.118333333,5.036010411,2,3.453419383
4/2/2020 1:00,9.563333333,11.81403804,1,3.265560443
4/2/2020 2:00,10.43333333,12.18702244,3,3.761448002
4/2/2020 3:00,10.71,12.18010976,6,4.220843275
4/2/2020 4:00,9.148333333,9.961138069,4,3.059425338
4/2/2020 5:00,6.263333333,5.399668026,2,2.094695265
4/2/2020 6:00,5.493333333,3.488761619,1,2.045767198
4/2/2020 7:00,6.37,4.197462044,2,2.670939949
4/2/2020 8:00,5.751666667,2.918014329,0,2.638746509
4/2/2020 9:00,4.32,3.009983087,-1,2.734074861
4/2/2020 10:00,7.826666667,6.23670394,1,1.612670048
4/2/2020 11:00,8.66,5.393656996,3,1.6137751
4/2/2020 12:00,5.443333333,2.915309366,5,2.190495919
4/2/2020 13:00,6.06,1.578456315,3,1.601364018
4/2/2020 14:00,6.431666667,1.508427816,2,1.950911954
4/2/2020 15:00,6.83,1.598593265,2,1.866998221
4/2/2020 16:00,8.416666667,2.482815764,1,2.064834572
4/2/2020 17:00,6.406666667,1.058502228,3,1.849649534
4/2/2020 18:00,7.831666667,1.634058341,4,2.213397076
4/2/2020 19:00,9.845,2.76954189,5,2.854442554
4/2/2020 20:00,10.59666667,2.956785472,4,2.639263904
4/2/2020 21:00,11.875,3.385672456,3,3.703788956
4/2/2020 22:00,12.11333333,3.670294722,5,4.113206043
4/2/2020 23:00,11.10833333,3.386874662,5,3.698447229
4/3/2020 0:00,10.13833333,2.887358077,4,2.530540781
4/3/2020 1:00,9.585,2.979026283,3,2.139569343
4/3/2020 2:00,8.993333333,2.362294614,4,2.888066813
4/3/2020 3:00,8.016666667,1.745562946,3,2.241694087
4/3/2020 4:00,7.943333333,2.293468322,2,1.993887641
4/3/2020 5:00,8.025,2.792383804,2,1.880705983
4/3/2020 6:00,8.705,3.382065838,4,2.385670303
4/3/2020 7:00,9.935,4.164701931,3,2.588693375
4/3/2020 8:00,9.206666667,3.652862735,4,2.879177185
4/3/2020 9:00,9.353333333,3.853030031,4,2.646673505
4/3/2020 10:00,7.701666667,2.780962847,2,3.434559105
4/3/2020 11:00,6.321666667,1.454027996,4,3.462100115
4/3/2020 12:00,5.073333333,0.868253131,5,3.164751542
4/3/2020 13:00,3.7,0.149634506,5,2.574059413
4/3/2020 14:00,4.52,1.140552786,4,2.633422668
4/3/2020 15:00,5.061666667,1.8871227,2,2.808099899
4/3/2020 16:00,4.255,0.94429266,2,2.730957718
4/3/2020 17:00,4.24,1.035660314,3,6.253667359
4/3/2020 18:00,4.466666667,1.594686095,10,4.618106488
4/3/2020 19:00,5.658333333,3.239604429,7,5.839285413
4/3/2020 20:00,11.85166667,12.93840118,9,14.18706985
4/3/2020 21:00,11.74166667,11.58862442,14,10.702289
4/3/2020 22:00,8.838333333,8.714179001,12,6.614768784
4/3/2020 23:00,9.916666667,12.23781565,9,9.280610805
4/4/2020 0:00,7.971666667,9.475446853,12,10.71572919
4/4/2020 1:00,4.566666667,4.554517221,9,9.282664296
4/4/2020 2:00,3.371666667,2.7112349,11,6.494447459
4/4/2020 3:00,3.22,2.746699977,7,5.790752525
4/4/2020 4:00,3.41,3.77037837,9,6.595805693
4/4/2020 5:00,4.861666667,7.747876858,7,7.600649815
4/4/2020 6:00,5.615,7.572655336,6,5.439575755
4/4/2020 7:00,5.091666667,5.7864778,6,8.020416497
4/4/2020 8:00,4.531666667,5.152013593,6,4.141663454
4/4/2020 9:00,3.496666667,2.641807505,5,4.56409305
4/4/2020 10:00,2.88,1.724824893,3,5.297458327
4/4/2020 11:00,5.511666667,5.891370272,6,3.2468512
4/4/2020 12:00,8.311666667,10.68306276,6,4.427385908
4/4/2020 13:00,9.59,11.14561151,6,3.786621483
4/4/2020 14:00,11.49833333,13.70420639,5,5.192222827
4/4/2020 15:00,11.605,13.41567696,7,6.236330264
4/4/2020 16:00,11.585,13.63177348,8,8.273462894
4/4/2020 17:00,11.07666667,12.23541123,11,10.59026469
4/4/2020 18:00,9.676666667,10.60371717,10,11.29196152
4/4/2020 19:00,13.37833333,17.66968282,7,11.94496968
4/4/2020 20:00,15.13666667,19.84507454,13,14.8269464
4/4/2020 21:00,11.195,13.61915032,15,11.58449258
4/4/2020 22:00,9.903333333,12.05508034,10,9.609846213
4/4/2020 23:00,6.926666667,7.007618525,8,10.13501542
4/5/2020 0:00,5.435,5.347973168,9,11.23940275
4/5/2020 1:00,5.628333333,5.677678159,13,13.75836055
4/5/2020 2:00,6.586666667,7.081554193,14,17.51607591
4/5/2020 3:00,9.321666667,12.66159325,16,24.76723512
4/5/2020 4:00,11.44166667,15.66440324,24,27.41696386
4/5/2020 5:00,12.85666667,17.85963136,20,27.16189473
4/5/2020 6:00,13.58666667,17.92665435,24,27.06223559
4/5/2020 7:00,9.981666667,10.96648282,22,24.91382173
4/5/2020 8:00,8.511666667,8.758030434,20,16.25644371
4/5/2020 9:00,8.491666667,8.837376028,12,13.25357934
4/5/2020 10:00,8.5,8.824452314,12,11.2404401
4/5/2020 11:00,8.451666667,8.854206912,11,9.237865071
4/5/2020 12:00,8.173333333,8.066761995,10,7.934388472
4/5/2020 13:00,7.138333333,6.277879495,7,8.431719626
4/5/2020 14:00,7.336666667,6.80564792,6,9.108197051
4/5/2020 15:00,7.611666667,7.734652592,9,7.873406177
4/5/2020 16:00,7.49,7.449729775,10,7.167290347
4/5/2020 17:00,8.215,9.484763949,7,7.718692427
4/5/2020 18:00,8.613333333,9.227491869,8,8.568414418
4/5/2020 19:00,8.831666667,10.51174841,8,14.07481014
4/5/2020 20:00,9.545,11.73920072,12,12.42283955
4/5/2020 21:00,9.223333333,11.13539276,15,10.70183619
4/5/2020 22:00,8.806666667,10.51445337,14,9.96326994
4/5/2020 23:00,9.145,10.84475947,9,9.205793251
4/6/2020 0:00,8.67,10.21330077,9,9.565089372
4/6/2020 1:00,7.445,8.739696792,9,8.80718839
4/6/2020 2:00,5.093333333,6.448292193,7,8.20628251
4/6/2020 3:00,3.641666667,3.117881073,12,7.522932041
4/6/2020 4:00,3.831666667,0.12829535,8,7.311518281
4/6/2020 5:00,4.565,-0.046325069,7,2.296014129
4/6/2020 6:00,6.271666667,0.247614294,6,1.238664041
4/6/2020 7:00,5.908333333,0.187203443,2,1.711038891
4/6/2020 8:00,6.7,0.177886347,3,1.918481227
4/6/2020 9:00,6.796666667,0.332970918,4,2.426971969
4/6/2020 10:00,4.82,0.755245769,4,3.296208087
4/6/2020 11:00,4.81,0.010479164,7,1.297889749
4/6/2020 12:00,6.323333333,0.362424965,6,1.646933066
4/6/2020 13:00,5.816666667,0.054514806,3,1.711575448
4/6/2020 14:00,5.853333333,0.448983795,4,1.638967744
4/6/2020 15:00,5.991666667,0.420431403,5,1.603772139
4/6/2020 16:00,5.486666667,0.099442406,4,1.949270344
4/6/2020 17:00,5.43,0.403901071,5,2.1135527
4/6/2020 18:00,6.333333333,2.041005066,4,2.55442397
4/6/2020 19:00,8.678333333,5.438439168,3,3.695221261
4/6/2020 20:00,14.20166667,14.71886824,6,13.48173331
4/6/2020 21:00,19.30166667,22.81812993,20,9.591581546
4/6/2020 22:00,19.95166667,22.21612529,13,14.44387002
4/6/2020 23:00,14.16166667,14.64553367,21,10.34953435
4/7/2020 0:00,14.98,16.69048605,12,12.07625333
4/7/2020 1:00,10.40833333,9.017105823,12,9.638136837
4/7/2020 2:00,9.173333333,7.444319848,12,5.328949132
4/7/2020 3:00,8.275,5.931043069,7,6.15248159
4/7/2020 4:00,7.51,5.184172603,10,6.985921195
4/7/2020 5:00,7.595,5.048323328,8,9.249132775
4/7/2020 6:00,8.688333333,6.08402378,14,13.82705777
4/7/2020 7:00,9.436666667,5.072667999,17,18.35261989
4/7/2020 8:00,8.501666667,2.270025305,23,13.99681722
4/7/2020 9:00,7.605,1.509277652,18,10.85218722
4/7/2020 10:00,5.836666667,0.69788891,15,6.5148558
4/7/2020 11:00,5.421666667,0.959019683,9,4.495771417
4/7/2020 12:00,5.478333333,1.36837082,10,4.068205491
4/7/2020 13:00,7.036666667,2.810416894,7,3.627148981
4/7/2020 14:00,9.051666667,4.835232317,8,4.318094291
4/7/2020 15:00,8.793333333,4.006311293,7,3.947641675
4/7/2020 16:00,8.553333333,3.839204662,6,3.926841798
4/7/2020 17:00,8.131666667,3.682917885,8,4.223066156
4/7/2020 18:00,8.243333333,4.370279154,10,6.995949707
4/7/2020 19:00,12.32666667,13.11211995,10,7.936573027
4/7/2020 20:00,22.535,25.25079374,12,7.571046423
4/7/2020 21:00,19.58,23.97224768,11,7.719286472
4/7/2020 22:00,20.58166667,26.10526164,14,8.881769859
4/7/2020 23:00,19.00666667,24.66501887,17,9.652074079
4/8/2020 0:00,19.00166667,25.85279838,12,8.989326418
4/8/2020 1:00,18.80833333,24.78433782,11,9.069315807
4/8/2020 2:00,12.43,13.42980288,9,9.701725268
4/8/2020 3:00,11.20166667,11.9270454,10,11.93513875
4/8/2020 4:00,12.865,16.69168825,10,11.12622109
4/8/2020 5:00,14.14166667,18.59267646,13,12.54319069
4/8/2020 6:00,15.105,17.42864052,14,18.14614752
4/8/2020 7:00,12.605,13.5548323,21,17.15780892
4/8/2020 8:00,13.135,13.19026333,18,15.56383124
4/8/2020 9:00,12.21666667,10.83063355,20,11.44048793
4/8/2020 10:00,11.20666667,9.068199577,16,9.893759902
4/8/2020 11:00,11.27666667,9.943706083,15,6.63878138
4/8/2020 12:00,9.621666667,8.249196752,12,5.681920814
4/8/2020 13:00,8.11,7.350848333,11,6.259256498
4/8/2020 14:00,9.94,9.994198734,9,7.401599822
4/8/2020 15:00,9.623333333,9.700860474,10,6.919937419
4/8/2020 16:00,12.25833333,12.11458953,7,12.03100366
4/8/2020 17:00,10.39333333,10.90637252,18,11.37499845
4/8/2020 18:00,8.376666667,8.202010167,10,7.32056689
4/8/2020 19:00,8.115,8.585814427,16,7.798102911
4/8/2020 20:00,6.13,6.902726053,10,11.77792746
4/8/2020 21:00,8.131666667,11.08099294,13,13.27678659
4/8/2020 22:00,15.04833333,22.99425311,17,8.294305827
4/8/2020 23:00,17.87666667,26.94289865,6,6.281243425
4/9/2020 0:00,18.73166667,28.52830779,5,6.650821982
4/9/2020 1:00,18.54,28.72817454,6,6.834147865
4/9/2020 2:00,16.8,27.27470751,8,7.568456375
4/9/2020 3:00,14.935,22.87643692,8,8.831611685
4/9/2020 4:00,12.95833333,20.4705222,9,8.544811857
4/9/2020 5:00,11.60166667,17.07038314,6,9.08802505
4/9/2020 6:00,6.193333333,5.332945594,6,6.694909109
4/9/2020 7:00,6.908333333,5.711039375,8,4.201022592
4/9/2020 8:00,6.666666667,5.56947962,6,4.387386837
4/9/2020 9:00,7.425,7.36828032,5,4.608365417
4/9/2020 10:00,7.955,8.18848535,4,4.291343075
4/9/2020 11:00,9.636666667,11.22804988,4,4.215622251
4/9/2020 12:00,11.04333333,13.78295088,5,4.133237517
4/9/2020 13:00,10.04833333,11.75512994,4,3.74699928
4/9/2020 14:00,10.79666667,13.4748856,4,4.066744153
4/9/2020 15:00,11.55666667,13.15119164,6,3.528000852
4/9/2020 16:00,14.15,20.12248357,4,4.219656367
4/9/2020 17:00,17.72666667,23.94068977,3,4.411174212
4/9/2020 18:00,17.26666667,23.21666122,4,6.204441536
4/9/2020 19:00,19.255,26.87587567,7,6.179667161
4/9/2020 20:00,22.59833333,30.80949364,11,7.288373451
4/9/2020 21:00,24.505,32.01320238,7,7.376832544
4/9/2020 22:00,25.185,31.19149459,6,7.343804932
4/9/2020 23:00,24.32166667,29.78701745,8,8.796457244
4/10/2020 0:00,25.575,32.67261236,6,13.27635322
4/10/2020 1:00,25.71,34.10383858,8,19.64528869
4/10/2020 2:00,23.63833333,32.63293956,16,22.16728698
4/10/2020 3:00,21.475,31.27745232,17,22.46665845
4/10/2020 4:00,20.20333333,30.09147612,22,29.0087506
4/10/2020 5:00,19.81666667,29.99019027,31,29.00112873
4/10/2020 6:00,20.03,29.26135289,27,22.64794099
4/10/2020 7:00,20.24666667,28.29628204,23,22.78541379
4/10/2020 8:00,21.42833333,28.30018921,20,26.7618059
4/10/2020 9:00,22.54166667,28.34737579,21,24.71209534
4/10/2020 10:00,23.66,28.85891444,20,22.38955585
4/10/2020 11:00,24.15333333,28.11835555,22,22.54663939
4/10/2020 12:00,24.45833333,27.60321029,22,21.14700003
4/10/2020 13:00,23.60833333,26.74693908,21,21.25735454
4/10/2020 14:00,23.04833333,26.91855398,20,21.81570282
4/10/2020 15:00,25.64,30.14948256,20,22.16374825
4/10/2020 16:00,25.58833333,30.28533183,23,20.41394349
4/10/2020 17:00,25.32666667,30.21530334,23,17.32824252
4/10/2020 18:00,24.51166667,29.90934191,21,15.63533389
4/10/2020 19:00,27.195,31.74210493,21,14.21824767
4/10/2020 20:00,30.03,34.06867406,23,15.554384
4/10/2020 21:00,25.49666667,31.44876667,20,15.23002871
4/10/2020 22:00,21.3,30.12964616,27,15.69998266
4/10/2020 23:00,22.20166667,32.53766474,18,14.61892185
4/11/2020 0:00,22.00333333,30.71872709,17,15.90111217
4/11/2020 1:00,21.14,28.78738318,18,14.73922908
4/11/2020 2:00,22.85166667,30.09568384,15,12.84409438
4/11/2020 3:00,23.9,31.284365,12,12.55557788
4/11/2020 4:00,25.37833333,34.08219887,13,14.21907782
4/11/2020 5:00,26.38833333,35.66670636,15,16.63538094
4/11/2020 6:00,27.49833333,35.7048764,16,19.5843
4/11/2020 7:00,27.88833333,34.35089191,21,21.53374691
4/11/2020 8:00,29.38166667,34.67759139,23,23.21786622
4/11/2020 9:00,34.17166667,37.5813745,23,24.99100933
4/11/2020 10:00,37.05166667,39.67876827,24,29.68427627
4/11/2020 11:00,49.61333333,48.45336917,27,31.80913959
4/11/2020 12:00,48.345,44.94833763,28,30.77509732
4/11/2020 13:00,22.67833333,27.81990792,26,26.64618649
4/11/2020 14:00,13.36,16.97060004,19,13.10258813
4/11/2020 15:00,6.746666667,6.768680087,15,8.08309789
4/11/2020 16:00,6.408333333,7.429893376,8,4.731920517
4/11/2020 17:00,7.766666667,9.760970773,4,4.530647643
4/11/2020 18:00,7.448333333,9.957531451,3,5.389742165
4/11/2020 19:00,8.87,13.84246008,3,13.62708286
4/11/2020 20:00,7.715,12.15185792,14,7.885515386
4/11/2020 21:00,9.233333333,16.1783463,11,10.50127872
4/11/2020 22:00,11.105,20.46360952,13,11.70334599
4/11/2020 23:00,20.885,34.06055917,9,13.02845096
4/12/2020 0:00,20.335,34.58622373,11,13.15902602
4/12/2020 1:00,19.54833333,33.84957202,11,13.34674821
4/12/2020 2:00,16.075,29.43086393,11,13.62825817
4/12/2020 3:00,15.92333333,28.74199991,12,15.91299592
4/12/2020 4:00,17.57,30.64960025,12,19.48888223
4/12/2020 5:00,17.35,29.6752123,21,18.94898301
4/12/2020 6:00,17.02166667,29.63944667,17,18.25914914
4/12/2020 7:00,18.22833333,30.38751934,18,24.23464236
4/12/2020 8:00,19.00833333,28.91481702,21,20.5688316
4/12/2020 9:00,17.69666667,26.91284351,14,21.93831114
4/12/2020 10:00,16.27333333,25.17655752,18,21.56486724
4/12/2020 11:00,15.97833333,24.1679067,15,14.42812462
4/12/2020 12:00,13.38666667,19.35126844,13,10.22888645
4/12/2020 13:00,11.74333333,16.99945299,13,5.925696693
4/12/2020 14:00,13.01666667,19.20550096,8,4.681420252
4/12/2020 15:00,17.11833333,24.88772753,5,2.402156666
4/12/2020 16:00,13.725,19.70712141,3,2.180980071
4/12/2020 17:00,9.066666667,13.18094624,5,4.57947436
4/12/2020 18:00,5.455,4.798565035,4,3.727600177
4/12/2020 19:00,6.041666667,5.045017261,6,3.255886797
4/12/2020 20:00,7.265,2.973015253,9,2.690476597
4/12/2020 21:00,6.711666667,1.398726521,6,2.102129565
4/12/2020 22:00,5.353333333,1.132437896,6,2.723548117
4/12/2020 23:00,2.911666667,-0.152419747,5,3.808083776
4/13/2020 0:00,7.055,1.099377231,8,3.537122326
4/13/2020 1:00,7.911666667,1.245144706,9,3.65007758
4/13/2020 2:00,8.053333333,1.32028258,7,2.823679934
4/13/2020 3:00,7.835,1.176318414,6,2.874889221
4/13/2020 4:00,7.665,1.564630946,4,2.578294383
4/13/2020 5:00,7.598333333,1.544280701,4,2.852296325
4/13/2020 6:00,7.186666667,1.245144706,6,3.602512057
4/13/2020 7:00,7.265,1.522553737,7,3.547495768
4/13/2020 8:00,8.571666667,2.042507823,8,2.990293759
4/13/2020 9:00,8.295,2.330736707,5,3.140069905
4/13/2020 10:00,8.211666667,2.163630076,5,3.420152829
4/13/2020 11:00,7.65,2.396557485,8,3.227030517
4/13/2020 12:00,7.853333333,2.646616329,7,3.301394808
4/13/2020 13:00,7.955,3.430454629,5,3.291494047
4/13/2020 14:00,8.228333333,3.504991399,2,2.955494184
4/13/2020 15:00,7.883333333,3.548270815,4,2.894161045
4/13/2020 16:00,9.043333333,4.826215773,9,2.9456573
4/13/2020 17:00,8.378333333,3.800734071,7,4.203347674
4/13/2020 18:00,8.49,3.843712935,5,3.856661377
4/13/2020 19:00,8.245,4.103990529,2,3.893622938
4/13/2020 20:00,8.843333333,5.402072438,2,3.387091624
4/13/2020 21:00,9.536666667,6.515615727,6,3.555275849
4/13/2020 22:00,9.101666667,6.165172684,7,3.435534139
4/13/2020 23:00,8.351666667,5.26982978,5,3.578245613
4/14/2020 0:00,7.25,4.487794789,8,4.209728874
4/14/2020 1:00,7.666666667,5.180265434,7,3.790377385
4/14/2020 2:00,7.626666667,5.851396923,6,4.559091569
4/14/2020 3:00,7.851666667,6.098450252,4,7.059461487
4/14/2020 4:00,8.18,6.792724206,6,7.731569802
4/14/2020 5:00,8.608333333,7.455740805,7,8.938351106
4/14/2020 6:00,10.055,7.729543217,7,9.134130655
4/14/2020 7:00,10.87833333,8.664558919,8,6.461691912
4/14/2020 8:00,10.15,7.221310638,5,4.318464771
4/14/2020 9:00,10.33333333,8.030996367,1,4.069566047
4/14/2020 10:00,11.05333333,8.748713337,1,4.415901026
4/14/2020 11:00,11.51,9.828294308,3,5.670902226
4/14/2020 12:00,12.385,11.26102329,4,6.75664514
4/14/2020 13:00,13.68166667,13.16591866,7,6.934424467
4/14/2020 14:00,14.635,15.54628651,7,7.968012731
4/14/2020 15:00,15.53166667,16.258293,12,9.113615617
4/14/2020 16:00,15.385,16.28774704,12,8.346608957
4/14/2020 17:00,15.39333333,15.91205768,10,7.958129478
4/14/2020 18:00,15.99833333,16.72384726,11,9.003747224
4/14/2020 19:00,17.12666667,18.56712958,9,11.00753712
4/14/2020 20:00,21.27666667,25.47951342,9,12.44735298
4/14/2020 21:00,25.05333333,29.05397236,14,14.89307709
4/14/2020 22:00,23.85666667,29.53335199,16,11.12806115
4/14/2020 23:00,21.77166667,28.90159275,12,12.23144956
4/15/2020 0:00,27.50666667,36.09348948,9,8.810620981
4/15/2020 1:00,24.94333333,34.64933955,8,9.809663208
4/15/2020 2:00,22.15666667,31.48813892,11,11.07521621
4/15/2020 3:00,20.45,29.96404229,10,13.10554914
4/15/2020 4:00,19.12833333,28.50997415,15,16.65612782
4/15/2020 5:00,18.17,28.27043461,14,16.46613542
4/15/2020 6:00,19.425,27.44752462,18,13.65795146
4/15/2020 7:00,21.57,27.92870756,12,11.04697541
4/15/2020 8:00,23.90666667,28.71615248,17,9.074036234
4/15/2020 9:00,20.45166667,23.35972373,8,6.792952185
4/15/2020 10:00,16.58833333,17.47612766,7,7.39419022
4/15/2020 11:00,12.815,12.44309232,10,6.429166318
4/15/2020 12:00,12.325,12.41453993,11,5.584724448
4/15/2020 13:00,12.515,11.82245348,9,4.194405052
4/15/2020 14:00,10.64166667,10.0266583,8,2.968830615
4/15/2020 15:00,13.58833333,14.21921592,4,3.152768428
4/15/2020 16:00,13.16666667,13.28914478,3,4.630559917
4/15/2020 17:00,14.78166667,15.74074332,4,6.653230103
4/15/2020 18:00,16.01666667,15.98779665,4,8.917361495
4/15/2020 19:00,16.51666667,16.91229305,5,13.00703721
4/15/2020 20:00,18.92166667,21.1738127,17,18.51489015
4/15/2020 21:00,19.13166667,22.81241946,20,17.34269124
4/15/2020 22:00,29.44833333,34.42302427,18,24.39088913
4/15/2020 23:00,24.90333333,30.34183552,26,26.59120213
4/16/2020 0:00,23.12,30.68115815,27,25.04867647
4/16/2020 1:00,22.57166667,30.23814525,23,20.0570134
4/16/2020 2:00,22.825,32.48146161,18,22.99286985
4/16/2020 3:00,19.69166667,27.36517351,22,20.50455331
4/16/2020 4:00,16.28166667,21.31176584,19,19.53408079
4/16/2020 5:00,15.87,21.80316753,15,18.14144625
4/16/2020 6:00,16.84166667,21.5239552,14,19.38825984
4/16/2020 7:00,17.31333333,20.55828324,18,17.12670137
4/16/2020 8:00,16.03666667,17.77938412,14,17.01963263
4/16/2020 9:00,15.95833333,16.80018734,15,16.23254775
4/16/2020 10:00,16.98166667,17.24470301,15,16.42260402
4/16/2020 11:00,15.95,17.0836074,17,17.15541357
4/16/2020 12:00,16.10666667,16.83535187,20,15.68424365
4/16/2020 13:00,15.64166667,17.53233079,15,10.97265711
4/16/2020 14:00,19.58,21.05749927,10,10.33617237
4/16/2020 15:00,19.49333333,21.03766288,6,10.95802315
4/16/2020 16:00,22.76833333,24.76870914,6,11.46922814
4/16/2020 17:00,20.07833333,20.25232182,12,13.90340988
4/16/2020 18:00,24.41,25.69681216,15,15.42916174
4/16/2020 19:00,22.32666667,22.47760509,15,12.50765204
4/16/2020 20:00,14.02166667,13.06463281,12,10.48023971
4/16/2020 21:00,17.08,19.36028498,9,8.667530183
4/16/2020 22:00,19,23.29240019,10,8.20665299
4/16/2020 23:00,21.89166667,28.49284272,7,7.851362613
4/17/2020 0:00,17.165,24.91597937,6,6.322199309
4/17/2020 1:00,13.455,20.1874027,5,4.294568807
4/17/2020 2:00,12.675,19.44624271,4,3.502482441
4/17/2020 3:00,9.698333333,13.86680475,6,2.939537991
4/17/2020 4:00,11.86,17.3147315,2,3.211655595
4/17/2020 5:00,7.386666667,8.943771258,0,3.174588426
4/17/2020 6:00,5.946666667,5.841178172,5,3.108770727
4/17/2020 7:00,8.788333333,9.336291511,6,3.127741861
4/17/2020 8:00,12.25833333,14.02459429,4,3.390967943
4/17/2020 9:00,18.03,23.3239581,5,3.952775402
4/17/2020 10:00,21.625,27.92750535,7,3.389671263
4/17/2020 11:00,24.04666667,29.8555432,10,1.725996254
4/17/2020 12:00,16.43833333,18.12652109,8,1.788271208
4/17/2020 13:00,18.255,21.51674196,4,1.938871352
4/17/2020 14:00,10.57166667,7.53719026,1,1.870575269
4/17/2020 15:00,9.314035088,6.353618472,0,1.931159878
4/17/2020 16:00,10.19666667,7.963672832,-1,2.104156559
4/17/2020 17:00,10.465,8.628192188,3,2.591657216
4/17/2020 18:00,10.02666667,8.719559842,4,2.774674365
4/17/2020 19:00,9.553333333,7.943836433,3,3.198775238
4/17/2020 20:00,9.958333333,7.889136061,5,3.393005584
4/17/2020 21:00,7.16,3.983168828,5,3.100006958
4/17/2020 22:00,8.043333333,6.395695681,6,2.915753172
4/17/2020 23:00,8.71,7.933229874,3,2.463100635
4/18/2020 0:00,7.763333333,6.21867085,1,2.553028495
4/18/2020 1:00,7.551666667,5.333246145,0,2.303259072
4/18/2020 2:00,7.323333333,3.619200968,2,2.455691034
4/18/2020 3:00,6.916666667,2.496340581,2,2.399933785
4/18/2020 4:00,8.355,4.165303034,0,2.497095375
4/18/2020 5:00,7.675,3.5452653,-1,3.130310523
4/18/2020 6:00,7.36,4.244949181,1,3.294883254
4/18/2020 7:00,7.993333333,4.688262636,3,3.412295245
4/18/2020 8:00,8.865,5.711941029,7,2.751519361
4/18/2020 9:00,9.068333333,6.967645176,2,2.466620196
4/18/2020 10:00,10.48166667,8.972924753,0,2.377025768
4/18/2020 11:00,11.00833333,12.11338733,5,2.537814114
4/18/2020 12:00,10.06833333,13.99994906,4,2.233588239
4/18/2020 13:00,8.328333333,11.09752327,3,2.849708926
4/18/2020 14:00,8.459322034,9.574027743,9,2.798940809
4/18/2020 15:00,7.14,6.974858412,9,2.884336463
4/18/2020 16:00,7.51,7.130844638,7,2.577751864
4/18/2020 17:00,6.578333333,4.709902344,4,3.68642579
4/18/2020 18:00,6.741666667,5.072667999,4,5.487329357
4/18/2020 19:00,7.986666667,6.077712199,7,7.70669015
4/18/2020 20:00,7.176666667,3.835598044,8,10.03447385
4/18/2020 21:00,8.551666667,6.113477827,14,9.579466848
4/18/2020 22:00,12.08833333,15.1925374,9,8.0134545
4/18/2020 23:00,17.37333333,25.94116052,15,7.567945368
4/19/2020 0:00,19.15833333,27.60381139,14,7.254656453
4/19/2020 1:00,18.2,26.57502362,11,7.23561198
4/19/2020 2:00,19.25166667,28.52139511,8,5.826461103
4/19/2020 3:00,19.55666667,28.58060375,6,4.596823047
4/19/2020 4:00,16.94166667,23.90101697,6,3.486922278
4/19/2020 5:00,11.97833333,15.10808243,5,3.010580736
4/19/2020 6:00,7.175,6.828189283,5,2.720660928
4/19/2020 7:00,4.813333333,3.294304801,3,2.52436706
4/19/2020 8:00,4.836666667,3.254632004,5,3.972288204
4/19/2020 9:00,4.94,3.746634802,5,4.258632241
4/19/2020 10:00,4.246666667,2.484318521,7,4.204912633
4/19/2020 11:00,6.163333333,4.314376576,6,2.610666676
4/19/2020 12:00,6.455,3.769176164,7,2.009633043
4/19/2020 13:00,6.926666667,3.888194556,5,2.055016851
4/19/2020 14:00,4.601666667,1.261675039,4,1.974066958
4/19/2020 15:00,3.768333333,0.387370739,5,1.995056569
4/19/2020 16:00,4.051666667,0.683714513,3,2.492624064
4/19/2020 17:00,3.956666667,0.738114334,2,2.178547252
4/19/2020 18:00,5.31,2.333742222,6,4.192686791
4/19/2020 19:00,5.135,2.264615378,7,3.299606283
4/19/2020 20:00,4.495,1.210581284,6,4.762533147
4/19/2020 21:00,6.385,3.518816768,7,3.22159681
4/19/2020 22:00,8.143333333,4.968977733,6,3.262967083
4/19/2020 23:00,9.78,9.037543324,7,3.780499227
4/20/2020 0:00,8.406666667,7.447024811,7,4.438651246
4/20/2020 1:00,9.218333333,9.488370567,5,4.243947178
4/20/2020 2:00,10.435,11.32323745,6,3.960951514
4/20/2020 3:00,10.84,11.11585691,4,3.538659133
4/20/2020 4:00,9.856666667,9.868568209,3,3.170532308
4/20/2020 5:00,9.611666667,9.025521264,4,3.02918139
4/20/2020 6:00,10.35,8.732483557,7,2.942316592
4/20/2020 7:00,11.49482759,10.62114915,6,2.68186911
4/20/2020 8:00,12.69,12.12120167,6,2.453455379
4/20/2020 9:00,9.711666667,7.050597389,5,2.199524656
4/20/2020 10:00,7.078333333,1.995922342,7,1.971288357
4/20/2020 11:00,6.55,1.789744016,5,1.826657059
4/20/2020 12:00,5.636666667,0.690627198,5,1.881446943
4/20/2020 13:00,4.585,0.255729184,3,1.918481227
4/20/2020 14:00,4.958333333,0.404201623,4,2.418828268
4/20/2020 15:00,5.12,0.633221862,6,2.198054091
4/20/2020 16:00,5.403333333,0.911532547,3,2.365102272
4/20/2020 17:00,5.275,1.088218045,2,2.766606133
4/20/2020 18:00,4.688333333,1.011015092,2,2.592966245
4/20/2020 19:00,6.366666667,3.083618203,1,2.86951726
4/20/2020 20:00,6.385,2.001332269,7,2.937537399
4/20/2020 21:00,7.3,2.699513392,6,2.939576317
4/20/2020 22:00,7.863333333,3.452995991,6,2.953801474
4/20/2020 23:00,7.731666667,3.028316728,5,2.848540424
4/21/2020 0:00,8.238333333,3.603271738,5,2.93617812
4/21/2020 1:00,9.823333333,6.602775661,8,2.913048667
4/21/2020 2:00,10.36,6.574223269,5,3.074609911
4/21/2020 3:00,11.01833333,7.41666911,6,3.083839974
4/21/2020 4:00,9.623333333,4.988213029,5,3.26133186
4/21/2020 5:00,10.11333333,7.115215961,4,3.614577357
4/21/2020 6:00,11.78833333,9.427959717,4,3.776671988
4/21/2020 7:00,14.21166667,13.41808137,8,3.370801479
4/21/2020 8:00,12.14833333,8.529911849,6,3.667366649
4/21/2020 9:00,8.586666667,3.405508854,6,3.961665031
4/21/2020 10:00,8.476666667,3.94529934,9,5.377482019
4/21/2020 11:00,8.776666667,4.613425314,11,5.396293464
4/21/2020 12:00,10.05,5.962901528,7,5.57068737
4/21/2020 13:00,10.82833333,6.665590924,6,5.648296555
4/21/2020 14:00,10.85333333,6.941196645,5,5.616997378
4/21/2020 15:00,9.428333333,6.227386844,6,4.924659574
4/21/2020 16:00,10.34,8.000039563,6,4.443453766
4/21/2020 17:00,10.52666667,7.663421888,7,4.114994567
4/21/2020 18:00,11.625,7.726838253,8,5.19094531
4/21/2020 19:00,10.23166667,6.132713123,8,6.316244185
4/21/2020 20:00,10.69833333,6.465724179,8,6.558757687
4/21/2020 21:00,11.665,8.00755335,11,5.590527216
4/21/2020 22:00,10.76833333,7.116117615,11,4.791197326
4/21/2020 23:00,10.04666667,6.761166299,7,4.226956196
4/22/2020 0:00,9.856666667,6.631929156,5,3.585591338
4/22/2020 1:00,9.735,6.850730645,5,3.299274129
4/22/2020 2:00,10.45166667,9.719194116,7,3.480570338
4/22/2020 3:00,10.86333333,10.42068131,6,3.706616953
4/22/2020 4:00,11.36166667,10.57817029,5,4.096361975
4/22/2020 5:00,11.98166667,10.78374751,4,4.297903128
4/22/2020 6:00,12.785,9.69605165,5,4.644397797
4/22/2020 7:00,13.205,11.33225399,9,5.063555055
4/22/2020 8:00,15.00666667,13.43371005,8,5.667382666
4/22/2020 9:00,15.2877193,12.71178535,9,6.57228021
4/22/2020 10:00,12.97166667,9.363641697,9,7.945835028
4/22/2020 11:00,12.85833333,10.27130721,7,8.443019267
4/22/2020 12:00,13.04166667,10.41286697,,9.145177774
4/22/2020 13:00,12.945,11.22585876,,10.59365601
4/22/2020 14:00,13.33833333,11.82305458,19,9.982606641
4/22/2020 15:00,13.035,11.62859777,11,8.901728466
4/22/2020 16:00,13.31833333,12.06079082,9,8.024747281
4/22/2020 17:00,13.35666667,12.50109876,8,7.600745203
4/22/2020 18:00,14.11833333,12.82599492,10,15.43564514
4/22/2020 19:00,13.82666667,12.69315116,15,8.883558383
4/22/2020 20:00,14.435,13.25638466,11,9.8770837
4/22/2020 21:00,14.47333333,13.92180567,14,7.646301901
4/22/2020 22:00,15.16166667,15.53817162,10,6.271597316
4/22/2020 23:00,14.48166667,14.85802358,6,5.387244855
4/23/2020 0:00,14.70166667,16.2979658,6,4.971806355
4/23/2020 1:00,13.37166667,16.12905586,10,5.049792407
4/23/2020 2:00,11.02,12.91976699,7,6.081009402
4/23/2020 3:00,10.29333333,12.137732,8,7.824043139
4/23/2020 4:00,11.07,14.04022296,8,8.787693474
4/23/2020 5:00,9.858333333,11.93065202,7,8.002703717
4/23/2020 6:00,9.08,9.21546981,6,7.038337736
4/23/2020 7:00,8.748333333,7.907169151,5,6.754856615
4/23/2020 8:00,7.798333333,5.968612006,6,5.352282515
4/23/2020 9:00,9.28,8.452670115,11,5.00181524
4/23/2020 10:00,9.473333333,8.24468848,7,4.952726632
4/23/2020 11:00,8.978333333,7.652000931,5,4.408120945
4/23/2020 12:00,8.826666667,8.128375051,6,4.708248118
4/23/2020 13:00,8.915,8.141599317,8,5.010535242
4/23/2020 14:00,13.14666667,14.42372667,7,5.486588397
4/23/2020 15:00,84.88666667,71.37763392,7,5.010669713
4/23/2020 16:00,118.8066667,99.6535186,5,5.261336521
4/23/2020 17:00,200.515,137.552461,9,5.275884038
4/23/2020 18:00,17.63166667,16.33839482,8,5.841693533
4/23/2020 19:00,11.07333333,12.56992505,6,6.841421197
4/23/2020 20:00,11.98833333,15.46543815,8,8.601667062
4/23/2020 21:00,11.38,14.75583607,16,8.42194023
4/23/2020 22:00,12.16166667,15.77049792,5,8.969732139
4/23/2020 23:00,11.17833333,15.64997677,5,18.98336219
4/24/2020 0:00,13.67166667,19.91390084,16,45.11813699
4/24/2020 1:00,13.515,21.10137979,26,54.14261272
4/24/2020 2:00,13.615,22.67747183,37,55.93527791
4/24/2020 3:00,12.695,19.82193208,34,56.88485123
4/24/2020 4:00,10.08,16.03979206,35,52.16349452
4/24/2020 5:00,9.911666667,12.68744068,31,44.2303454
4/24/2020 6:00,9.4,9.052270348,26,43.14488993
4/24/2020 7:00,7.828333333,7.723532187,23,42.06130602
4/24/2020 8:00,6.08,4.983404205,30,33.36019077
4/24/2020 9:00,7.115,6.033230578,28,20.4573171
4/24/2020 10:00,9.963333333,9.0327345,17,13.42940918
4/24/2020 11:00,10.78166667,10.23073276,17,4.925553836
4/24/2020 12:00,10.59666667,10.06392668,6,3.651600665
4/24/2020 13:00,10.87,10.16370978,5,3.638819103
4/24/2020 14:00,9.833333333,9.265060806,4,3.733860013
4/24/2020 15:00,10.52333333,10.37229251,4,4.619665059
4/24/2020 16:00,9.65,9.737828308,5,8.215371621
4/24/2020 17:00,8.938333333,8.637509284,11,6.655878349
4/24/2020 18:00,8.398333333,7.568447615,9,10.5139534
4/24/2020 19:00,11.01833333,13.75049132,9,13.21832199
4/24/2020 20:00,15.83333333,22.87824023,9,16.69315027
4/24/2020 21:00,14.62608696,21.95975486,15,17.61253794
4/24/2020 22:00,,25.08849593,10,16.64521782
4/24/2020 23:00,,34.96882578,11,17.65333877
4/25/2020 0:00,,24.28602344,10,18.52952411
4/25/2020 1:00,,18.95934929,16,17.67683871
4/25/2020 2:00,,22.95037259,9,20.092751
4/25/2020 3:00,,27.09467716,8,21.18599649
4/25/2020 4:00,,26.17829565,15,26.62615586
4/25/2020 5:00,,22.83405916,24,28.62580963
4/25/2020 6:00,,17.524817,24,31.37872431
4/25/2020 7:00,,22.10311793,29,34.55815862
4/25/2020 8:00,,18.10608359,34,33.5395237
4/25/2020 9:00,,18.89352851,30,36.90886832
4/25/2020 10:00,,19.19468111,35,38.49562069
4/25/2020 11:00,,19.29236034,38,36.30515734
4/25/2020 12:00,,18.60710293,34,24.52870771
4/25/2020 13:00,,17.22727102,18,18.05401296
4/25/2020 14:00,,16.29375807,14,13.78812032
4/25/2020 15:00,,15.41644826,11,12.31497497
4/25/2020 16:00,,14.56438477,8,11.40399469
4/25/2020 17:00,,14.98094914,12,11.39285815
4/25/2020 18:00,,18.26747974,9,9.216766871
4/25/2020 19:00,,20.47623268,8,13.78339989
4/25/2020 20:00,,26.62731958,11,16.97091451
4/25/2020 21:00,,31.06436131,11,18.24036443
4/25/2020 22:00,,28.53311662,11,18.5956548
4/25/2020 23:00,,28.76243741,16,17.88019393
4/26/2020 0:00,,28.65453942,13,17.92937836
4/26/2020 1:00,,29.29922238,11,18.97418663
4/26/2020 2:00,,27.24645567,14,19.2831423
4/26/2020 3:00,,27.32970843,17,18.98389236
4/26/2020 4:00,,28.32363222,15,19.08383775
4/26/2020 5:00,,30.14707815,15,20.40100413
4/26/2020 6:00,,33.17573556,15,24.02448435
4/26/2020 7:00,,40.33577384,17,33.10198675
4/26/2020 8:00,,44.36496718,28,38.79519853
4/26/2020 9:00,,44.7713128,30,28.8911104
4/26/2020 10:00,,44.87079535,22,21.41148849
4/26/2020 11:00,,42.33504238,20,22.54700987
4/26/2020 12:00,,37.2527166,23,28.17126765
4/26/2020 13:00,,34.74792044,25,29.04356295
4/26/2020 14:00,,37.72728741,24,26.76076087
4/26/2020 15:00,,30.91558832,18,27.27012601
4/26/2020 16:00,,26.40521203,23,27.27655831
4/26/2020 17:00,,15.99651265,23,27.77281634
4/26/2020 18:00,,17.83769111,29,20.98275387
4/26/2020 19:00,,15.42396205,18,18.94206738
4/26/2020 20:00,,9.747445956,18,15.54104672
4/26/2020 21:00,,7.006115768,15,10.09573081
4/26/2020 22:00,,3.630020821,9,5.687822945
4/26/2020 23:00,,1.051589543,6,2.594250576
4/27/2020 0:00,,0.01378523,4,2.100956378
4/27/2020 1:00,,-0.421112783,3,2.609995979
4/27/2020 2:00,,-0.478518119,2,2.07118213
4/27/2020 3:00,,-0.2636238,1,2.09089167
4/27/2020 4:00,,0.213952526,1,2.097134945
4/27/2020 5:00,,0.317041689,0,1.710820293
4/27/2020 6:00,,0.097639098,1,1.883855063
4/27/2020 7:00,,-0.170753388,1,1.973415424
4/27/2020 8:00,,0.356413935,1,2.262083266
4/27/2020 9:00,2.414285714,0.260237456,3,3.317849232
4/27/2020 10:00,3.106666667,0.447781589,5,3.029539095
4/27/2020 11:00,2.943333333,0.734808267,3,2.36991804
4/27/2020 12:00,3.468333333,0.546061928,0,2.027045606
4/27/2020 13:00,2.676666667,0.618194287,0,2.0705323
4/27/2020 14:00,2.523333333,0.41562258,1,2.300608082
4/27/2020 15:00,2.286666667,0.151738367,3,2.293740148
4/27/2020 16:00,3.086666667,0.460404752,2,3.258649074
4/27/2020 17:00,3.461666667,0.848717284,4,2.362515299
4/27/2020 18:00,2.896666667,0.40570438,3,2.024520853
4/27/2020 19:00,2.885,0.755546321,0,2.385670303
4/27/2020 20:00,3.385,1.672528933,0,5.282543311
4/27/2020 21:00,4.381666667,3.860543818,6,3.602224615
4/27/2020 22:00,6.11,7.548911768,6,2.569888319
4/27/2020 23:00,9.713333333,14.04202627,6,2.893968944
4/28/2020 0:00,6.08,6.22257802,5,3.247184632
4/28/2020 1:00,3.703333333,2.932440801,3,4.308334057
4/28/2020 2:00,4.648333333,4.662715759,2,3.006002114
4/28/2020 3:00,5.96,7.741264725,1,2.913755324
4/28/2020 4:00,8.088333333,13.45324589,-1,2.731392074
4/28/2020 5:00,8.391666667,12.04576324,0,3.406898586
4/28/2020 6:00,5.7,7.760199469,4,4.218976626
4/28/2020 7:00,5.453333333,7.232431044,5,4.254562936
4/28/2020 8:00,4.668333333,5.999869362,4,4.15568681
4/28/2020 9:00,8.386666667,14.88056494,5,4.25360521
4/28/2020 10:00,10.56166667,16.8215265,4,3.126074701
4/28/2020 11:00,9.27,14.43574873,4,3.421669763
4/28/2020 12:00,9.463333333,14.30260442,5,3.12181418
4/28/2020 13:00,9.346666667,13.71202073,5,3.120574988
4/28/2020 14:00,8.546666667,13.8361485,9,3.185770016
4/28/2020 15:00,8.385,12.3484186,7,3.261153008
4/28/2020 16:00,4.715,6.107466797,4,3.116819087
4/28/2020 17:00,4.436666667,6.767177329,5,2.945280432
4/28/2020 18:00,3.728333333,6.653268312,4,2.947046387
4/28/2020 19:00,3.558333333,5.71404489,5,3.722732836
4/28/2020 20:00,4.405,8.626989982,3,4.262905537
4/28/2020 21:00,3.683333333,5.858610159,2,3.414542824
4/28/2020 22:00,2.795,4.462247912,3,4.260043898
4/28/2020 23:00,3.075,5.171549441,4,4.097633957
4/29/2020 0:00,3.363333333,5.687295807,6,5.169457466
4/29/2020 1:00,2.535,3.133810303,6,5.551683115
4/29/2020 2:00,1.578333333,1.26197559,6,6.572890816
4/29/2020 3:00,1.881666667,2.209013352,5,9.097287052
4/29/2020 4:00,2.658333333,3.644747845,9,5.606105264
4/29/2020 5:00,3.325,4.417165188,6,5.280045764
4/29/2020 6:00,4.446666667,6.18440798,4,4.779341964
4/29/2020 7:00,4.605,6.832998107,8,4.573355051
4/29/2020 8:00,4.185,5.668962165,7,4.592888293
4/29/2020 9:00,3.428333333,4.243746975,6,16.36138562
4/29/2020 10:00,3.21,4.181532815,13,6.097931595
4/29/2020 11:00,4.831666667,7.817003702,9,8.662158222
4/29/2020 12:00,6.231666667,10.68005725,7,5.748888279
4/29/2020 13:00,6.591666667,11.57660236,8,7.068760537
4/29/2020 14:00,6.13,10.78344696,6,9.960277601
4/29/2020 15:00,5.451666667,10.57546533,11,11.67580271
4/29/2020 16:00,5.366666667,9.782610481,14,11.55632928
4/29/2020 17:00,3.52,3.763465685,11,14.11982134
4/29/2020 18:00,3.013333333,1.541187929,15,16.78456304
4/29/2020 19:00,4.25,3.104656808,10,18.40994824
4/29/2020 20:00,6.548333333,6.082220471,17,20.22650802
4/29/2020 21:00,7.26,8.362805217,18,22.85211298
4/29/2020 22:00,6.351666667,5.619070617,17,25.57661056
4/29/2020 23:00,4.856666667,2.155214634,20,24.75618933
4/30/2020 0:00,4.001666667,1.222903896,16,27.53804696
4/30/2020 1:00,3.576666667,0.990277038,17,21.17938274
4/30/2020 2:00,2.698333333,-0.287367368,11,14.17854455
4/30/2020 3:00,2.618333333,-0.700024571,8,4.884060069
4/30/2020 4:00,2.931666667,-0.525103601,8,2.946796656
4/30/2020 5:00,3.125,-0.357696418,5,2.742977738
4/30/2020 6:00,3.423333333,-0.124652666,2,1.881127564
4/30/2020 7:00,3.406666667,-0.090506139,2,2.020376965
4/30/2020 8:00,3.646666667,0.180891862,4,2.813019051
4/30/2020 9:00,4.103333333,0.658468188,6,2.260831298
4/30/2020 10:00,3.596666667,0.457098686,5,2.72739541
4/30/2020 11:00,2.95,0.358818347,6,2.317687212
4/30/2020 12:00,2.326666667,-0.077882976,4,2.406071405
4/30/2020 13:00,1.771666667,0.005069237,4,2.36418246
4/30/2020 14:00,1.79,0.322752167,4,2.465080788
4/30/2020 15:00,2.22,1.657501358,3,1.763648006
4/30/2020 16:00,2.251666667,1.525859803,0,2.56241779
4/30/2020 17:00,3.216666667,3.114875559,2,3.017240009
4/30/2020 18:00,2.446666667,2.10021371,4,3.907046665
4/30/2020 19:00,3.83,4.683153261,6,6.213869251
4/30/2020 20:00,3.368333333,2.885855319,8,8.714581151
4/30/2020 21:00,3.421666667,3.203237698,8,8.531070028
4/30/2020 22:00,2.486666667,2.240571259,7,4.631878126
4/30/2020 23:00,3.221666667,2.940856243,4,3.574911292
5/1/2020 0:00,2.825,3.114575007,1,5.223547555
5/1/2020 1:00,2.546666667,4.525363726,4,6.145850801
5/1/2020 2:00,3.528333333,4.793155108,7,7.576325883
5/1/2020 3:00,3.103333333,3.495674303,6,6.996665117
5/1/2020 4:00,4.13,5.266523713,7,4.599439592
5/1/2020 5:00,5.69,8.883059856,6,3.678415756
5/1/2020 6:00,6.508333333,11.30340105,4,4.137708828
5/1/2020 7:00,7.136666667,12.70968149,5,4.892708862
5/1/2020 8:00,5.236666667,7.951650772,4,8.498961756
5/1/2020 9:00,3.901666667,4.481783759,8,9.082467849
5/1/2020 10:00,2.481666667,1.669823969,9,8.512916505
5/1/2020 11:00,3.068333333,2.628883791,9,4.135151238
5/1/2020 12:00,3.131666667,2.487023485,5,3.011832704
5/1/2020 13:00,3.403333333,2.495739478,3,4.973288275
5/1/2020 14:00,3.253333333,1.917778953,3,4.884002581
5/1/2020 15:00,2.491666667,0.938582181,3,4.425972595
5/1/2020 16:00,2.823333333,1.399327624,1,4.542630757
5/1/2020 17:00,2.905,1.45492965,1,4.329259793
5/1/2020 18:00,3.453333333,2.266118136,2,5.162788825
5/1/2020 19:00,3.78,3.783903187,3,6.302385487
5/1/2020 20:00,4.631666667,4.972584351,5,5.261796427
5/1/2020 21:00,6.668333333,9.927476302,5,3.87259202
5/1/2020 22:00,6.813333333,8.406084633,5,3.010189911
5/1/2020 23:00,4.828333333,3.938386656,5,2.413678596
5/2/2020 0:00,4.538333333,4.737553081,3,2.243303759
5/2/2020 1:00,3.486666667,3.690732223,1,2.388936016
5/2/2020 2:00,3.421666667,3.272965645,-1,2.832085999
5/2/2020 3:00,3.701666667,4.278009845,0,3.222699733
5/2/2020 4:00,3.775,3.360125579,2,3.966368188
5/2/2020 5:00,3.915,3.222172442,2,4.510002961
5/2/2020 6:00,4.073333333,2.612052907,0,5.084061813
5/2/2020 7:00,4.891666667,4.492904164,-1,4.512610043
5/2/2020 8:00,4.905,5.8366699,1,4.553719608
5/2/2020 9:00,4.77,4.900451992,4,3.250741241
5/2/2020 10:00,4.715,4.323693672,4,2.835126491
5/2/2020 11:00,4.118333333,2.310599757,1,3.265930923
5/2/2020 12:00,3.6,1.343725597,2,2.889152703
5/2/2020 13:00,3.658333333,1.504821198,4,3.165160347
5/2/2020 14:00,3.738333333,1.774115338,4,2.390671784
5/2/2020 15:00,3.506666667,1.657200806,1,2.656631753
5/2/2020 16:00,3.693333333,1.428180567,3,2.603512578
5/2/2020 17:00,3.971666667,1.675233896,5,3.979782121
5/2/2020 18:00,3.898333333,1.551106129,3,4.937000392
5/2/2020 19:00,3.891666667,2.326829538,3,5.69424247
5/2/2020 20:00,4.613333333,3.562396735,5,7.555719526
5/2/2020 21:00,5.946666667,6.301623063,10,6.913498732
5/2/2020 22:00,7.643333333,11.81794521,6,8.368367536
5/2/2020 23:00,13.88833333,24.74706943,7,14.73673451
5/3/2020 0:00,14.30666667,23.74683405,12,13.90645037
5/3/2020 1:00,12.635,20.43265272,11,12.78898031
5/3/2020 2:00,9.526666667,14.037518,7,12.05279172
5/3/2020 3:00,5.091666667,5.709236066,9,12.38048133
5/3/2020 4:00,4.575,4.645584324,10,12.07557625
5/3/2020 5:00,4.125,5.105428112,11,10.67405018
5/3/2020 6:00,6.011666667,8.855108567,7,8.571020128
5/3/2020 7:00,8.78,13.44062273,7,9.928199728
5/3/2020 8:00,9.186666667,11.83778161,10,12.22678151
5/3/2020 9:00,7.078333333,7.672438433,12,19.25733219
5/3/2020 10:00,7.333333333,8.844589264,18,19.45758901
5/3/2020 11:00,7.796666667,10.02184947,15,18.91664384
5/3/2020 12:00,6.491666667,7.060215037,14,17.29508456
5/3/2020 13:00,6.17,6.560698452,12,18.26587267
5/3/2020 14:00,5.343333333,5.001136743,14,20.51272303
5/3/2020 15:00,4.221666667,3.305725758,21,15.75824683
5/3/2020 16:00,4.245,3.885189041,14,14.41626926
5/3/2020 17:00,4.71,4.608315939,11,16.16160082
5/3/2020 18:00,5.401666667,5.990251714,13,18.13166047
5/3/2020 19:00,8.151666667,11.44466025,15,19.95364946
5/3/2020 20:00,12.90333333,21.10558751,15,20.59244353
5/3/2020 21:00,15.77333333,24.66441777,17,23.24243525
5/3/2020 22:00,9.553333333,15.14655302,14,23.29778771
5/3/2020 23:00,9.036666667,15.32508061,18,24.50667692
5/4/2020 0:00,13.60333333,22.99906193,15,21.13548085
5/4/2020 1:00,16.51166667,27.56323694,12,22.34361632
5/4/2020 2:00,16.19166667,28.62538593,15,21.41789524
5/4/2020 3:00,17.41666667,29.63343564,14,26.28314073
5/4/2020 4:00,16.72333333,30.77673353,17,26.6323382
5/4/2020 5:00,20.17666667,35.53356204,20,26.84016473
5/4/2020 6:00,26.69,36.87432226,21,27.97140643
5/4/2020 7:00,20.30166667,28.56647783,15,26.09321069
5/4/2020 8:00,15.23833333,20.2983062,20,20.12890569
5/4/2020 9:00,11.44333333,17.35019658,12,9.673568783
5/4/2020 10:00,13.32166667,18.78352666,12,9.289751442
5/4/2020 11:00,13.97,17.86293743,11,11.41718208
5/4/2020 12:00,12.025,18.12652109,16,8.56770497
5/4/2020 13:00,12.43,15.01881863,3,6.176010622
5/4/2020 14:00,9.445,12.9128543,3,7.155786303
5/4/2020 15:00,10.265,15.33079108,4,7.318056568
5/4/2020 16:00,9.797959184,14.4694105,8,4.484563331
5/4/2020 17:00,10.71833333,13.91519354,7,3.428969592
5/4/2020 18:00,9.103333333,12.40762724,4,4.592064294
5/4/2020 19:00,8.096666667,9.424353099,5,6.791233924
5/4/2020 20:00,5.39,5.878446558,7,8.658453422
5/4/2020 21:00,5.37,7.694378692,8,8.091639514
5/4/2020 22:00,6.875,11.35659866,8,8.307238326
5/4/2020 23:00,9.091666667,13.87552074,9,8.749776756
5/5/2020 0:00,6.221666667,8.866830075,6,8.331765478
5/5/2020 1:00,6.476666667,9.16738157,6,7.408268463
5/5/2020 2:00,7.043333333,10.0885719,6,6.929237746
5/5/2020 3:00,9.406666667,16.15159722,6,7.175703036
5/5/2020 4:00,11.06,19.51657176,9,8.172441073
5/5/2020 5:00,9.971666667,15.2328113,9,8.082610777
5/5/2020 6:00,5.745,5.256304962,6,6.645450021
5/5/2020 7:00,5.243333333,2.472597013,5,4.227724599
5/5/2020 8:00,11.935,2.836865425,8,2.929930208
5/5/2020 9:00,5.093333333,1.031452593,5,2.214508516
5/5/2020 10:00,5.61,1.541187929,4,2.452171474
5/5/2020 11:00,5.361666667,1.453426893,5,2.345905443
5/5/2020 12:00,5.5,1.655698049,5,2.477878673
5/5/2020 13:00,4.681666667,2.185269784,4,2.936356973
5/5/2020 14:00,5.986666667,1.912970129,0,3.032043029
5/5/2020 15:00,4.86,2.091497717,1,3.273367967
5/5/2020 16:00,5.036666667,2.599730296,2,3.035083521
5/5/2020 17:00,4.845,2.902686203,2,2.386411263
5/5/2020 18:00,4.99,3.229986781,3,2.165049428
5/5/2020 19:00,4.888333333,3.244112701,3,2.522747925
5/5/2020 20:00,5.175,3.816362748,4,3.725881917
5/5/2020 21:00,5.071666667,4.098881154,3,7.918556719
5/5/2020 22:00,5.49,5.299884929,3,13.16796864
5/5/2020 23:00,5.445,4.861079746,7,8.419123304
5/6/2020 0:00,4.233333333,3.10105019,6,6.8086912
5/6/2020 1:00,3.46,2.179559305,3,6.381591568
5/6/2020 2:00,3.528333333,2.433525319,3,6.474658714
5/6/2020 3:00,4.001666667,3.071295592,3,6.859957975
5/6/2020 4:00,3.995,3.473132941,5,8.389670139
5/6/2020 5:00,4.666666667,4.267791094,2,9.437572986
5/6/2020 6:00,5.693333333,4.637769985,1,9.826194218
5/6/2020 7:00,9.285,4.521456556,5,7.1125615
5/6/2020 8:00,15.87166667,6.007383149,9,6.104549135
5/6/2020 9:00,7.595,4.23082326,6,8.038825523
5/6/2020 10:00,16.96666667,4.586075128,6,8.331083189
5/6/2020 11:00,12.02,5.567976863,7,9.279748481
5/6/2020 12:00,9.306666667,5.162532896,9,10.39164218
5/6/2020 13:00,9.883333333,5.764838092,14,10.06336183
5/6/2020 14:00,10.56,5.880249866,10,9.380704297
5/6/2020 15:00,6.515,4.998732331,13,9.158416261
5/6/2020 16:00,6.523333333,5.299283826,9,9.060794766
5/6/2020 17:00,6.86,5.851396923,6,9.889349516
5/6/2020 18:00,7.128333333,6.220173608,10,9.621701575
5/6/2020 19:00,7.78,7.801074473,9,7.925624702
5/6/2020 20:00,12.38,15.50330764,9,8.970884744
5/6/2020 21:00,12.695,14.00145182,8,9.897286872
5/6/2020 22:00,11.43666667,11.94928621,7,10.35980644
5/6/2020 23:00,10.12,10.54541018,6,11.62166408
5/7/2020 0:00,10.55,12.2889094,5,14.38917311
5/7/2020 1:00,,13.50614296,7,15.34728565
5/7/2020 2:00,,15.90424334,13,18.25900341
5/7/2020 3:00,,16.13897405,19,15.24319353
5/7/2020 4:00,,19.49883922,10,13.46911641
5/7/2020 5:00,,20.8305829,11,15.09987906
5/7/2020 6:00,,20.8305829,12,16.85273137
5/7/2020 7:00,,18.2677803,15,18.03823325
5/7/2020 8:00,24.3,19.23134839,15,17.87071475
5/7/2020 9:00,19.04333333,19.76439101,12,17.28389989
5/7/2020 10:00,17.3,16.68627833,12,17.25907252
5/7/2020 11:00,23.33,14.18328547,23,14.57066065
5/7/2020 12:00,18.88,13.10911443,13,10.7238427
5/7/2020 13:00,20.58333333,13.48750876,11,10.06281508
5/7/2020 14:00,10.02333333,9.559000169,11,10.2277927
5/7/2020 15:00,9.688333333,8.873742759,10,7.793382484
5/7/2020 16:00,8.498333333,7.890338267,9,6.912010424
5/7/2020 17:00,5.903333333,4.97649152,7,7.58091217
5/7/2020 18:00,6.306666667,6.124598232,8,8.496738876
5/7/2020 19:00,7.67,8.965410965,7,13.25666667
5/7/2020 20:00,10.17166667,12.66760428,14,14.68242488
5/7/2020 21:00,14.56166667,20.76325936,19,19.64003809
5/7/2020 22:00,15.77666667,24.45944165,20,18.43820078
5/7/2020 23:00,19.22166667,31.1623411,16,23.19534998
5/8/2020 0:00,21.22166667,33.20729347,22,25.42452849
5/8/2020 1:00,17.125,24.55742144,24,26.5668782
5/8/2020 2:00,18.58166667,29.93969761,19,23.7948442
5/8/2020 3:00,21.83166667,32.30173182,23,17.21661825
5/8/2020 4:00,21.65,32.19443493,14,15.3549763
5/8/2020 5:00,16.045,23.33628071,12,14.05356928
5/8/2020 6:00,10.5,14.06997756,17,10.63584134
5/8/2020 7:00,8.111666667,5.302589893,5,5.573465971
5/8/2020 8:00,6.286666667,5.413192843,5,3.450244753
5/8/2020 9:00,8.816666667,9.747145405,4,2.545347209
5/8/2020 10:00,9.068333333,10.43961605,4,2.132447183
5/8/2020 11:00,10.545,12.74995539,3,2.496558817
5/8/2020 12:00,12.50333333,16.42479853,2,2.492862534
5/8/2020 13:00,12.60166667,15.60128743,2,2.063352652
5/8/2020 14:00,15.55166667,20.42273452,1,2.020095911
5/8/2020 15:00,16.70333333,20.37073911,3,2.647510279
5/8/2020 16:00,8.563333333,7.133850153,7,3.173496149
5/8/2020 17:00,3.863333333,2.105022534,7,2.359915551
5/8/2020 18:00,3.05,1.279407577,4,8.183172219
5/8/2020 19:00,4.268333333,3.664283692,7,13.22165631
5/8/2020 20:00,8.77,12.66189381,8,19.88105595
5/8/2020 21:00,16.84333333,27.40063858,20,20.47695254
5/8/2020 22:00,23.44666667,34.42031931,16,26.76307933
5/8/2020 23:00,24.11333333,35.26697287,25,23.80275203
5/9/2020 0:00,22.715,34.56578623,22,21.31997992
5/9/2020 1:00,19.295,30.98170965,14,18.63103565
5/9/2020 2:00,15.31666667,26.66879569,17,19.1708594
5/9/2020 3:00,15.4,27.977998,15,18.95668762
5/9/2020 4:00,17.96,31.51398635,15,14.79934564
5/9/2020 5:00,17.46166667,29.39269389,13,7.818575128
5/9/2020 6:00,16.03833333,26.95852733,8,7.414751864
5/9/2020 7:00,12.135,15.14505026,6,7.325395906
5/9/2020 8:00,7.505,7.687466008,5,7.975918009
5/9/2020 9:00,5.023333333,4.382000663,9,10.62304743
5/9/2020 10:00,4.58,4.018934456,8,11.29524645
5/9/2020 11:00,3.583333333,2.208412249,12,9.390432829
5/9/2020 12:00,3.386666667,2.096907644,10,8.674198824
5/9/2020 13:00,4.566666667,3.755050243,10,11.49355207
5/9/2020 14:00,4.318333333,2.852794655,15,10.55168199
5/9/2020 15:00,3.955,2.549237644,8,10.56673872
5/9/2020 16:00,4.655,3.897211101,13,15.32689647
5/9/2020 17:00,5.67,5.92923976,17,20.0755374
5/9/2020 18:00,6.423333333,6.828189283,20,23.83109376
5/9/2020 19:00,7.08,6.889201236,19,36.92422313
5/9/2020 20:00,7.05,6.947508226,34,42.08733544
5/9/2020 21:00,7.256666667,9.051068142,38,46.90070179
5/9/2020 22:00,10.07666667,14.53102355,39,52.69078133
5/9/2020 23:00,8.42,13.05501516,45,57.06529148
5/10/2020 0:00,9.968333333,16.29315697,50,52.14378498
5/10/2020 1:00,9.341666667,13.94074042,39,47.65185011
5/10/2020 2:00,8.478333333,13.51125233,38,10.22280547
5/10/2020 3:00,10.15833333,17.83859276,8,4.733031957
5/10/2020 4:00,10.15333333,12.36615113,5,2.605364978
5/10/2020 5:00,6.538333333,3.122689897,0,2.270601941
5/10/2020 6:00,5.625,1.050687889,0,1.251445603
5/10/2020 7:00,2.953333333,-0.23356865,5,1.270710566
5/10/2020 8:00,3.925,-0.561470332,3,1.286826448
5/10/2020 9:00,2.803333333,-0.47070378,-1,1.434833232
5/10/2020 10:00,2.825,0.061272367,0,1.655773486
5/10/2020 11:00,3.568333333,0.614287118,2,2.188945392
5/10/2020 12:00,3.888333333,0.580925902,4,2.362144819
5/10/2020 13:00,5.506666667,0.813853311,1,2.472499852
5/10/2020 14:00,5.921666667,0.963227404,1,2.268598605
5/10/2020 15:00,6.833333333,1.005605165,1,2.45721128
5/10/2020 16:00,5.625,1.112300946,0,2.362330059
5/10/2020 17:00,6,1.49099583,1,2.39537449
5/10/2020 18:00,5.541666667,1.310965484,0,2.221841466
5/10/2020 19:00,5.271666667,1.057600573,-1,2.069280333
5/10/2020 20:00,4.36,0.571007703,-1,2.076860925
5/10/2020 21:00,4.613333333,0.688523337,2,1.716583317
5/10/2020 22:00,4.333333333,0.297505842,3,1.570818576
5/10/2020 23:00,4.498333333,0.6106805,1,1.763078564
5/11/2020 0:00,4.765,0.815957171,0,1.822170133
5/11/2020 1:00,4.633333333,0.6509544,0,1.807721411
5/11/2020 2:00,4.383333333,0.349501251,2,1.858106699
5/11/2020 3:00,4.71,0.588740241,3,1.66010569
5/11/2020 4:00,4.523333333,0.931669497,1,1.706786177
5/11/2020 5:00,4.296666667,0.700244846,-2,1.843754027
5/11/2020 6:00,4.748333333,0.460705304,-2,2.101141618
5/11/2020 7:00,4.366666667,0.358818347,-2,1.764224308
5/11/2020 8:00,4.328333333,0.247614294,4,1.872925902
5/11/2020 9:00,5.673333333,0.809044487,4,2.017234272
5/11/2020 10:00,25.74166667,21.06110589,5,2.100592759
5/11/2020 11:00,96.7,68.73398297,4,3.519524524
5/11/2020 12:00,,24.67674038,3,2.294038235
5/11/2020 13:00,,9.666898155,0,2.166397209
5/11/2020 14:00,,0.867351477,-1,2.557177872
5/11/2020 15:00,,0.37354537,0,2.3643677
5/11/2020 16:00,,0.586035277,1,2.195874741
5/11/2020 17:00,,0.8919967,-1,2.171405077
5/11/2020 18:00,,1.469656673,1,3.006224402
5/11/2020 19:00,,2.158520701,6,2.634818143
5/11/2020 20:00,,3.275069505,4,5.399155103
5/11/2020 21:00,,8.595131523,2,8.27402926
5/11/2020 22:00,,17.22456606,9,7.171531705
5/11/2020 23:00,,19.20159379,9,5.8639926
5/12/2020 0:00,13.58135593,20.51740824,5,6.345251402
5/12/2020 1:00,11.785,16.59821674,3,7.749949872
5/12/2020 2:00,9.855,14.09251892,3,9.076747637
5/12/2020 3:00,7.96,10.57636698,4,5.782435887
5/12/2020 4:00,7.5,10.71341846,3,4.685240029
5/12/2020 5:00,7.958333333,10.88924109,3,4.000642278
5/12/2020 6:00,8.495,14.78318626,3,3.393746544
5/12/2020 7:00,10.765,12.18281472,2,2.645562065
5/12/2020 8:00,33.68333333,14.77266696,1,2.17229934
5/12/2020 9:00,4.543333333,2.630987651,-2,2.840313211
5/12/2020 10:00,4.493333333,1.890729318,0,2.319011335
5/12/2020 11:00,5.335,3.235096157,0,2.431814233
5/12/2020 12:00,7.451666667,12.44730004,-1,2.709840355
5/12/2020 13:00,4.768333333,1.552909438,0,2.390320467
5/12/2020 14:00,8.013333333,5.439941926,0,2.187833952
5/12/2020 15:00,10.03166667,8.43764254,-1,2.93435127
5/12/2020 16:00,7.561666667,2.458471093,-2,2.389745584
5/12/2020 17:00,5.596666667,2.260407657,-1,2.659135687
5/12/2020 18:00,5.77,1.949637411,1,3.09285286
5/12/2020 19:00,5.896666667,2.111334116,1,11.46502511
5/12/2020 20:00,6.09,3.003370954,14,1.967398317
5/12/2020 21:00,6.59,4.038169752,7,1.137459109
5/12/2020 22:00,6.073333333,3.775187194,-2,1.524674646
5/12/2020 23:00,4.355,2.32111906,-3,1.365923941
5/13/2020 0:00,2.708333333,0.765765071,2,1.519295824
5/13/2020 1:00,2.791666667,0.193214473,-1,1.217227298
5/13/2020 2:00,3.078333333,0.36753434,-3,1.217361437
5/13/2020 3:00,2.695,-0.061953746,0,1.417720886
5/13/2020 4:00,3.055,0.331468161,-1,1.430757951
5/13/2020 5:00,3.291666667,0.453191516,-1,2.252112242
5/13/2020 6:00,3.323333333,0.543657516,-3,2.248036961
5/13/2020 7:00,3.16,0.088322001,-2,2.897118025
5/13/2020 8:00,3.045,-0.098019926,1,1.905342907
5/13/2020 9:00,2.546666667,-0.092008896,1,1.834766455
5/13/2020 10:00,2.231666667,-0.309007076,-2,2.097115735
5/13/2020 11:00,2.685,0.54636248,1,1.974190451
5/13/2020 12:00,3.581666667,1.736546401,2,2.286011167
5/13/2020 13:00,4.066666667,2.004638335,6,3.456638727
5/13/2020 14:00,,1.493700793,5,2.422347829
5/13/2020 15:00,,1.473864394,1,2.200615514
5/13/2020 16:00,,1.363261444,1,2.238329012
5/13/2020 17:00,,1.20156474,3,2.158936507
5/13/2020 18:00,,1.439300972,0,3.429127389
5/13/2020 19:00,,1.218996726,0,2.182276751
5/13/2020 20:00,,2.200297358,1,2.308227196
5/13/2020 21:00,,3.464116396,1,4.380149701
5/13/2020 22:00,,4.703590763,6,6.213854474
5/13/2020 23:00,,5.712542132,4,3.023982746
5/14/2020 0:00,7.43559322,8.420811656,3,4.013048675
5/14/2020 1:00,5.928333333,5.367509016,3,5.078830379
5/14/2020 2:00,5.323333333,5.178762677,3,4.768163687
5/14/2020 3:00,6.795,7.838042307,5,4.871003841
5/14/2020 4:00,6.24,6.567010033,4,4.542049486
5/14/2020 5:00,5.993333333,6.004077083,3,4.402536301
5/14/2020 6:00,5.58,4.067323247,4,4.113194119
5/14/2020 7:00,5.155,2.999764336,5,3.333358294
5/14/2020 8:00,4.738333333,2.293468322,3,1.838567306
5/14/2020 9:00,3.913333333,2.312703618,1,2.516232586
5/14/2020 10:00,4.341666667,2.527898488,3,3.068780646
5/14/2020 11:00,5.233333333,3.860543818,2,2.75231781
5/14/2020 12:00,5.236666667,4.165904137,3,2.963619195
5/14/2020 13:00,5.89,5.073870205,6,2.871791241
5/14/2020 14:00,4.878333333,3.147635672,3,2.880403674
5/14/2020 15:00,5.201666667,3.410317678,0,3.68420291
5/14/2020 16:00,4.415,2.200297358,1,3.837057872
5/14/2020 17:00,3.73,1.524056494,3,3.160899827
5/14/2020 18:00,3.53,1.484383697,3,2.446009155
5/14/2020 19:00,3.276666667,1.278806474,2,3.776864089
5/14/2020 20:00,3.58,1.948435205,1,4.167212856
5/14/2020 21:00,5.096666667,4.509735048,2,4.62912655
5/14/2020 22:00,8.751666667,11.79239833,4,5.187930369
5/14/2020 23:00,8.121666667,10.4498348,5,4.91525326
5/15/2020 0:00,9.391666667,13.93172387,2,3.73473639
5/15/2020 1:00,11.42,16.35326727,-1,4.388115022
5/15/2020 2:00,8.415,12.28530278,2,4.786566325
5/15/2020 3:00,8.278333333,13.21220359,3,3.908899066
5/15/2020 4:00,8.18,13.33452805,1,3.471732596
5/15/2020 5:00,8.403333333,12.55940575,1,3.158676946
5/15/2020 6:00,9.468333333,14.4501752,2,3.308522409
5/15/2020 7:00,10.16333333,13.76281393,3,2.703912674
5/15/2020 8:00,7.458333333,6.746739827,3,2.520154565
5/15/2020 9:00,3.418333333,0.713469111,1,2.631592411
5/15/2020 10:00,3.636666667,0.771174998,0,2.089612278
5/15/2020 11:00,3.511666667,0.683714513,3,2.001112002
5/15/2020 12:00,3.388333333,0.705955324,1,2.338125362
5/15/2020 13:00,3.265,0.516006779,-3,2.383166369
5/15/2020 14:00,2.878333333,0.028512254,-2,2.330047194
5/15/2020 15:00,2.346666667,-0.065560364,-2,2.562018811
5/15/2020 16:00,2.52,0.446579384,-3,2.750407921
5/15/2020 17:00,3.058333333,1.163695251,-2,3.140708663
5/15/2020 18:00,3.36,1.361157584,0,3.169556711
5/15/2020 19:00,3.316666667,1.699278016,7,3.064931242
5/15/2020 20:00,3.903333333,2.393251418,5,3.036603767
5/15/2020 21:00,5.25,5.416498909,6,2.86766486
5/15/2020 22:00,6.485,7.288634173,4,2.882298822
5/15/2020 23:00,6.005,7.710307921,3,2.766523804
5/16/2020 0:00,6.446666667,10.14627779,3,3.248275632
5/16/2020 1:00,8.406666667,14.7822846,3,3.913063536
5/16/2020 2:00,9.725,17.70214238,5,4.852511776
5/16/2020 3:00,9.79,19.67255798,5,4.245665439
5/16/2020 4:00,8.603333333,17.89750085,6,4.196372429
5/16/2020 5:00,7.86,15.81558065,6,3.847214136
5/16/2020 6:00,7.285,11.94868511,4,4.049570344
5/16/2020 7:00,6.275,7.489402572,3,3.734958678
5/16/2020 8:00,5.113333333,4.293337971,2,3.07223846
5/16/2020 9:00,5.771666667,5.421608285,0,3.016968324
5/16/2020 10:00,5.391666667,5.772652431,0,2.787372888
5/16/2020 11:00,3.615,2.529701797,-2,2.477549358
5/16/2020 12:00,2.465,0.627511384,-2,2.287678328
5/16/2020 13:00,1.666666667,-0.50286279,1,2.549141435
5/16/2020 14:00,1.591666667,-0.472807641,1,2.312340802
5/16/2020 15:00,1.661666667,-0.369718478,-1,1.701764114
5/16/2020 16:00,1.523333333,-0.519393122,-2,1.757891843
5/16/2020 17:00,1.525,-0.409391275,-2,2.075208014
5/16/2020 18:00,1.546666667,-0.044822311,3,2.902746472
5/16/2020 19:00,3.073333333,2.20059791,3,3.296565792
5/16/2020 20:00,3.951666667,3.839505214,4,4.328385404
5/16/2020 21:00,4.623333333,4.381700111,3,5.282453884
5/16/2020 22:00,5.388333333,6.700755449,5,5.203490531
5/16/2020 23:00,7.363333333,10.26800115,7,4.522407183
5/17/2020 0:00,10.04333333,13.88844446,5,3.85887787
5/17/2020 1:00,8.046666667,10.5607383,3,3.631224261
5/17/2020 2:00,8.473333333,11.34998653,4,3.907454193
5/17/2020 3:00,9.303333333,12.95733593,5,4.262864264
5/17/2020 4:00,8.081666667,10.7912613,3,4.258613079
5/17/2020 5:00,6.915,9.125604912,2,4.338738973
5/17/2020 6:00,6.146666667,7.842250028,4,6.361003665
5/17/2020 7:00,5.978333333,7.287131416,5,6.603400535
5/17/2020 8:00,5.825,6.843517409,3,6.631627283
5/17/2020 9:00,5.976666667,6.308235196,2,7.090211332
5/17/2020 10:00,5.278333333,4.834030111,2,5.475288755
5/17/2020 11:00,5.855,6.372252664,3,4.080331588
5/17/2020 12:00,6.645,7.294945755,3,4.228565868
5/17/2020 13:00,6.541666667,6.882589103,5,5.154182288
5/17/2020 14:00,5.196666667,4.147269945,6,5.961626161
5/17/2020 15:00,4.25,2.620167797,6,3.794976447
5/17/2020 16:00,4.87,3.752645831,3,2.655379786
5/17/2020 17:00,5.536666667,4.500417952,2,2.829134934
5/17/2020 18:00,5.378333333,4.706596277,1,4.211753739
5/17/2020 19:00,6.405,5.88896586,2,5.239327261
5/17/2020 20:00,6.046666667,6.124898784,4,7.096250157
5/17/2020 21:00,6.211666667,5.704727793,3,7.712432591
5/17/2020 22:00,5.535,5.454668949,6,9.847694411
5/17/2020 23:00,4.818333333,5.479614723,5,10.23477483
5/18/2020 0:00,5.05,7.007618525,7,6.437240228
5/18/2020 1:00,5.176666667,7.366477011,8,5.542058204
5/18/2020 2:00,4.976666667,7.232130492,6,5.522291697
5/18/2020 3:00,4.956666667,6.632830811,7,5.021484986
5/18/2020 4:00,5.433333333,6.501790359,5,4.947725151
5/18/2020 5:00,5.415,6.113477827,1,4.905456121
5/18/2020 6:00,5.501666667,4.73725253,4,5.141115742
5/18/2020 7:00,5.895,4.46194736,6,5.372260995
5/18/2020 8:00,6.471666667,4.224511679,6,5.032108159
5/18/2020 9:00,6.355,4.598698291,9,3.914679832
5/18/2020 10:00,6.455,4.872801254,5,3.964841555
5/18/2020 11:00,6.918333333,5.775357395,6,3.966138235
5/18/2020 12:00,8.438333333,9.177900873,6,4.660143436
5/18/2020 13:00,6.668333333,6.725701223,5,5.770485894
5/18/2020 14:00,5.365,5.883255381,5,6.409355429
5/18/2020 15:00,3.948333333,4.088962955,2,3.913255637
5/18/2020 16:00,3.5,2.682381957,1,2.803469608
5/18/2020 17:00,2.663333333,2.802302003,1,3.672347548
5/18/2020 18:00,4.281666667,3.675404097,4,4.535936565
5/18/2020 19:00,2.33,1.124323005,5,6.244398497
5/18/2020 20:00,1.92,0.839400188,3,8.494733174
5/18/2020 21:00,1.911666667,1.424573949,10,8.479875173
5/18/2020 22:00,2.208333333,1.996222893,6,8.388302213
5/18/2020 23:00,2.495,2.783667811,5,6.558016727
5/19/2020 0:00,2.98,3.800734071,4,6.571354009
5/19/2020 1:00,2.878333333,3.526330556,-1,10.00381059
5/19/2020 2:00,2.77,3.434662349,8,10.3040641
5/19/2020 3:00,2.521666667,2.976321319,8,8.630482177
5/19/2020 4:00,2.228333333,1.903953584,7,6.710242867
5/19/2020 5:00,1.801666667,1.162493045,4,4.631699273
5/19/2020 6:00,2.231666667,2.278741299,4,4.294568807
5/19/2020 7:00,3.21,3.333075944,5,3.708098874
5/19/2020 8:00,3.906666667,2.835963771,3,3.970693767
5/19/2020 9:00,7,4.73725253,8,3.663034446
5/19/2020 10:00,8.681666667,6.263453023,4,3.043131881
5/19/2020 11:00,7.49,7.122729748,1,2.154120266
5/19/2020 12:00,5.191666667,3.666688104,2,2.692581094
5/19/2020 13:00,4.906666667,3.449389373,4,2.810981411
5/19/2020 14:00,4.723333333,3.234194502,7,3.048644369
5/19/2020 15:00,6.178333333,4.716213925,,3.319650532
5/19/2020 16:00,5.641666667,3.33217429,5,4.112464137
5/19/2020 17:00,4.571666667,2.358086893,5,4.952356152
5/19/2020 18:00,4.176666667,2.053628229,4,4.704518714
5/19/2020 19:00,5.768333333,5.181167088,4,4.765263722
5/19/2020 20:00,8.36,8.532616812,10,4.766560402
5/19/2020 21:00,9.08,10.28693589,15,6.000615229
5/19/2020 22:00,10.98833333,12.72531017,5,6.335172972
5/19/2020 23:00,13.07833333,16.86570757,6,6.954098236
5/20/2020 0:00,13.815,20.27546428,3,7.190611428
5/20/2020 1:00,13.67166667,21.09566931,,7.590991783
5/20/2020 2:00,14.78,24.45673669,,7.601722929
5/20/2020 3:00,15.06833333,24.58116501,,7.520523921
5/20/2020 4:00,14.45666667,24.73354461,,8.265086638
5/20/2020 5:00,13.29666667,21.63155263,,8.112736295
5/20/2020 6:00,14.44666667,21.81488904,,7.13384494
5/20/2020 7:00,16.35166667,22.14429348,,5.072212838
5/20/2020 8:00,17.145,22.75471357,,4.815559584
5/20/2020 9:00,17.275,22.49293322,,6.92020901
5/20/2020 10:00,,14.29268622,,8.800213145
5/20/2020 11:00,,8.758330985,,18.74262041
5/20/2020 12:00,,9.616104953,,23.45394506
5/20/2020 13:00,,11.59673931,,11.52294349
5/20/2020 14:00,,8.755926573,,8.000295597
5/20/2020 15:00,,2.863013405,,5.73360917
5/20/2020 16:00,,3.814859991,16,5.926590955
5/20/2020 17:00,,4.977693726,5,8.219658117
5/20/2020 18:00,,5.228954776,6,7.999925117
5/20/2020 19:00,,9.315553457,8,10.29202824
5/20/2020 20:00,,16.55433622,13,20.76852035
5/20/2020 21:00,,18.05078212,23,18.36262285
5/20/2020 22:00,,21.04126949,13,18.66946976
5/20/2020 23:00,,30.37639894,20,25.28152319
5/21/2020 0:00,20.90508475,30.3183925,21,43.98891377
5/21/2020 1:00,16.02333333,25.84618625,40,36.5567133
5/21/2020 2:00,11.80833333,16.78966804,37,43.96467202
5/21/2020 3:00,9.305,12.60268516,42,59.58375445
5/21/2020 4:00,8.136666667,10.71582287,55,49.1800927
5/21/2020 5:00,7.921666667,9.611296129,41,13.51977139
5/21/2020 6:00,8.07,9.953624282,17,10.53919544
5/21/2020 7:00,8.168333333,10.90877693,9,9.849719276
5/21/2020 8:00,12.28833333,17.24891073,9,10.73521772
5/21/2020 9:00,13.12333333,16.9113914,16,11.14622063
5/21/2020 10:00,9.978333333,10.80328336,11,10.06479573
5/21/2020 11:00,7.27,6.885594618,8,8.671049744
5/21/2020 12:00,5.621666667,4.909167985,16,7.112995856
5/21/2020 13:00,3.771666667,2.385737631,9,4.388128743
5/21/2020 14:00,2.95,1.372277989,5,3.149970665
5/21/2020 15:00,3.355,2.031086867,5,2.903984681
5/21/2020 16:00,3.908333333,2.710333246,4,2.655558639
5/21/2020 17:00,3.768333333,2.532106209,3,2.586223508
5/21/2020 18:00,3.831666667,2.672463757,4,3.1319818
5/21/2020 19:00,4.131666667,3.008780881,4,4.578937803
5/21/2020 20:00,5.28,5.357590816,2,5.157231624
5/21/2020 21:00,6.765,7.044886911,4,12.39872428
5/21/2020 22:00,7.723333333,8.720160945,9,21.97535914
5/21/2020 23:00,8.631666667,9.737227205,22,31.18180777
5/22/2020 0:00,8.278333333,9.328477172,29,34.01596106
5/22/2020 1:00,7.911666667,8.667263882,33,19.88369899
5/22/2020 2:00,5.738333333,5.286961215,16,23.20905774
5/22/2020 3:00,5.378333333,7.322897044,21,21.09532493
5/22/2020 4:00,5.513333333,8.503763869,18,8.761546623
5/22/2020 5:00,4.703333333,6.908436532,4,6.57228021
5/22/2020 6:00,5.79,2.621670555,11,6.673657606
5/22/2020 7:00,10.89666667,2.047016096,9,5.721287514
5/22/2020 8:00,12.535,2.036797345,8,3.16832859
5/22/2020 9:00,12.04,1.408945271,12,2.960435811
5/22/2020 10:00,10.10166667,0.898608832,11,2.633559788
5/22/2020 11:00,9.951666667,0.90221545,11,2.206996713
5/22/2020 12:00,9.492307692,0.555379025,11,2.085734757
5/22/2020 13:00,,0.292697018,12,2.076255578
5/22/2020 14:00,,0.399092247,7,1.871443981
5/22/2020 15:00,,0.332970918,8,1.768635765
5/22/2020 16:00,,0.673495762,9,2.079653774
5/22/2020 17:00,,0.957817477,8,2.088545296
5/22/2020 18:00,,1.090360686,6,2.49329476
5/22/2020 19:00,,2.211117212,8,2.354735218
5/22/2020 20:00,,1.867887405,11,2.402341906
5/22/2020 21:00,,2.241472913,11,2.172459029
5/22/2020 22:00,,1.783732986,8,2.313229102
5/22/2020 23:00,,1.847149351,7,2.368321616
5/23/2020 0:00,9.261016949,1.946932448,8,2.249278756
5/23/2020 1:00,8.823333333,1.745863498,5,2.531792748
5/23/2020 2:00,8.588333333,1.427579464,3,2.717435196
5/23/2020 3:00,7.443333333,0.943090454,5,2.541271928
5/23/2020 4:00,5.821666667,0.577018732,7,2.324170613
5/23/2020 5:00,7.185,1.66200963,10,2.090384921
5/23/2020 6:00,7.348333333,1.473864394,7,2.000064438
5/23/2020 7:00,7.103333333,1.021233842,8,1.753605772
5/23/2020 8:00,6.1,0.230482858,5,1.576171374
5/23/2020 9:00,5.558333333,-0.367915169,4,1.48392184
5/23/2020 10:00,5.513333333,-0.137692723,8,1.408420559
5/23/2020 11:00,5.993333333,0.319746653,5,1.847177537
5/23/2020 12:00,4.3,-0.188786477,8,1.657919716
5/23/2020 13:00,5.091666667,0.074496632,6,1.745206332
5/23/2020 14:00,4.756666667,-0.076380218,4,1.836618856
5/23/2020 15:00,5.095,0.09403248,6,2.004816803
5/23/2020 16:00,5.681666667,0.376550885,7,2.006693901
5/23/2020 17:00,6.618333333,0.726092274,8,2.210282299
5/23/2020 18:00,6.515,3.711470277,7,2.292501429
5/23/2020 19:00,5.985,0.83579357,4,2.162641308
5/23/2020 20:00,6.363333333,1.45883682,1,2.533491847
5/23/2020 21:00,7.026666667,1.671026175,3,2.435808604
5/23/2020 22:00,5.353333333,1.290828534,5,2.912033041
5/23/2020 23:00,5.585,1.763596036,6,2.564516121
5/24/2020 0:00,5.338333333,2.157619046,4,2.426645398
5/24/2020 1:00,6.171666667,2.911402196,3,2.608315097
5/24/2020 2:00,6.811666667,2.973015253,2,3.304614152
5/24/2020 3:00,8.44,4.302655068,5,2.500672424
5/24/2020 4:00,8.005,3.676906855,5,2.932965401
5/24/2020 5:00,7.14,3.247719319,2,3.265165264
5/24/2020 6:00,8.081666667,3.642643984,5,3.526378405
5/24/2020 7:00,8.4,4.077541998,4,3.061425931
5/24/2020 8:00,9.48,4.559025493,3,3.167383228
5/24/2020 9:00,8.971666667,4.730940949,6,3.150896865
5/24/2020 10:00,9.015,4.468860045,5,3.138263495
5/24/2020 11:00,8.96,4.528068689,6,4.326985812
5/24/2020 12:00,9.191666667,4.82771853,6,5.046087607
5/24/2020 13:00,10.25666667,5.246386763,9,4.379696182
5/24/2020 14:00,10.24,4.846052171,6,5.019272516
5/24/2020 15:00,9.846666667,4.737553081,7,5.243374626
5/24/2020 16:00,9.883333333,4.459542948,7,5.207419323
5/24/2020 17:00,8.946666667,3.827483154,7,5.177914632
5/24/2020 18:00,8.53,3.400098928,8,5.261336521
5/24/2020 19:00,8.038333333,3.648655014,11,6.097510014
5/24/2020 20:00,8.291666667,4.178226749,10,7.72334259
5/24/2020 21:00,10.89833333,10.03357098,9,6.82478792
5/24/2020 22:00,16.53,21.85876956,10,6.212729312
5/24/2020 23:00,20.38833333,27.21038949,8,5.601807695
5/25/2020 0:00,20.96166667,27.95124892,4,4.90391269
5/25/2020 1:00,20.49833333,27.06973139,4,5.234661957
5/25/2020 2:00,17.05833333,21.3950186,8,5.773396959
5/25/2020 3:00,13.415,16.93393276,7,6.364811377
5/25/2020 4:00,12.90166667,15.40472675,5,6.489477916
5/25/2020 5:00,12.44833333,12.8106668,8,6.328874811
5/25/2020 6:00,8.223333333,5.256304962,8,6.300213707
5/25/2020 7:00,4.785,1.412852441,7,8.154376976
5/25/2020 8:00,3.918333333,0.46791854,8,7.126869695
5/25/2020 9:00,3.271666667,0.0579663,14,6.161603064
5/25/2020 10:00,3.326666667,0.420130852,10,4.31364853
5/25/2020 11:00,2.83,-0.140097135,8,3.572688412
5/25/2020 12:00,2.098333333,-0.527508013,5,2.888967463
5/25/2020 13:00,2.35,-0.181873793,6,1.761596644
5/25/2020 14:00,2.751666667,0.144224579,5,2.013152604
5/25/2020 15:00,2.683333333,-0.054439959,2,2.329868341
5/25/2020 16:00,3.32,1.009812886,5,2.577578974
5/25/2020 17:00,3.56,1.216592314,6,2.587773563
5/25/2020 18:00,4.04,1.715808348,7,2.854263702
5/25/2020 19:00,3.878333333,0.9725445,6,2.670747848
5/25/2020 20:00,4.128333333,1.77050872,6,3.600746102
5/25/2020 21:00,5.46,3.828985911,10,3.179622791
5/25/2020 22:00,6.481666667,5.884758139,7,3.190538231
5/25/2020 23:00,7.191666667,6.262551368,7,2.540345728
5/26/2020 0:00,5.595,3.83078922,6,2.387279975
5/26/2020 1:00,4.88,3.05296195,5,2.006175229
5/26/2020 2:00,4.541666667,2.428716495,4,1.691418116
5/26/2020 3:00,4.633333333,2.842876455,5,1.930906031
5/26/2020 4:00,5.635,3.556986808,7,2.538863808
5/26/2020 5:00,5.721666667,3.234495054,4,3.7365428
5/26/2020 6:00,5.416666667,2.380928807,4,5.328578652
5/26/2020 7:00,5.133333333,2.002835026,9,5.915906178
5/26/2020 8:00,6.326666667,2.945364515,6,4.627486304
5/26/2020 9:00,4.82,2.191881917,3,4.637633342
5/26/2020 10:00,4.07,2.054529883,6,4.737848198
5/26/2020 11:00,3.121666667,1.153777052,5,3.151267345
5/26/2020 12:00,3.466666667,2.093902129,5,2.698355473
5/26/2020 13:00,3.423333333,1.997725651,3,2.268343101
5/26/2020 14:00,4.118333333,3.277774469,1,3.17193876
5/26/2020 15:00,4.463333333,3.365836057,3,3.590286215
5/26/2020 16:00,3.581666667,2.089093305,3,2.784306847
5/26/2020 17:00,4.071666667,2.820936196,2,2.294717449
5/26/2020 18:00,4.046666667,1.454328547,2,2.601337501
5/26/2020 19:00,4.893333333,2.462378262,2,2.857469798
5/26/2020 20:00,7.571666667,4.628452889,6,3.849881592
5/26/2020 21:00,7.878333333,4.667524583,6,3.428942149
5/26/2020 22:00,10.20833333,7.032564299,8,3.444502312
5/26/2020 23:00,10.14833333,5.606748006,8,3.449133312
5/27/2020 0:00,9.996666667,6.410723256,6,4.91025864
5/27/2020 1:00,10.96666667,9.433069092,5,12.01562235
5/27/2020 2:00,11.36,10.99593687,10,8.554469889
5/27/2020 3:00,10.82833333,12.0875399,8,5.619680164
5/27/2020 4:00,10.43,9.82859486,5,3.319101199
5/27/2020 5:00,10.49833333,8.879152686,4,3.588029031
5/27/2020 6:00,11.20333333,8.455375078,7,3.737922518
5/27/2020 7:00,12.06333333,6.962836352,3,3.454492498
5/27/2020 8:00,11.11166667,5.315213055,5,2.879660749
5/27/2020 9:00,10.72333333,4.800969447,6,2.710704808
5/27/2020 10:00,7.228333333,2.354780827,6,2.120968689
5/27/2020 11:00,7.64,2.408880096,7,2.004714601
5/27/2020 12:00,,0.636527929,5,2.248407441
5/27/2020 13:00,,1.025141012,6,2.521080765
5/27/2020 14:00,,1.301948939,8,2.473325885
5/27/2020 15:00,,1.561024328,7,2.42809027
5/27/2020 16:00,,1.435093251,6,3.110466513
5/27/2020 17:00,,1.381294534,5,2.837433687
5/27/2020 18:00,,1.643074886,3,2.353994258
5/27/2020 19:00,,2.456066681,4,2.685103686
5/27/2020 20:00,,3.399497825,4,3.260151434
5/27/2020 21:00,,3.351409585,2,3.689945351
5/27/2020 22:00,,4.619135792,7,3.600844897
5/27/2020 23:00,,5.992355574,7,6.780935951
5/28/2020 0:00,8.552542373,5.493440092,10,18.02974651
5/28/2020 1:00,9.538333333,11.24779902,15,12.31097928
5/28/2020 2:00,11.79166667,17.07759637,7,14.25788903
5/28/2020 3:00,9.401666667,12.31836345,16,20.15111533
5/28/2020 4:00,6.805,7.222512844,21,26.02584956
5/28/2020 5:00,6.753333333,7.116117615,29,23.67107831
5/28/2020 6:00,6.691666667,5.82074067,21,23.50451559
5/28/2020 7:00,7.043333333,6.636136877,25,24.16399564
5/28/2020 8:00,8.83,9.035740015,17,12.64106934
5/28/2020 9:00,8.42,7.423882346,11,9.15648721
5/28/2020 10:00,6.993333333,5.055236012,8,5.421383906
5/28/2020 11:00,6.521666667,4.736050324,12,3.940792289
5/28/2020 12:00,6.025,4.175221234,8,3.224622397
5/28/2020 13:00,6.298333333,4.618835241,7,3.759595602
5/28/2020 14:00,6.62,4.905561367,6,3.87555586
5/28/2020 15:00,7.055,5.426417109,7,3.067813518
5/28/2020 16:00,7.286666667,5.413192843,6,3.40119447
5/28/2020 17:00,6.751666667,4.998131228,6,3.227071682
5/28/2020 18:00,6.808333333,4.657606384,6,2.534418047
5/28/2020 19:00,6.075,3.901719373,6,2.884521703
5/28/2020 20:00,6.665,5.286961215,6,4.307869041
5/28/2020 21:00,8.963333333,7.872605729,6,4.091916215
5/28/2020 22:00,8.511666667,6.145336285,8,4.27184128
5/28/2020 23:00,7.683333333,4.982201999,7,5.210823481
5/29/2020 0:00,7.83,5.086493367,6,4.474807356
5/29/2020 1:00,8.196666667,4.989114683,4,3.790769706
5/29/2020 2:00,6.823333333,3.991884822,5,4.043568567
5/29/2020 3:00,5.836666667,2.941757897,6,4.37311058
5/29/2020 4:00,4.97,1.765399345,8,4.168235107
5/29/2020 5:00,4.475,1.3040528,7,3.841656935
5/29/2020 6:00,4.596666667,0.891095045,7,3.636188694
5/29/2020 7:00,4.88,0.974948912,10,2.707617474
5/29/2020 8:00,5.013333333,0.586936932,6,2.230624398
5/29/2020 9:00,4.805,0.434557324,5,2.23951592
5/29/2020 10:00,3.716666667,-0.194496956,4,1.991658373
5/29/2020 11:00,3.221666667,-0.423817747,4,2.538052584
5/29/2020 12:00,3.091666667,-0.309007076,5,3.12274038
5/29/2020 13:00,3.291666667,-0.323734099,8,1.961470636
5/29/2020 14:00,3.125,-0.257011667,7,1.801876059
5/29/2020 15:00,3.093333333,-0.094112756,4,1.597672939
5/29/2020 16:00,3.623333333,0.409310998,3,1.674897449
5/29/2020 17:00,3.778333333,0.49617038,4,1.830691175
5/29/2020 18:00,3.876666667,0.576117078,5,3.112157
5/29/2020 19:00,3.523333333,0.513602367,5,4.533151577
5/29/2020 20:00,3.388333333,0.866750374,4,2.981957958
5/29/2020 21:00,4.118333333,1.933708182,6,3.403379025
5/29/2020 22:00,3.88,1.111699843,10,4.446527378
5/29/2020 23:00,3.433333333,0.913035304,7,6.556534807
5/30/2020 0:00,3.255,0.69513547,8,6.431696749
5/30/2020 1:00,2.606666667,0.195618885,7,7.70706063
5/30/2020 2:00,2.97,0.919346886,8,8.553422325
5/30/2020 3:00,2.603333333,0.324856028,6,7.70631967
5/30/2020 4:00,2.37,0.313735623,5,6.654156303
5/30/2020 5:00,2.72,0.106054539,6,5.782601964
5/30/2020 6:00,2.431666667,-0.296684464,7,3.987022333
5/30/2020 7:00,2.75,-0.054439959,5,2.095769657
5/30/2020 8:00,2.678333333,-0.323734099,4,2.150020287
5/30/2020 9:00,4.28,1.918380056,6,2.583877135
5/30/2020 10:00,7.866666667,5.526801308,5,3.218943832
5/30/2020 11:00,8.39,5.479614723,6,3.703812803
5/30/2020 12:00,6.5,3.328868223,6,4.222345778
5/30/2020 13:00,6.828333333,3.910735918,8,3.842960003
5/30/2020 14:00,6.576666667,3.639337918,8,3.93631459
5/30/2020 15:00,7.068333333,4.412055812,5,3.910751466
5/30/2020 16:00,7.548333333,4.828319633,7,4.487588918
5/30/2020 17:00,8.625,7.013028452,10,5.146672943
5/30/2020 18:00,9.718333333,7.258579024,11,5.507181978
5/30/2020 19:00,7.29,5.102723148,11,6.058794848
5/30/2020 20:00,6.546666667,5.57939782,10,6.877907096
5/30/2020 21:00,6.985,6.915048665,10,9.939017746
5/30/2020 22:00,7.683333333,7.568447615,9,10.08199561
5/30/2020 23:00,6.906666667,6.560698452,10,9.043196963
5/31/2020 0:00,7.353333333,7.775527596,16,9.08432025
5/31/2020 1:00,10.42333333,12.0069921,5,9.917344662
5/31/2020 2:00,12.4,14.38916325,6,10.60294888
5/31/2020 3:00,12.16,14.43935535,5,13.46727224
5/31/2020 4:00,13.12833333,16.57266986,8,14.55149448
5/31/2020 5:00,16.185,19.93223448,7,14.71826161
5/31/2020 6:00,13.32333333,15.57393724,8,14.14951084
5/31/2020 7:00,9.341666667,8.710242746,7,11.21761853
5/31/2020 8:00,7.706666667,5.809920817,9,8.517805139
5/31/2020 9:00,5.906666667,4.048087951,8,7.39122638
5/31/2020 10:00,6.11,4.621540204,13,5.438535761
5/31/2020 11:00,5.97,5.558058664,8,4.801913805
5/31/2020 12:00,6.605,6.399903402,5,4.436750111
5/31/2020 13:00,7.811666667,9.472741889,7,4.515560162
5/31/2020 14:00,7.623333333,8.969618686,7,5.69683583
5/31/2020 15:00,6.523333333,7.000104738,9,4.836951613
5/31/2020 16:00,6.54,6.846222372,7,3.516912
5/31/2020 17:00,5.31,5.161030138,7,3.175533789
5/31/2020 18:00,4.658333333,3.817564954,6,3.363367179
5/31/2020 19:00,3.891666667,2.355983033,6,3.326874893
5/31/2020 20:00,3.796666667,2.474700874,5,4.165788661
5/31/2020 21:00,4.498333333,3.574418795,8,7.750335551
5/31/2020 22:00,4.778333333,3.982267174,9,12.76411982
5/31/2020 23:00,4.33,3.794723041,12,12.6709377
