Timestamp,PM2.5_Fidas200,LCS3*
10/1/2020 0:00,3.618333333,3.581224383
10/1/2020 1:00,2.408333333,2.302605626
10/1/2020 2:00,3.19,2.740498873
10/1/2020 3:00,3.531666667,2.897350647
10/1/2020 4:00,3.695,3.288926488
10/1/2020 5:00,4.685,4.195529743
10/1/2020 6:00,4.653333333,4.497607807
10/1/2020 7:00,4.771666667,4.710372626
10/1/2020 8:00,5.651666667,4.834746856
10/1/2020 9:00,5.866666667,4.370281073
10/1/2020 10:00,4.905,3.421051042
10/1/2020 11:00,4.43,3.318597881
10/1/2020 12:00,3.28,2.586599603
10/1/2020 13:00,3.405,2.657275167
10/1/2020 14:00,3.21,2.51850748
10/1/2020 15:00,3.61,2.860997942
10/1/2020 16:00,3.686666667,3.359417521
10/1/2020 17:00,4.37,4.345922915
10/1/2020 18:00,6.956666667,7.610100602
10/1/2020 19:00,7.623333333,7.259490754
10/1/2020 20:00,5.805,6.351226715
10/1/2020 21:00,5.123333333,5.727141185
10/1/2020 22:00,4.956666667,4.981264866
10/1/2020 23:00,5.736666667,6.069962532
10/2/2020 0:00,6.766666667,7.010004167
10/2/2020 1:00,7.97,9.052767861
10/2/2020 2:00,10.30666667,12.95911517
10/2/2020 3:00,16.215,19.07651889
10/2/2020 4:00,18.33666667,21.08200722
10/2/2020 5:00,15.52166667,18.94088824
10/2/2020 6:00,12.54666667,16.40542544
10/2/2020 7:00,10.195,12.84784267
10/2/2020 8:00,8.523333333,10.63512547
10/2/2020 9:00,14.83333333,9.806209972
10/2/2020 10:00,14.78833333,7.276225852
10/2/2020 11:00,7.055,7.563229601
10/2/2020 12:00,6.278333333,5.703521154
10/2/2020 13:00,5.005,4.176338467
10/2/2020 14:00,4.761666667,3.632893203
10/2/2020 15:00,4.825,3.672752006
10/2/2020 16:00,5.021666667,4.08554897
10/2/2020 17:00,5.495,4.999348953
10/2/2020 18:00,5.991666667,5.816823494
10/2/2020 19:00,6.411666667,6.886183531
10/2/2020 20:00,5.581666667,5.993051076
10/2/2020 21:00,4.8,5.34608364
10/2/2020 22:00,4.731666667,5.159395031
10/2/2020 23:00,4.346666667,4.347583698
10/3/2020 0:00,4.323333333,4.433021783
10/3/2020 1:00,4.923333333,5.127044751
10/3/2020 2:00,5.153333333,6.038261293
10/3/2020 3:00,5.793333333,7.612499511
10/3/2020 4:00,5.626666667,8.151331489
10/3/2020 5:00,5.886666667,8.485333502
10/3/2020 6:00,4.836666667,7.030302632
10/3/2020 7:00,4.71,7.050232034
10/3/2020 8:00,4.738333333,6.567866695
10/3/2020 9:00,3.585,5.37560868
10/3/2020 10:00,4.526666667,6.549680798
10/3/2020 11:00,4.991666667,7.146188413
10/3/2020 12:00,4.063333333,6.087531203
10/3/2020 13:00,2.826666667,4.688413377
10/3/2020 14:00,1.448333333,2.956031664
10/3/2020 15:00,1.243333333,2.77574439
10/3/2020 16:00,1.156666667,2.427348919
10/3/2020 17:00,1.238333333,2.609481509
10/3/2020 18:00,1.356666667,2.907315348
10/3/2020 19:00,1.665,3.313100115
10/3/2020 20:00,1.231666667,2.840330414
10/3/2020 21:00,0.845,2.317183614
10/3/2020 22:00,0.78,2.371435875
10/3/2020 23:00,0.981666667,2.525812382
10/4/2020 0:00,1.028333333,2.431408612
10/4/2020 1:00,0.783333333,2.121026631
10/4/2020 2:00,0.93,2.361286643
10/4/2020 3:00,1.165,2.567223796
10/4/2020 4:00,1.883333333,3.651346353
10/4/2020 5:00,2.245,4.203649129
10/4/2020 6:00,2.788333333,5.057845438
10/4/2020 7:00,1.803333333,3.578825473
10/4/2020 8:00,1.263333333,2.7512017
10/4/2020 9:00,1.345,2.644542494
10/4/2020 10:00,3.765,5.75651351
10/4/2020 11:00,4.121666667,5.69078848
10/4/2020 12:00,2.066666667,2.981127948
10/4/2020 13:00,1.673333333,2.513156066
10/4/2020 14:00,2.651666667,3.208101692
10/4/2020 15:00,3.118333333,3.433783715
10/4/2020 16:00,3.69,3.911166703
10/4/2020 17:00,3.518333333,3.929804385
10/4/2020 18:00,4.8,5.154355412
10/4/2020 19:00,5.271666667,5.694294579
10/4/2020 20:00,5.573333333,6.37761472
10/4/2020 21:00,4.56,5.70186037
10/4/2020 22:00,4.926666667,6.223823623
10/4/2020 23:00,6.848333333,8.602326472
10/5/2020 0:00,6.731666667,8.433849214
10/5/2020 1:00,6.508333333,8.10353783
10/5/2020 2:00,5.825,9.158688942
10/5/2020 3:00,6.906666667,8.435694529
10/5/2020 4:00,4.565,6.392746303
10/5/2020 5:00,4.725,6.647584303
10/5/2020 6:00,4.633333333,6.447552158
10/5/2020 7:00,4.601666667,6.234602808
10/5/2020 8:00,5.53,6.589456881
10/5/2020 9:00,5.33,5.391847452
10/5/2020 10:00,4.03,4.162393158
10/5/2020 11:00,2.93,3.137057065
10/5/2020 12:00,2.588333333,3.240210173
10/5/2020 13:00,3,3.892159959
10/5/2020 14:00,2.78,3.948811129
10/5/2020 15:00,2.106666667,3.463493287
10/5/2020 16:00,2.818333333,4.539865521
10/5/2020 17:00,2.591666667,4.234096827
10/5/2020 18:00,3.448333333,4.599284663
10/5/2020 19:00,4.418333333,5.474517563
10/5/2020 20:00,4.658333333,5.209899394
10/5/2020 21:00,6.41,5.869599503
10/5/2020 22:00,6.654237288,5.68435533
10/5/2020 23:00,5.905,5.201780008
10/6/2020 0:00,5.321666667,5.341126742
10/6/2020 1:00,4.483333333,4.670698353
10/6/2020 2:00,4.396666667,4.370465604
10/6/2020 3:00,4.008333333,3.997527445
10/6/2020 4:00,3.143333333,3.858575226
10/6/2020 5:00,2.805,3.525680402
10/6/2020 6:00,3.418333333,4.278937981
10/6/2020 7:00,3.47,4.385043593
10/6/2020 8:00,3.02,3.949549255
10/6/2020 9:00,2.536666667,3.267520835
10/6/2020 10:00,2.41,3.10651392
10/6/2020 11:00,1.676666667,2.32401128
10/6/2020 12:00,1.408333333,2.223257081
10/6/2020 13:00,1.783333333,2.670745967
10/6/2020 14:00,2.575,3.016927059
10/6/2020 15:00,1.696666667,2.376418226
10/6/2020 16:00,1.881666667,2.922631463
10/6/2020 17:00,2.998333333,3.753576803
10/6/2020 18:00,4.57,5.244222252
10/6/2020 19:00,7.038333333,7.075697381
10/6/2020 20:00,5.011666667,4.395930951
10/6/2020 21:00,5.345,4.004673268
10/6/2020 22:00,5.495,4.025945296
10/6/2020 23:00,5.685,3.761511657
10/7/2020 0:00,6.255,3.545571625
10/7/2020 1:00,6.711666667,3.701169857
10/7/2020 2:00,5.471666667,3.264937394
10/7/2020 3:00,5.53,2.998473909
10/7/2020 4:00,6.011666667,3.18577338
10/7/2020 5:00,6.525,3.148682549
10/7/2020 6:00,6.48,3.055863205
10/7/2020 7:00,6.875,3.36421534
10/7/2020 8:00,5.943333333,2.867456545
10/7/2020 9:00,4.62,2.483051979
10/7/2020 10:00,3.333333333,2.298730464
10/7/2020 11:00,4.006666667,2.42482911
10/7/2020 12:00,3.875,2.273080586
10/7/2020 13:00,3.903333333,2.339696457
10/7/2020 14:00,3.648333333,2.257026346
10/7/2020 15:00,3.471666667,2.25019868
10/7/2020 16:00,4.033333333,2.569438174
10/7/2020 17:00,5.406666667,3.777196835
10/7/2020 18:00,8.348333333,6.282396466
10/7/2020 19:00,8.173333333,6.955936438
10/7/2020 20:00,9.265,8.162167942
10/7/2020 21:00,8.39,7.077542696
10/7/2020 22:00,5.598333333,5.790301863
10/7/2020 23:00,4.61,5.863879026
10/8/2020 0:00,3.391666667,5.169512448
10/8/2020 1:00,1.631666667,3.144991919
10/8/2020 2:00,0.815,2.17509436
10/8/2020 3:00,0.846666667,2.35851867
10/8/2020 4:00,1.503333333,2.766517815
10/8/2020 5:00,1.595,2.799733484
10/8/2020 6:00,0.761666667,1.94369186
10/8/2020 7:00,0.763333333,1.881320214
10/8/2020 8:00,0.765,1.905786545
10/8/2020 9:00,1.038333333,2.02488572
10/8/2020 10:00,1.166666667,2.075631882
10/8/2020 11:00,1.526666667,2.629779974
10/8/2020 12:00,1.496666667,2.662072986
10/8/2020 13:00,1.303333333,2.278801063
10/8/2020 14:00,1.613333333,2.340988178
10/8/2020 15:00,1.966666667,2.169373884
10/8/2020 16:00,2.168333333,2.230084747
10/8/2020 17:00,3.418333333,3.70892018
10/8/2020 18:00,5.155,5.759618729
10/8/2020 19:00,8.575,9.140789387
10/8/2020 20:00,7.075,8.130479429
10/8/2020 21:00,8.576666667,10.95787106
10/8/2020 22:00,7.548333333,9.078971334
10/8/2020 23:00,5.515,6.912387004
10/9/2020 0:00,4.438333333,5.310838124
10/9/2020 1:00,3.49,4.372679982
10/9/2020 2:00,3.353333333,4.064041505
10/9/2020 3:00,3.281666667,4.145337176
10/9/2020 4:00,3.23,3.826097682
10/9/2020 5:00,3.181666667,3.410532746
10/9/2020 6:00,3.39,3.473642519
10/9/2020 7:00,3.833333333,3.607803282
10/9/2020 8:00,4.19,4.202357409
10/9/2020 9:00,4.568333333,3.471428141
10/9/2020 10:00,4.39,2.740867936
10/9/2020 11:00,4.25,2.750094511
10/9/2020 12:00,4.561666667,2.909345195
10/9/2020 13:00,3.526666667,2.786078153
10/9/2020 14:00,3.83,2.535484378
10/9/2020 15:00,3.105,2.613725733
10/9/2020 16:00,4.246666667,3.898987624
10/9/2020 17:00,5.106666667,4.182396191
10/9/2020 18:00,3.693333333,3.133181903
10/9/2020 19:00,5.761666667,6.304724778
10/9/2020 20:00,8.766666667,7.738349994
10/9/2020 21:00,4.425,3.950656444
10/9/2020 22:00,3.528333333,3.307144202
10/9/2020 23:00,3.736666667,3.951763633
10/10/2020 0:00,3.703333333,3.932018763
10/10/2020 1:00,4.263333333,4.603344356
10/10/2020 2:00,4.321666667,4.390579538
10/10/2020 3:00,5.028333333,3.827713924
10/10/2020 4:00,4.411666667,3.148313486
10/10/2020 5:00,3.778333333,2.724813696
10/10/2020 6:00,4.093333333,2.632178883
10/10/2020 7:00,4.251666667,2.818555697
10/10/2020 8:00,4.41,2.654322663
10/10/2020 9:00,3.998333333,2.579262885
10/10/2020 10:00,3.578333333,2.474958046
10/10/2020 11:00,3.34,2.15664121
10/10/2020 12:00,2.596666667,2.044999653
10/10/2020 13:00,2.648333333,2.099544619
10/10/2020 14:00,2.865,2.22067364
10/10/2020 15:00,3.028333333,2.331023477
10/10/2020 16:00,3.62,2.677573632
10/10/2020 17:00,3.318333333,2.722230255
10/10/2020 18:00,5.378333333,4.163236731
10/10/2020 19:00,6.378333333,4.541341773
10/10/2020 20:00,6.541666667,5.286479966
10/10/2020 21:00,6.826666667,5.604058676
10/10/2020 22:00,5.581666667,4.896380377
10/10/2020 23:00,6.103333333,6.126276455
10/11/2020 0:00,6.36,6.991551017
10/11/2020 1:00,5.98,6.184779303
10/11/2020 2:00,5.038333333,6.305526535
10/11/2020 3:00,5.318333333,6.460838426
10/11/2020 4:00,3.911666667,5.682300031
10/11/2020 5:00,4.153333333,6.65090587
10/11/2020 6:00,4.84,8.604909913
10/11/2020 7:00,6.283333333,11.15107554
10/11/2020 8:00,6.09,7.492369505
10/11/2020 9:00,4.6,5.812636538
10/11/2020 10:00,2.236666667,2.628857316
10/11/2020 11:00,0.883333333,1.912321505
10/11/2020 12:00,1.146666667,2.220858172
10/11/2020 13:00,1.276666667,2.258687129
10/11/2020 14:00,1.21,2.457796617
10/11/2020 15:00,1.616666667,2.784232838
10/11/2020 16:00,1.92,3.093507631
10/11/2020 17:00,3.411666667,3.991253374
10/11/2020 18:00,3.398333333,4.012659028
10/11/2020 19:00,7.9,8.471309108
10/11/2020 20:00,8.205,9.24816763
10/11/2020 21:00,9.638333333,11.39076923
10/11/2020 22:00,11.14666667,12.27837847
10/11/2020 23:00,8.123333333,9.992402255
10/12/2020 0:00,8.265,10.57583995
10/12/2020 1:00,8.776666667,11.43728389
10/12/2020 2:00,7.273333333,9.226042939
10/12/2020 3:00,5.818333333,7.184755497
10/12/2020 4:00,4.505,5.522495753
10/12/2020 5:00,4.275,5.441486425
10/12/2020 6:00,4.001666667,5.078328435
10/12/2020 7:00,5.888333333,4.941202442
10/12/2020 8:00,4.93,3.992545094
10/12/2020 9:00,3.955,3.794911859
10/12/2020 10:00,4.245,4.371381899
10/12/2020 11:00,2.77,3.704491424
10/12/2020 12:00,2.186666667,3.161599754
10/12/2020 13:00,2.095,4.089793194
10/12/2020 14:00,2.978333333,4.55093741
10/12/2020 15:00,6.65,3.612779269
10/12/2020 16:00,8.623333333,4.054639944
10/12/2020 17:00,8.758333333,3.731802086
10/12/2020 18:00,7.513333333,3.519590862
10/12/2020 19:00,8.305,4.026867953
10/12/2020 20:00,7.023333333,3.471981735
10/12/2020 21:00,10.22333333,6.032356285
10/12/2020 22:00,8.261666667,5.238043629
10/12/2020 23:00,6.251666667,3.833109879
10/13/2020 0:00,5.328333333,3.595776919
10/13/2020 1:00,4.735,3.850824903
10/13/2020 2:00,5.255,4.057360193
10/13/2020 3:00,4.743333333,4.511263138
10/13/2020 4:00,4.371666667,4.340571502
10/13/2020 5:00,4.176666667,5.125568499
10/13/2020 6:00,4.701666667,6.781923234
10/13/2020 7:00,7.351666667,10.13983656
10/13/2020 8:00,11.12666667,12.07963804
10/13/2020 9:00,8.795,8.294896995
10/13/2020 10:00,3.303333333,3.248698622
10/13/2020 11:00,3.153333333,3.804806565
10/13/2020 12:00,3.48,4.59762388
10/13/2020 13:00,2.74,3.474367919
10/13/2020 14:00,0.926666667,2.090947997
10/13/2020 15:00,0.81,2.02248681
10/13/2020 16:00,1.611666667,2.974300283
10/13/2020 17:00,3.093333333,4.330148653
10/13/2020 18:00,4.386666667,5.777887348
10/13/2020 19:00,5.01,6.077381971
10/13/2020 20:00,5.186666667,6.871790074
10/13/2020 21:00,4.955,6.596284546
10/13/2020 22:00,4.755,6.352677515
10/13/2020 23:00,4.701666667,7.142313252
10/14/2020 0:00,6.445,9.140884834
10/14/2020 1:00,7.136666667,10.38010293
10/14/2020 2:00,10.09166667,14.76884103
10/14/2020 3:00,11.39333333,14.56250936
10/14/2020 4:00,11.60166667,14.94006081
10/14/2020 5:00,11.29333333,14.2986675
10/14/2020 6:00,11.48333333,14.52689478
10/14/2020 7:00,13.77666667,16.41575921
10/14/2020 8:00,11.67333333,12.77819157
10/14/2020 9:00,11.17166667,11.94050129
10/14/2020 10:00,7.566666667,7.968276242
10/14/2020 11:00,5.516666667,5.146974152
10/14/2020 12:00,4.368333333,4.014688874
10/14/2020 13:00,3.661666667,3.341333434
10/14/2020 14:00,3.256666667,2.999950161
10/14/2020 15:00,3.478333333,3.531400878
10/14/2020 16:00,4.038333333,3.875921187
10/14/2020 17:00,4.82,4.644310349
10/14/2020 18:00,3.625,4.132000002
10/14/2020 19:00,6.048333333,5.535597489
10/14/2020 20:00,7.001666667,6.666775579
10/14/2020 21:00,7.286666667,6.376876594
10/14/2020 22:00,6.315,4.836038577
10/14/2020 23:00,5.721666667,5.17373122
10/15/2020 0:00,6.66,6.262957027
10/15/2020 1:00,4.903333333,4.798578682
10/15/2020 2:00,4.17,3.869519853
10/15/2020 3:00,4.828333333,6.013648609
10/15/2020 4:00,4.545,6.34808968
10/15/2020 5:00,3.676666667,4.712587004
10/15/2020 6:00,2.873333333,3.922423125
10/15/2020 7:00,4.928333333,6.445706843
10/15/2020 8:00,5.603333333,5.916674124
10/15/2020 9:00,3.621666667,3.511102413
10/15/2020 10:00,3.306666667,3.247406901
10/15/2020 11:00,2.356666667,2.492488538
10/15/2020 12:00,2.183333333,2.432655791
10/15/2020 13:00,2.54,2.831288371
10/15/2020 14:00,3.183333333,3.713902531
10/15/2020 15:00,2.998333333,3.153849431
10/15/2020 16:00,3.361666667,3.248145027
10/15/2020 17:00,4.8,4.200512094
10/15/2020 18:00,5.556666667,4.402758617
10/15/2020 19:00,6.06,4.788798513
10/15/2020 20:00,5.708333333,4.083703655
10/15/2020 21:00,5.073333333,3.726539757
10/15/2020 22:00,5.241666667,4.139616699
10/15/2020 23:00,5.218333333,4.03388015
10/16/2020 0:00,5.328333333,4.405933831
10/16/2020 1:00,5.065,4.204571787
10/16/2020 2:00,5.261666667,4.566807119
10/16/2020 3:00,5.303333333,4.826856544
10/16/2020 4:00,5.291666667,5.164167398
10/16/2020 5:00,4.998333333,4.788983044
10/16/2020 6:00,4.456666667,4.230037134
10/16/2020 7:00,4.935,5.058583564
10/16/2020 8:00,6.626666667,6.649983212
10/16/2020 9:00,6.07,4.884754892
10/16/2020 10:00,3.071666667,3.198321522
10/16/2020 11:00,3.133333333,3.020433157
10/16/2020 12:00,2.546666667,2.667074426
10/16/2020 13:00,2.453333333,2.867513813
10/16/2020 14:00,2.45,2.681079731
10/16/2020 15:00,2.848333333,3.194999955
10/16/2020 16:00,4.275,4.744326421
10/16/2020 17:00,5.45,5.489642783
10/16/2020 18:00,4.623333333,5.075560462
10/16/2020 19:00,7.803333333,7.963662954
10/16/2020 20:00,6.933333333,7.055767979
10/16/2020 21:00,6.846666667,7.098312034
10/16/2020 22:00,5.451666667,5.220786752
10/16/2020 23:00,4.461666667,4.530085351
10/17/2020 0:00,8.176666667,9.810543281
10/17/2020 1:00,9.375,10.84512231
10/17/2020 2:00,6.958333333,8.122360043
10/17/2020 3:00,5.985,7.445358515
10/17/2020 4:00,5.248333333,6.22131654
10/17/2020 5:00,3.98,4.906345078
10/17/2020 6:00,3.001666667,3.897880435
10/17/2020 7:00,2.238333333,3.247775964
10/17/2020 8:00,3.28,4.837514828
10/17/2020 9:00,5.338333333,6.853585087
10/17/2020 10:00,4.743333333,5.793018931
10/17/2020 11:00,5.796666667,7.74646938
10/17/2020 12:00,5.065,6.717706272
10/17/2020 13:00,7.068333333,8.682597674
10/17/2020 14:00,9.068333333,10.39283561
10/17/2020 15:00,10.25,11.63549617
10/17/2020 16:00,10.7,12.26767564
10/17/2020 17:00,12.38333333,14.94467409
10/17/2020 18:00,18.02666667,19.481381
10/17/2020 19:00,14.28833333,14.37318004
10/17/2020 20:00,4.173333333,4.457666282
10/17/2020 21:00,4.933333333,5.640780444
10/17/2020 22:00,5.898333333,7.0435889
10/17/2020 23:00,6.785,8.010533955
10/18/2020 0:00,6.88,7.887661429
10/18/2020 1:00,6.72,8.169784638
10/18/2020 2:00,6.971666667,8.455439399
10/18/2020 3:00,6.616666667,8.131217555
10/18/2020 4:00,8.003333333,10.26864591
10/18/2020 5:00,6.846666667,8.838711323
10/18/2020 6:00,5.241666667,7.107093188
10/18/2020 7:00,4.395,5.718525473
10/18/2020 8:00,3.411666667,4.258454984
10/18/2020 9:00,4.763333333,6.472648442
10/18/2020 10:00,12,15.55233632
10/18/2020 11:00,11.425,13.06503625
10/18/2020 12:00,9.845,11.3693763
10/18/2020 13:00,13.63833333,16.40044309
10/18/2020 14:00,16.07166667,18.09651664
10/18/2020 15:00,14.305,16.42867005
10/18/2020 16:00,14.03,16.58663537
10/18/2020 17:00,17.995,20.85687879
10/18/2020 18:00,24.66666667,25.37679333
10/18/2020 19:00,29.36333333,26.00680932
10/18/2020 20:00,25.87333333,24.41372344
10/18/2020 21:00,19.515,20.48855392
10/18/2020 22:00,19.15666667,20.70962266
10/18/2020 23:00,17.53666667,19.19683343
10/19/2020 0:00,15.24166667,17.39574237
10/19/2020 1:00,15.53833333,18.08766731
10/19/2020 2:00,17.14833333,19.93385223
10/19/2020 3:00,17.40666667,19.98884262
10/19/2020 4:00,18.335,20.67972855
10/19/2020 5:00,19.64666667,21.45882054
10/19/2020 6:00,20.38833333,22.25691928
10/19/2020 7:00,22.06333333,23.24819067
10/19/2020 8:00,20.84833333,21.93159024
10/19/2020 9:00,17.82,19.45757644
10/19/2020 10:00,16.61,17.8933161
10/19/2020 11:00,16.03833333,17.60524925
10/19/2020 12:00,16.64833333,17.89514823
10/19/2020 13:00,16.515,17.5908367
10/19/2020 14:00,16.505,17.34284546
10/19/2020 15:00,15.91333333,16.61062447
10/19/2020 16:00,13.165,12.69820671
10/19/2020 17:00,7.823333333,7.477237923
10/19/2020 18:00,7.985,8.059466618
10/19/2020 19:00,7.411666667,7.596998865
10/19/2020 20:00,8.056666667,8.567265487
10/19/2020 21:00,8.251666667,8.320546873
10/19/2020 22:00,7.938333333,7.581498219
10/19/2020 23:00,7.46,6.988929397
10/20/2020 0:00,7.508333333,6.94025126
10/20/2020 1:00,7.895,7.159843744
10/20/2020 2:00,8.135,8.119038476
10/20/2020 3:00,8.068333333,8.886504981
10/20/2020 4:00,7.573333333,8.553120194
10/20/2020 5:00,7.781666667,9.342666846
10/20/2020 6:00,9.475,10.87704626
10/20/2020 7:00,11.28666667,11.73253429
10/20/2020 8:00,10.55333333,9.436224317
10/20/2020 9:00,8.111666667,7.040820927
10/20/2020 10:00,6.666666667,5.646316389
10/20/2020 11:00,5.745,4.17910644
10/20/2020 12:00,5.318333333,3.462755161
10/20/2020 13:00,5.573333333,3.368828627
10/20/2020 14:00,6.436666667,3.418817574
10/20/2020 15:00,6.835,3.759112748
10/20/2020 16:00,6.66,3.755422118
10/20/2020 17:00,7.221666667,4.235019484
10/20/2020 18:00,7.01,4.18777942
10/20/2020 19:00,6.886666667,4.247383095
10/20/2020 20:00,5.275,3.728639598
10/20/2020 21:00,4.696666667,4.065804099
10/20/2020 22:00,4.953333333,4.884385829
10/20/2020 23:00,4.67,4.852436427
10/21/2020 0:00,5.18,5.092772797
10/21/2020 1:00,4.45,4.636744558
10/21/2020 2:00,6.103333333,6.482428611
10/21/2020 3:00,8.115,8.911811249
10/21/2020 4:00,8.911666667,9.795138082
10/21/2020 5:00,9.538333333,10.87501641
10/21/2020 6:00,12.20333333,13.44443301
10/21/2020 7:00,14.97,15.80495994
10/21/2020 8:00,16.01333333,16.73426057
10/21/2020 9:00,16.05,17.01903222
10/21/2020 10:00,16.19666667,17.98556867
10/21/2020 11:00,14.60333333,15.68630619
10/21/2020 12:00,12.31333333,13.93805477
10/21/2020 13:00,8.35,9.151861276
10/21/2020 14:00,5.105,5.369570046
10/21/2020 15:00,3.281666667,3.325851878
10/21/2020 16:00,5.058333333,5.264520717
10/21/2020 17:00,6.196666667,4.951186232
10/21/2020 18:00,6.068333333,5.002861415
10/21/2020 19:00,5.538333333,4.664055219
10/21/2020 20:00,5.265,4.168772676
10/21/2020 21:00,4.656666667,3.651715416
10/21/2020 22:00,4.471666667,4.209121443
10/21/2020 23:00,4.481666667,3.478993932
10/22/2020 0:00,4.465,3.057644889
10/22/2020 1:00,3.686666667,2.968395275
10/22/2020 2:00,2.703333333,2.669638778
10/22/2020 3:00,2.72,2.789768783
10/22/2020 4:00,2.798333333,2.997472166
10/22/2020 5:00,2.551666667,2.704884294
10/22/2020 6:00,2.42,2.579218343
10/22/2020 7:00,2.971666667,2.723521975
10/22/2020 8:00,3.143333333,2.782941118
10/22/2020 9:00,2.696666667,2.638822017
10/22/2020 10:00,3.426666667,4.256609669
10/22/2020 11:00,3.466666667,2.945882432
10/22/2020 12:00,3.298333333,2.575712245
10/22/2020 13:00,3.016666667,2.481785712
10/22/2020 14:00,4.548333333,2.904547376
10/22/2020 15:00,4.645,3.26327661
10/22/2020 16:00,4.738333333,3.211423259
10/22/2020 17:00,5.885,4.600576384
10/22/2020 18:00,6.806666667,6.437033862
10/22/2020 19:00,6.331666667,5.887314527
10/22/2020 20:00,6.373333333,5.831032419
10/22/2020 21:00,5.178333333,4.262145614
10/22/2020 22:00,3.438333333,2.879921965
10/22/2020 23:00,3.556666667,3.159754439
10/23/2020 0:00,3.855,3.222468787
10/23/2020 1:00,3.991666667,3.460540783
10/23/2020 2:00,3.803333333,3.376025356
10/23/2020 3:00,3.323333333,2.995152342
10/23/2020 4:00,3.231666667,2.945513369
10/23/2020 5:00,3.668333333,3.069887599
10/23/2020 6:00,5.32,3.857468037
10/23/2020 7:00,5.338333333,3.832925348
10/23/2020 8:00,4.57,3.879611817
10/23/2020 9:00,4.808333333,4.841943584
10/23/2020 10:00,4.49,4.660825918
10/23/2020 11:00,4.643333333,5.156016196
10/23/2020 12:00,4.188333333,4.485244197
10/23/2020 13:00,2.686666667,2.921339742
10/23/2020 14:00,3.911666667,2.840514946
10/23/2020 15:00,5.845,2.976883723
10/23/2020 16:00,6.575,3.48729785
10/23/2020 17:00,8.971666667,6.010212505
10/23/2020 18:00,11.05333333,8.191743887
10/23/2020 19:00,10.855,9.016415156
10/23/2020 20:00,9.25,7.847191762
10/23/2020 21:00,7.196666667,5.015956788
10/23/2020 22:00,6.633333333,4.252919039
10/23/2020 23:00,5.658333333,3.318406986
10/24/2020 0:00,5.616666667,3.080934036
10/24/2020 1:00,5.33,3.020433157
10/24/2020 2:00,5.448333333,3.177838526
10/24/2020 3:00,5.786666667,3.459618125
10/24/2020 4:00,5.691666667,3.3346903
10/24/2020 5:00,5.398333333,3.16473679
10/24/2020 6:00,5.43,3.100335296
10/24/2020 7:00,4.93,2.884617974
10/24/2020 8:00,4.56,2.766886878
10/24/2020 9:00,3.88,3.044422252
10/24/2020 10:00,2.686666667,2.808037402
10/24/2020 11:00,1.813333333,2.741236999
10/24/2020 12:00,1.573333333,2.63420873
10/24/2020 13:00,1.728333333,2.834979001
10/24/2020 14:00,2.126666667,3.547098782
10/24/2020 15:00,3.016666667,4.122270738
10/24/2020 16:00,2.873333333,4.380245774
10/24/2020 17:00,4.916666667,6.665362958
10/24/2020 18:00,4.625,6.66566839
10/24/2020 19:00,8.063333333,10.69731258
10/24/2020 20:00,8.478333333,10.81135305
10/24/2020 21:00,4.163333333,4.482845287
10/24/2020 22:00,2.88,2.766702346
10/24/2020 23:00,2.201666667,2.434182948
10/25/2020 0:00,2.045,2.356297929
10/25/2020 1:00,2.131666667,2.307218913
10/25/2020 2:00,3.021666667,2.20092877
10/25/2020 3:00,3.223333333,2.14796823
10/25/2020 4:00,2.858333333,2.06548265
10/25/2020 5:00,3.208333333,2.293493588
10/25/2020 6:00,3.458333333,2.459826463
10/25/2020 7:00,3.16,2.244478204
10/25/2020 8:00,2.331666667,2.101650823
10/25/2020 9:00,2.071666667,1.993979875
10/25/2020 10:00,1.961666667,1.962514073
10/25/2020 11:00,2.445,2.042276223
10/25/2020 12:00,2.863333333,2.227870369
10/25/2020 13:00,2.921666667,2.62442856
10/25/2020 14:00,2.691666667,2.495810105
10/25/2020 15:00,2.763333333,2.732360398
10/25/2020 16:00,2.713333333,2.661888455
10/25/2020 17:00,2.643333333,2.991213549
10/25/2020 18:00,2.956666667,3.70153892
10/25/2020 19:00,4.41,4.949340917
10/25/2020 20:00,4.071666667,4.70225324
10/25/2020 21:00,3.258333333,3.891854527
10/25/2020 22:00,2.848333333,3.415330565
10/25/2020 23:00,2.806666667,2.939423829
10/26/2020 0:00,3.231666667,3.1036505
10/26/2020 1:00,3.475,3.099832607
10/26/2020 2:00,3.27,2.89273736
10/26/2020 3:00,3.188333333,2.820401012
10/26/2020 4:00,3.458333333,2.71060477
10/26/2020 5:00,3.988333333,2.752677952
10/26/2020 6:00,3.893333333,2.674328423
10/26/2020 7:00,3.968333333,2.747326539
10/26/2020 8:00,3.701666667,2.989800928
10/26/2020 9:00,3.638333333,4.823674966
10/26/2020 10:00,5.618333333,4.295214932
10/26/2020 11:00,5.605,3.097936387
10/26/2020 12:00,6.541666667,3.152004116
10/26/2020 13:00,7.486666667,3.394478506
10/26/2020 14:00,6.205,3.094799351
10/26/2020 15:00,7.306666667,3.525527686
10/26/2020 16:00,7.3,3.511656008
10/26/2020 17:00,5.76,3.46644579
10/26/2020 18:00,4.421666667,3.792207518
10/26/2020 19:00,7.421666667,5.739523885
10/26/2020 20:00,8.175,5.806674262
10/26/2020 21:00,7.313333333,4.931441362
10/26/2020 22:00,6.353333333,4.542818025
10/26/2020 23:00,5.88,4.53728208
10/27/2020 0:00,5.34,4.262953735
10/27/2020 1:00,4.826666667,3.984241177
10/27/2020 2:00,3.993333333,3.62145225
10/27/2020 3:00,3.588333333,3.208286223
10/27/2020 4:00,3.246666667,2.992168022
10/27/2020 5:00,3.151666667,2.777774236
10/27/2020 6:00,3.458333333,2.739576216
10/27/2020 7:00,3.956666667,3.004378917
10/27/2020 8:00,3.84,3.511656008
10/27/2020 9:00,3.056666667,4.159915164
10/27/2020 10:00,1.508333333,
10/27/2020 11:00,0.87,2.309617823
10/27/2020 12:00,0.846666667,2.15904012
10/27/2020 13:00,1.205,3.033851233
10/27/2020 14:00,1.78,2.609481509
10/27/2020 15:00,5.566666667,3.511840539
10/27/2020 16:00,6.665,3.924452971
10/27/2020 17:00,7.068333333,5.062274194
10/27/2020 18:00,7.435,4.794149926
10/27/2020 19:00,9.983333333,6.315834846
10/27/2020 20:00,8.39,4.941959657
10/27/2020 21:00,7.308333333,4.4413257
10/27/2020 22:00,6.976666667,4.270971311
10/27/2020 23:00,7.918333333,3.687883589
10/28/2020 0:00,7.176666667,3.200243195
10/28/2020 1:00,7.206666667,3.066012438
10/28/2020 2:00,6.643333333,2.983157794
10/28/2020 3:00,6.168333333,2.822430859
10/28/2020 4:00,4.521666667,2.390442619
10/28/2020 5:00,3.931666667,2.331577071
10/28/2020 6:00,3.346666667,2.192993915
10/28/2020 7:00,3.528333333,2.282346704
10/28/2020 8:00,4.41,2.523674362
10/28/2020 9:00,5.2,2.962305735
10/28/2020 10:00,4.878333333,2.841437603
10/28/2020 11:00,5.06,2.875760462
10/28/2020 12:00,4.68,2.865057635
10/28/2020 13:00,4.471666667,2.864319509
10/28/2020 14:00,23.97666667,
10/28/2020 15:00,7.401666667,3.047005693
10/28/2020 16:00,4.515,3.082620272
10/28/2020 17:00,6,4.042279515
10/28/2020 18:00,8.796666667,5.980502934
10/28/2020 19:00,9.641666667,6.974205056
10/28/2020 20:00,8.535,5.627678707
10/28/2020 21:00,5.728333333,3.748409921
10/28/2020 22:00,5.605,3.766124945
10/28/2020 23:00,6.456666667,4.046612824
10/29/2020 0:00,7.413333333,3.95389529
10/29/2020 1:00,8.346666667,4.034618276
10/29/2020 2:00,8.368333333,3.968403284
10/29/2020 3:00,8.098333333,3.865892854
10/29/2020 4:00,7.7,3.681978581
10/29/2020 5:00,7.321666667,3.650608227
10/29/2020 6:00,6.651666667,3.596540497
10/29/2020 7:00,5.5,3.384513805
10/29/2020 8:00,4.365,3.101073422
10/29/2020 9:00,4.98,3.390418813
10/29/2020 10:00,3.933333333,3.368459564
10/29/2020 11:00,3.14,3.755237587
10/29/2020 12:00,2.351666667,3.072534672
10/29/2020 13:00,2.563333333,3.015635338
10/29/2020 14:00,3.623333333,3.799340615
10/29/2020 15:00,4.916666667,4.223024937
10/29/2020 16:00,5.251666667,4.29480769
10/29/2020 17:00,4.228333333,3.342256092
10/29/2020 18:00,2.996666667,3.192231983
10/29/2020 19:00,3.12,3.410532746
10/29/2020 20:00,2.418333333,2.964889176
10/29/2020 21:00,2.521666667,2.922077868
10/29/2020 22:00,2.793333333,2.932799785
10/29/2020 23:00,1.988333333,2.379001667
10/30/2020 0:00,1.648333333,2.260087023
10/30/2020 1:00,1.021666667,1.979860034
10/30/2020 2:00,0.678333333,1.888516942
10/30/2020 3:00,0.501666667,1.879061294
10/30/2020 4:00,0.421666667,1.874861611
10/30/2020 5:00,0.38,1.874861611
10/30/2020 6:00,0.458333333,1.883903655
10/30/2020 7:00,0.545,1.880779345
10/30/2020 8:00,0.688333333,1.889808663
10/30/2020 9:00,0.998333333,1.963621262
10/30/2020 10:00,0.806666667,2.12582445
10/30/2020 11:00,1.095,2.140956033
10/30/2020 12:00,1.265,2.549693303
10/30/2020 13:00,2.09,2.71300368
10/30/2020 14:00,2.211666667,2.622029651
10/30/2020 15:00,2.418333333,2.805638492
10/30/2020 16:00,3.525,3.375484488
10/30/2020 17:00,4.831666667,3.827758466
10/30/2020 18:00,6.435,5.558663927
10/30/2020 19:00,11.23166667,12.83049671
10/30/2020 20:00,17.50666667,20.13333079
10/30/2020 21:00,14.9,18.64858398
10/30/2020 22:00,12.22833333,13.50292949
10/30/2020 23:00,7.605,8.376090854
10/31/2020 0:00,7.301666667,10.3062967
10/31/2020 1:00,7.316666667,9.848098622
10/31/2020 2:00,4.661666667,6.737712032
10/31/2020 3:00,2.256666667,3.921684999
10/31/2020 4:00,0.63,1.918411045
10/31/2020 5:00,0.776666667,2.087072835
10/31/2020 6:00,2.47,3.098674513
10/31/2020 7:00,2.041666667,2.617969958
10/31/2020 8:00,1.805,2.751570763
10/31/2020 9:00,2.281666667,3.318082465
10/31/2020 10:00,2.183333333,3.018218779
10/31/2020 11:00,1.218333333,2.260347913
10/31/2020 12:00,3.603333333,2.97651466
10/31/2020 13:00,6.363333333,2.994229684
10/31/2020 14:00,5.163333333,2.808960059
10/31/2020 15:00,3.866666667,2.547478925
10/31/2020 16:00,4.361666667,2.885909694
10/31/2020 17:00,5.836666667,3.784947158
10/31/2020 18:00,7.513333333,4.968691272
10/31/2020 19:00,9.33,6.552181518
10/31/2020 20:00,11.41,6.163927244
10/31/2020 21:00,13.7,6.631424616
10/31/2020 22:00,11.03,4.996580981
10/31/2020 23:00,10.165,4.557211481
11/1/2020 0:00,10.82833333,4.867517105
11/1/2020 1:00,11.03166667,5.26858041
11/1/2020 2:00,9.56,5.473041311
11/1/2020 3:00,9.955,5.35844725
11/1/2020 4:00,9.338333333,5.278176048
11/1/2020 5:00,7.281666667,4.132050908
11/1/2020 6:00,4.316666667,3.208451665
11/1/2020 7:00,2.461666667,2.599701339
11/1/2020 8:00,1.361666667,2.083013142
11/1/2020 9:00,2.428333333,2.479386802
11/1/2020 10:00,7.858333333,3.807275469
11/1/2020 11:00,9.003333333,4.104186651
11/1/2020 12:00,10.06333333,4.54964569
11/1/2020 13:00,12.25,5.095489864
11/1/2020 14:00,13.38,5.267842284
11/1/2020 15:00,11.58666667,6.047118805
11/1/2020 16:00,9.401666667,5.107089896
11/1/2020 17:00,6.256666667,4.473987775
11/1/2020 18:00,3.356666667,3.346500316
11/1/2020 19:00,1.773333333,2.505004865
11/1/2020 20:00,1.298333333,2.046844968
11/1/2020 21:00,0.805,1.893499293
11/1/2020 22:00,0.665,1.884272718
11/1/2020 23:00,0.413333333,1.874861611
11/2/2020 0:00,0.34,1.874861611
11/2/2020 1:00,0.48,1.879633977
11/2/2020 2:00,4.216666667,3.005486106
11/2/2020 3:00,6.481666667,3.33539661
11/2/2020 4:00,7.316666667,3.391526002
11/2/2020 5:00,0.305,1.883719123
11/2/2020 6:00,0.6,1.897928049
11/2/2020 7:00,2.48,2.376787289
11/2/2020 8:00,3.91,2.765957857
11/2/2020 9:00,3.731666667,2.658566888
11/2/2020 10:00,3.783333333,2.844021044
11/2/2020 11:00,5.003333333,2.944253464
11/2/2020 12:00,3.788333333,2.724444633
11/2/2020 13:00,4.025,2.733855739
11/2/2020 14:00,3.835,2.457281201
11/2/2020 15:00,3.311666667,2.462409904
11/2/2020 16:00,2.376666667,2.312016732
11/2/2020 17:00,2.943333333,2.676650975
11/2/2020 18:00,3.833333333,3.052357107
11/2/2020 19:00,2.693333333,2.40040732
11/2/2020 20:00,4.261666667,2.91344443
11/2/2020 21:00,6.576666667,3.664263557
11/2/2020 22:00,7.265,3.590635489
11/2/2020 23:00,6.153333333,3.376763482
11/3/2020 0:00,6.803333333,3.455469348
11/3/2020 1:00,6.815,3.335243895
11/3/2020 2:00,6.9,3.224155932
11/3/2020 3:00,7.013333333,3.205887314
11/3/2020 4:00,5.843333333,2.739760747
11/3/2020 5:00,2.951666667,2.161203592
11/3/2020 6:00,3.876666667,2.479386802
11/3/2020 7:00,3.58,2.456320365
11/3/2020 8:00,3.656666667,2.744189503
11/3/2020 9:00,3.253333333,2.614832922
11/3/2020 10:00,2.938333333,2.890707513
11/3/2020 11:00,2.955,3.269735213
11/3/2020 12:00,2.035,2.399853726
11/3/2020 13:00,2.896666667,3.130782994
11/3/2020 14:00,3.863333333,3.564616548
11/3/2020 15:00,3.636666667,3.15900995
11/3/2020 16:00,3.878333333,3.691758751
11/3/2020 17:00,4.305,5.319511104
11/3/2020 18:00,6.93,8.035999302
11/3/2020 19:00,5.628333333,6.19548213
11/3/2020 20:00,7.95,10.47679744
11/3/2020 21:00,10.15666667,11.82885973
11/3/2020 22:00,10.48,13.62102965
11/3/2020 23:00,13.23,16.43716486
11/4/2020 0:00,9.781666667,13.63973324
11/4/2020 1:00,9.441666667,14.06907213
11/4/2020 2:00,10.13333333,14.99209869
11/4/2020 3:00,10.135,14.81863908
11/4/2020 4:00,9.028333333,12.97350862
11/4/2020 5:00,8.228333333,12.55037789
11/4/2020 6:00,7.928333333,13.16080809
11/4/2020 7:00,9.27,16.74256449
11/4/2020 8:00,10.57833333,17.62831569
11/4/2020 9:00,8.62,12.4559614
11/4/2020 10:00,9.02,13.87752844
11/4/2020 11:00,11.09,16.06847092
11/4/2020 12:00,12.53333333,15.43663507
11/4/2020 13:00,12.985,15.50694157
11/4/2020 14:00,11.335,11.38081725
11/4/2020 15:00,5.293333333,3.751731488
11/4/2020 16:00,5.321666667,4.625119073
11/4/2020 17:00,10.08166667,10.09001942
11/4/2020 18:00,16.08,18.70909759
11/4/2020 19:00,27.935,
11/4/2020 20:00,35.93333333,
11/4/2020 21:00,40.84,
11/4/2020 22:00,37.305,
11/4/2020 23:00,29.34166667,
11/5/2020 0:00,25.37833333,
11/5/2020 1:00,23.785,
11/5/2020 2:00,22.74166667,
11/5/2020 3:00,22.38833333,
11/5/2020 4:00,20.98833333,
11/5/2020 5:00,17.62333333,24.18730329
11/5/2020 6:00,12.67,17.73239145
11/5/2020 7:00,7.513333333,10.32049926
11/5/2020 8:00,6.638333333,9.144480017
11/5/2020 9:00,6.888333333,8.355976921
11/5/2020 10:00,8.105,7.306730817
11/5/2020 11:00,8.323333333,6.088453861
11/5/2020 12:00,8.873333333,6.86385522
11/5/2020 13:00,10.75166667,10.51112666
11/5/2020 14:00,11.85666667,10.21457818
11/5/2020 15:00,12.82,10.69325289
11/5/2020 16:00,16.455,16.72411134
11/5/2020 17:00,21.10833333,21.32688052
11/5/2020 18:00,40.705,
11/5/2020 19:00,92.86833333,
11/5/2020 20:00,145.6116667,
11/5/2020 21:00,177.135,
11/5/2020 22:00,131.6433333,
11/5/2020 23:00,81.46333333,
11/6/2020 0:00,86.01666667,
11/6/2020 1:00,60.72,
11/6/2020 2:00,25.015,23.10096635
11/6/2020 3:00,22.265,22.92215533
11/6/2020 4:00,21.04333333,21.48816105
11/6/2020 5:00,18.17666667,19.21639377
11/6/2020 6:00,22.12333333,20.17593211
11/6/2020 7:00,21.53333333,20.95504955
11/6/2020 8:00,23.13,22.20304244
11/6/2020 9:00,18.8,17.38362692
11/6/2020 10:00,14.94333333,14.49589349
11/6/2020 11:00,12.705,12.46217184
11/6/2020 12:00,15.48166667,16.05555372
11/6/2020 13:00,20.77,21.20545879
11/6/2020 14:00,20.49833333,20.18389242
11/6/2020 15:00,21.25166667,20.81775812
11/6/2020 16:00,23.09333333,22.70975958
11/6/2020 17:00,28.47166667,
11/6/2020 18:00,33.06,
11/6/2020 19:00,34.65,
11/6/2020 20:00,28.63833333,
11/6/2020 21:00,24.595,23.84019954
11/6/2020 22:00,23.11333333,23.01903437
11/6/2020 23:00,24.67666667,24.42239642
11/7/2020 0:00,26.45166667,26.00642753
11/7/2020 1:00,27.595,26.19186896
11/7/2020 2:00,26.92,
11/7/2020 3:00,26.65666667,
11/7/2020 4:00,26.765,
11/7/2020 5:00,26.415,
11/7/2020 6:00,25.53333333,25.96083553
11/7/2020 7:00,26.19166667,
11/7/2020 8:00,26.405,25.90473795
11/7/2020 9:00,24.905,23.59348092
11/7/2020 10:00,28.40666667,24.56725364
11/7/2020 11:00,26.92333333,23.34971481
11/7/2020 12:00,21.935,19.85653354
11/7/2020 13:00,21.30666667,19.9740801
11/7/2020 14:00,20.77833333,20.18013179
11/7/2020 15:00,24.14,22.52153745
11/7/2020 16:00,26.51833333,24.05942296
11/7/2020 17:00,30.00666667,
11/7/2020 18:00,56.14333333,
11/7/2020 19:00,55.36666667,
11/7/2020 20:00,47.01166667,
11/7/2020 21:00,53.92166667,
11/7/2020 22:00,52.675,
11/7/2020 23:00,32.77833333,
11/8/2020 0:00,39.11,
11/8/2020 1:00,40.91333333,
11/8/2020 2:00,28.08166667,
11/8/2020 3:00,36.82666667,
11/8/2020 4:00,25.53666667,24.5447408
11/8/2020 5:00,25.45,25.72278989
11/8/2020 6:00,22.02833333,23.41725334
11/8/2020 7:00,19.07333333,22.32903291
11/8/2020 8:00,19.74166667,22.66454936
11/8/2020 9:00,20.91166667,23.0087006
11/8/2020 10:00,20.85833333,22.29925335
11/8/2020 11:00,21.01,22.43499217
11/8/2020 12:00,22.20333333,22.10597251
11/8/2020 13:00,23.36333333,22.89115404
11/8/2020 14:00,24.175,23.37241219
11/8/2020 15:00,26.97,25.2324897
11/8/2020 16:00,30.605,
11/8/2020 17:00,33.23666667,
11/8/2020 18:00,37.68666667,
11/8/2020 19:00,40.635,
11/8/2020 20:00,33.22,
11/8/2020 21:00,31.18,
11/8/2020 22:00,30.29166667,
11/8/2020 23:00,24.73,26.07579865
11/9/2020 0:00,22.46,24.52661217
11/9/2020 1:00,19.17666667,22.49339321
11/9/2020 2:00,17.71833333,21.86442078
11/9/2020 3:00,16.905,21.0537739
11/9/2020 4:00,17.02,20.85023566
11/9/2020 5:00,15.85666667,20.10587377
11/9/2020 6:00,14.92166667,18.95841873
11/9/2020 7:00,12.75333333,15.25104093
11/9/2020 8:00,10.80833333,12.720885
11/9/2020 9:00,10.56,12.54225851
11/9/2020 10:00,8.661666667,9.521846932
11/9/2020 11:00,8.7,10.32031473
11/9/2020 12:00,9.581666667,11.19554763
11/9/2020 13:00,9.158333333,10.14957219
11/9/2020 14:00,8.388333333,9.908255891
11/9/2020 15:00,8.883333333,10.90761486
11/9/2020 16:00,12.38333333,15.44586165
11/9/2020 17:00,13.68833333,16.16996325
11/9/2020 18:00,18.03,20.30568321
11/9/2020 19:00,21.225,22.81254362
11/9/2020 20:00,23.64,24.59327259
11/9/2020 21:00,23.55166667,24.16534404
11/9/2020 22:00,20.385,22.21170906
11/9/2020 23:00,16.01166667,19.65428701
11/10/2020 0:00,11.54333333,15.34992436
11/10/2020 1:00,10.03166667,13.19804391
11/10/2020 2:00,8.99,11.94972787
11/10/2020 3:00,8.733333333,11.28024759
11/10/2020 4:00,7.36,8.368156
11/10/2020 5:00,4.308333333,5.038654162
11/10/2020 6:00,4.303333333,5.442962677
11/10/2020 7:00,6.283333333,7.888997692
11/10/2020 8:00,9.376666667,12.09218618
11/10/2020 9:00,6.733333333,6.540740565
11/10/2020 10:00,3.751666667,4.047904544
11/10/2020 11:00,3.155,4.356301221
11/10/2020 12:00,4.86,5.590587876
11/10/2020 13:00,4.121666667,4.596255801
11/10/2020 14:00,2.056666667,2.331577071
11/10/2020 15:00,2.598333333,2.931673506
11/10/2020 16:00,3.115,3.830341907
11/10/2020 17:00,4.465,4.674573515
11/10/2020 18:00,3.56,3.65226901
11/10/2020 19:00,2.785,3.68917531
11/10/2020 20:00,4.66,6.12406844
11/10/2020 21:00,5.681666667,7.180205841
11/10/2020 22:00,7.02,8.86546839
11/10/2020 23:00,6.458333333,7.604564657
11/11/2020 0:00,5.505,6.711750359
11/11/2020 1:00,6.376666667,8.263895703
11/11/2020 2:00,7.405,9.336577307
11/11/2020 3:00,6.801666667,8.472969891
11/11/2020 4:00,5.783333333,7.296397053
11/11/2020 5:00,5.103333333,6.528930549
11/11/2020 6:00,4.968333333,6.348827806
11/11/2020 7:00,4.325,5.227614418
11/11/2020 8:00,3.805,4.515125573
11/11/2020 9:00,4.23,4.863164707
11/11/2020 10:00,4.303333333,4.599653726
11/11/2020 11:00,4.165,4.286872835
11/11/2020 12:00,4.011666667,3.96744881
11/11/2020 13:00,4.103333333,3.952317228
11/11/2020 14:00,3.733333333,3.581962509
11/11/2020 15:00,3.828333333,3.633383166
11/11/2020 16:00,3.951666667,3.920393278
11/11/2020 17:00,3.478333333,4.095329139
11/11/2020 18:00,4.045,4.645506622
11/11/2020 19:00,5.268333333,6.080334475
11/11/2020 20:00,4.711666667,5.931417555
11/11/2020 21:00,3.923333333,5.014665068
11/11/2020 22:00,2.96,4.035171871
11/11/2020 23:00,2.071666667,2.851771367
11/12/2020 0:00,1.07,1.91418591
11/12/2020 1:00,1.591666667,1.940185762
11/12/2020 2:00,2.508333333,2.199821581
11/12/2020 3:00,3.02,3.403164213
11/12/2020 4:00,2.788333333,3.277301004
11/12/2020 5:00,2.4,2.329547225
11/12/2020 6:00,2.706666667,2.456689428
11/12/2020 7:00,3.278333333,2.648233124
11/12/2020 8:00,3.363333333,2.614094796
11/12/2020 9:00,3.293333333,3.0179388
11/12/2020 10:00,3.19,2.884802505
11/12/2020 11:00,3.013333333,2.859114448
11/12/2020 12:00,3.475,2.632363415
11/12/2020 13:00,4.501666667,2.658566888
11/12/2020 14:00,4.891666667,2.801394268
11/12/2020 15:00,5.563333333,5.771428745
11/12/2020 16:00,7.581666667,6.431682449
11/12/2020 17:00,5.485,5.087618641
11/12/2020 18:00,5.901666667,5.868123251
11/12/2020 19:00,6.811666667,5.201964539
11/12/2020 20:00,5.39,4.125318689
11/12/2020 21:00,4.905,3.812442351
11/12/2020 22:00,5.11,3.803470302
11/12/2020 23:00,5.196666667,3.811150631
11/13/2020 0:00,5.098333333,3.360594705
11/13/2020 1:00,4.616666667,3.171379924
11/13/2020 2:00,4.336666667,3.06139915
11/13/2020 3:00,4.008333333,3.000134692
11/13/2020 4:00,2.818333333,2.571098957
11/13/2020 5:00,2.51,2.439158935
11/13/2020 6:00,1.228333333,1.970881622
11/13/2020 7:00,1.323333333,2.0839358
11/13/2020 8:00,1.413333333,2.16273075
11/13/2020 9:00,1.86,2.137449934
11/13/2020 10:00,3.258333333,2.339499199
11/13/2020 11:00,4.17,2.539175008
11/13/2020 12:00,4.243333333,2.683663171
11/13/2020 13:00,3.95,2.635684982
11/13/2020 14:00,4.246666667,2.783679244
11/13/2020 15:00,4.168333333,2.869855454
11/13/2020 16:00,4.116666667,3.218569082
11/13/2020 17:00,6.246666667,4.605743266
11/13/2020 18:00,8.738333333,6.46877328
11/13/2020 19:00,7.99,6.001724056
11/13/2020 20:00,7.906666667,5.449974874
11/13/2020 21:00,7.69,5.045666359
11/13/2020 22:00,7.975,4.736391567
11/13/2020 23:00,7.471666667,4.766470201
11/14/2020 0:00,7.401666667,4.717283012
11/14/2020 1:00,6.791666667,4.285212052
11/14/2020 2:00,7.448333333,4.413760512
11/14/2020 3:00,7.123333333,4.416229416
11/14/2020 4:00,6.306666667,4.031296709
11/14/2020 5:00,5.085,3.511286945
11/14/2020 6:00,4.33,3.50206037
11/14/2020 7:00,3.973333333,4.458856192
11/14/2020 8:00,4.155,6.395514275
11/14/2020 9:00,4.478333333,6.95501378
11/14/2020 10:00,4.403333333,6.604772995
11/14/2020 11:00,3.42,5.812948333
11/14/2020 12:00,2.966666667,4.532687882
11/14/2020 13:00,3.048333333,4.289087213
11/14/2020 14:00,3.466666667,4.532853324
11/14/2020 15:00,3.043333333,4.460911492
11/14/2020 16:00,3.096666667,4.607404049
11/14/2020 17:00,3.981666667,4.713509661
11/14/2020 18:00,4.218333333,4.70594387
11/14/2020 19:00,7.466666667,5.0013788
11/14/2020 20:00,8.105,4.401466896
11/14/2020 21:00,7.728333333,3.908844152
11/14/2020 22:00,6.903333333,3.395954758
11/14/2020 23:00,7.27,3.515162106
11/15/2020 0:00,6.756666667,3.506247326
11/15/2020 1:00,5.775,3.203303873
11/15/2020 2:00,6.713333333,3.355357828
11/15/2020 3:00,6.998333333,3.222126086
11/15/2020 4:00,6.316666667,3.195738081
11/15/2020 5:00,7.013333333,3.391895065
11/15/2020 6:00,6.691666667,3.32152266
11/15/2020 7:00,4.458333333,2.882588127
11/15/2020 8:00,3.146666667,2.669638778
11/15/2020 9:00,1.678333333,1.987425826
11/15/2020 10:00,2.76,2.089840808
11/15/2020 11:00,2.376666667,2.036326673
11/15/2020 12:00,3.423333333,2.41623885
11/15/2020 13:00,4.121666667,2.550615961
11/15/2020 14:00,3.951666667,2.454105987
11/15/2020 15:00,3.543333333,2.6674244
11/15/2020 16:00,3.051666667,2.78332927
11/15/2020 17:00,2.771666667,2.772422823
11/15/2020 18:00,3.75,3.429539491
11/15/2020 19:00,4.978333333,4.582123234
11/15/2020 20:00,4.82,4.367882163
11/15/2020 21:00,4.84,3.600046596
11/15/2020 22:00,5.886666667,3.675889042
11/15/2020 23:00,4.943333333,3.120264698
11/16/2020 0:00,3.48,3.272401375
11/16/2020 1:00,2.288333333,3.123885334
11/16/2020 2:00,5.041666667,3.550776686
11/16/2020 3:00,4.668333333,2.820216481
11/16/2020 4:00,3.971666667,2.712081022
11/16/2020 5:00,3.601666667,2.545264547
11/16/2020 6:00,4.586666667,2.767255941
11/16/2020 7:00,6.565,2.952341034
11/16/2020 8:00,6.998333333,2.853985745
11/16/2020 9:00,5.043333333,2.743082314
11/16/2020 10:00,5.948333333,2.73643918
11/16/2020 11:00,4.721666667,2.687500154
11/16/2020 12:00,5.318333333,2.927060219
11/16/2020 13:00,4.473333333,2.763285332
11/16/2020 14:00,4.738333333,2.870039986
11/16/2020 15:00,4.616666667,3.002164539
11/16/2020 16:00,4.69,3.326570914
11/16/2020 17:00,4.418333333,3.777750429
11/16/2020 18:00,4.213333333,4.26897328
11/16/2020 19:00,3.066666667,3.662233711
11/16/2020 20:00,2.433333333,3.886624014
11/16/2020 21:00,1.76,3.102696027
11/16/2020 22:00,1.463333333,2.460933652
11/16/2020 23:00,1.933333333,2.258871661
11/17/2020 0:00,1.701666667,2.06022032
11/17/2020 1:00,1.435,2.018605286
11/17/2020 2:00,1.326666667,1.983366133
11/17/2020 3:00,1.725,2.109216615
11/17/2020 4:00,1.453333333,1.958823443
11/17/2020 5:00,0.848333333,1.896636328
11/17/2020 6:00,1.595,2.102217144
11/17/2020 7:00,1.743333333,2.074340162
11/17/2020 8:00,1.395,2.008277885
11/17/2020 9:00,0.821666667,1.908446344
11/17/2020 10:00,0.746666667,1.88669708
11/17/2020 11:00,0.878333333,1.918595576
11/17/2020 12:00,0.861666667,1.933727159
11/17/2020 13:00,0.993333333,2.061607488
11/17/2020 14:00,1.485,2.288212169
11/17/2020 15:00,1.546666667,2.300944842
11/17/2020 16:00,1.303333333,2.155718553
11/17/2020 17:00,1.315,2.315338299
11/17/2020 18:00,1.093333333,2.182965583
11/17/2020 19:00,1.178333333,2.289319358
11/17/2020 20:00,1.213333333,2.229352984
11/17/2020 21:00,1.171666667,2.10866302
11/17/2020 22:00,1.751666667,2.228239432
11/17/2020 23:00,3.48,3.017665185
11/18/2020 0:00,5.095,4.107183697
11/18/2020 1:00,5.923333333,4.680847586
11/18/2020 2:00,5.94,5.015842251
11/18/2020 3:00,6.355,4.38169021
11/18/2020 4:00,6.646666667,4.11876464
11/18/2020 5:00,6.873333333,4.117657451
11/18/2020 6:00,7.203333333,4.18279707
11/18/2020 7:00,7.338333333,4.374709829
11/18/2020 8:00,7.816666667,5.061351537
11/18/2020 9:00,7.671666667,5.714962107
11/18/2020 10:00,7.041666667,5.47285678
11/18/2020 11:00,6.145,4.666454129
11/18/2020 12:00,3.075,3.212460453
11/18/2020 13:00,1.616666667,2.377525415
11/18/2020 14:00,1.45,2.07286391
11/18/2020 15:00,2.073333333,2.453921455
11/18/2020 16:00,3.3,2.698425691
11/18/2020 17:00,5.503333333,3.25589535
11/18/2020 18:00,6.27,3.366983313
11/18/2020 19:00,6.401666667,3.547824182
11/18/2020 20:00,5.651666667,3.20293481
11/18/2020 21:00,5.566666667,3.106793899
11/18/2020 22:00,5.441666667,2.842697508
11/18/2020 23:00,4.725,2.703777105
11/19/2020 0:00,3.466666667,2.680627946
11/19/2020 1:00,3.321666667,2.844021044
11/19/2020 2:00,2.695,2.375864631
11/19/2020 3:00,3.981666667,2.568572784
11/19/2020 4:00,3.503333333,2.275848559
11/19/2020 5:00,2.19,2.288950295
11/19/2020 6:00,2.968333333,2.45231794
11/19/2020 7:00,1.358333333,1.929266588
11/19/2020 8:00,1.343333333,1.967127361
11/19/2020 9:00,1.731666667,2.338589268
11/19/2020 10:00,1.768333333,2.258502598
11/19/2020 11:00,2.121666667,2.14796823
11/19/2020 12:00,2.236666667,2.233406314
11/19/2020 13:00,3.293333333,2.568330985
11/19/2020 14:00,3.586666667,2.718355093
11/19/2020 15:00,2.908333333,2.525519677
11/19/2020 16:00,10.70666667,10.73065551
11/19/2020 17:00,8.598333333,7.640548299
11/19/2020 18:00,11.365,11.31143341
11/19/2020 19:00,13.22666667,13.41380078
11/19/2020 20:00,17.92,18.71834325
11/19/2020 21:00,14.42833333,14.87135146
11/19/2020 22:00,10.71833333,12.03092172
11/19/2020 23:00,8.738333333,9.688109813
11/20/2020 0:00,7.468333333,7.727691709
11/20/2020 1:00,5.855,5.456045324
11/20/2020 2:00,5.175,4.755767374
11/20/2020 3:00,4.89,4.268298785
11/20/2020 4:00,4.743333333,3.908214199
11/20/2020 5:00,4.273333333,3.313838241
11/20/2020 6:00,4.11,3.049589134
11/20/2020 7:00,4.223333333,3.174332427
11/20/2020 8:00,3.91,3.308302296
11/20/2020 9:00,3.281666667,3.280068976
11/20/2020 10:00,3.1,3.58145982
11/20/2020 11:00,3.276666667,4.229483539
11/20/2020 12:00,3.135,4.688413377
11/20/2020 13:00,2.848333333,4.856521573
11/20/2020 14:00,3.558333333,6.409907732
11/20/2020 15:00,2.986666667,5.03957682
11/20/2020 16:00,3.123333333,5.192419806
11/20/2020 17:00,3.618333333,6.198434634
11/20/2020 18:00,4.816666667,6.816246093
11/20/2020 19:00,4.63,4.96816313
11/20/2020 20:00,4.913333333,4.21637544
11/20/2020 21:00,3.876666667,3.591004552
11/20/2020 22:00,3.506666667,3.417863101
11/20/2020 23:00,2.76,2.609481509
11/21/2020 0:00,2.468333333,2.392567913
11/21/2020 1:00,2.438333333,2.258871661
11/21/2020 2:00,2.138333333,2.067881559
11/21/2020 3:00,1.985,2.030421665
11/21/2020 4:00,1.705,2.120473036
11/21/2020 5:00,1.173333333,1.922286206
11/21/2020 6:00,1.755,2.075110103
11/21/2020 7:00,3.84,2.540097665
11/21/2020 8:00,4.101666667,2.549877835
11/21/2020 9:00,2.856666667,2.250936806
11/21/2020 10:00,2.693333333,2.220380935
11/21/2020 11:00,1.653333333,2.031713385
11/21/2020 12:00,0.936666667,1.993699897
11/21/2020 13:00,1.195,2.742159657
11/21/2020 14:00,1.583333333,2.996997657
11/21/2020 15:00,1.693333333,2.766721436
11/21/2020 16:00,3.46,3.782179185
11/21/2020 17:00,5.653333333,5.678793933
11/21/2020 18:00,9.143333333,8.521870739
11/21/2020 19:00,9.821666667,10.10588913
11/21/2020 20:00,8.688333333,9.061994436
11/21/2020 21:00,9.666666667,12.30347475
11/21/2020 22:00,5.76,5.324677986
11/21/2020 23:00,5.07,3.917994369
11/22/2020 0:00,6.801666667,3.945700455
11/22/2020 1:00,6.58,3.478440338
11/22/2020 2:00,6.788333333,3.793066544
11/22/2020 3:00,6.923333333,3.437474345
11/22/2020 4:00,6.87,3.328416229
11/22/2020 5:00,6.41,3.151635053
11/22/2020 6:00,6.056666667,3.336351084
11/22/2020 7:00,5.736666667,3.342440623
11/22/2020 8:00,6.03,3.147206297
11/22/2020 9:00,6.041666667,3.107086604
11/22/2020 10:00,6.321666667,3.441534038
11/22/2020 11:00,6.716666667,3.524573213
11/22/2020 12:00,5.816666667,3.150527864
11/22/2020 13:00,5.96,3.216036546
11/22/2020 14:00,4.675,2.746403881
11/22/2020 15:00,4.115,3.366245187
11/22/2020 16:00,8.503333333,7.305992691
11/22/2020 17:00,6.978333333,5.205655169
11/22/2020 18:00,9.101666667,9.661645451
11/22/2020 19:00,11.70333333,10.73218903
11/22/2020 20:00,11.82166667,11.97260977
11/22/2020 21:00,13.24,14.10099608
11/22/2020 22:00,11.43166667,11.75929136
11/22/2020 23:00,10.675,10.93259024
11/23/2020 0:00,9.568333333,9.510075095
11/23/2020 1:00,8.743333333,9.002206231
11/23/2020 2:00,7.808333333,8.429611352
11/23/2020 3:00,6.383333333,7.433688489
11/23/2020 4:00,5.281666667,6.39366896
11/23/2020 5:00,5.19,6.926125056
11/23/2020 6:00,4.981666667,6.800376384
11/23/2020 7:00,4.451666667,6.494054096
11/23/2020 8:00,5.77,7.956281694
11/23/2020 9:00,5.546666667,5.224661914
11/23/2020 10:00,5.505,5.439819278
11/23/2020 11:00,4.983333333,4.278568918
11/23/2020 12:00,4.628333333,4.274878288
11/23/2020 13:00,5.026666667,4.011920902
11/23/2020 14:00,5.05,5.087924073
11/23/2020 15:00,4.415,5.692449264
11/23/2020 16:00,6.173333333,8.68204408
11/23/2020 17:00,7.565,10.57238476
11/23/2020 18:00,7.05,9.459290754
11/23/2020 19:00,5.88,7.506063015
11/23/2020 20:00,4.67,6.249549859
11/23/2020 21:00,3.173333333,4.265467181
11/23/2020 22:00,3.196666667,4.491887331
11/23/2020 23:00,2.933333333,4.185934105
11/24/2020 0:00,1.58,2.681773314
11/24/2020 1:00,1.998333333,3.829972844
11/24/2020 2:00,1.398333333,2.797150043
11/24/2020 3:00,0.525,1.890177726
11/24/2020 4:00,0.408333333,1.879061294
11/24/2020 5:00,1.113333333,2.537514224
11/24/2020 6:00,1.738333333,3.350190946
11/24/2020 7:00,1.911666667,3.326939977
11/24/2020 8:00,2.773333333,4.277277197
11/24/2020 9:00,4.173333333,5.669936421
11/24/2020 10:00,4.403333333,5.850223695
11/24/2020 11:00,5.056666667,6.261175344
11/24/2020 12:00,7.466666667,7.847039047
11/24/2020 13:00,6.915384615,7.496900072
11/24/2020 14:00,8.696666667,7.77857786
11/24/2020 15:00,10.15166667,9.84902128
11/24/2020 16:00,11.00333333,10.60689215
11/24/2020 17:00,11.38666667,10.96857388
11/24/2020 18:00,11.465,10.89291597
11/24/2020 19:00,10.20333333,9.713021565
11/24/2020 20:00,11.18,10.90251161
11/24/2020 21:00,11.19833333,10.9305604
11/24/2020 22:00,11.26833333,11.24320766
11/24/2020 23:00,11.96333333,12.09181712
11/25/2020 0:00,11.53333333,11.84815282
11/25/2020 1:00,11.135,11.56313437
11/25/2020 2:00,10.41,10.19409518
11/25/2020 3:00,1.983333333,3.703015172
11/25/2020 4:00,2.073333333,3.738814283
11/25/2020 5:00,1.195,2.390627151
11/25/2020 6:00,1.228333333,2.259794318
11/25/2020 7:00,2.266666667,2.827834996
11/25/2020 8:00,3.256666667,3.841413797
11/25/2020 9:00,4.228333333,4.685460873
11/25/2020 10:00,4.793333333,4.943435909
11/25/2020 11:00,5.43,5.640042318
11/25/2020 12:00,6.341666667,6.498113789
11/25/2020 13:00,6.54,6.40498265
11/25/2020 14:00,7.465,5.571765663
11/25/2020 15:00,7.768333333,5.877349826
11/25/2020 16:00,6.671666667,6.029957375
11/25/2020 17:00,10.65833333,12.70630701
11/25/2020 18:00,12.25833333,14.10763922
11/25/2020 19:00,13.025,15.21534363
11/25/2020 20:00,13.99333333,16.67225799
11/25/2020 21:00,13.81,17.29597446
11/25/2020 22:00,12.555,14.35140533
11/25/2020 23:00,12.31666667,15.42611678
11/26/2020 0:00,14.13166667,17.22702558
11/26/2020 1:00,12.47333333,15.25616327
11/26/2020 2:00,10.35333333,13.8878622
11/26/2020 3:00,9.71,12.68379417
11/26/2020 4:00,9.378333333,12.25992532
11/26/2020 5:00,9.45,12.27930112
11/26/2020 6:00,8.46,10.17287406
11/26/2020 7:00,8.21,9.902166352
11/26/2020 8:00,9.268333333,10.55443248
11/26/2020 9:00,9.88,10.59600479
11/26/2020 10:00,10.58,10.85633919
11/26/2020 11:00,11.385,
11/26/2020 12:00,9.65,
11/26/2020 13:00,11.05833333,
11/26/2020 14:00,11.05666667,
11/26/2020 15:00,10.69166667,
11/26/2020 16:00,11.25166667,
11/26/2020 17:00,12.91333333,
11/26/2020 18:00,17.265,
11/26/2020 19:00,24.21,
11/26/2020 20:00,24.025,
11/26/2020 21:00,27.07333333,
11/26/2020 22:00,28.88666667,
11/26/2020 23:00,32.30166667,
11/27/2020 0:00,31.975,
11/27/2020 1:00,28.16666667,
11/27/2020 2:00,22.485,22.97511587
11/27/2020 3:00,15.90833333,18.78551272
11/27/2020 4:00,14.335,16.59780271
11/27/2020 5:00,11.07166667,12.89729711
11/27/2020 6:00,10.815,13.13663447
11/27/2020 7:00,12.35833333,14.99080697
11/27/2020 8:00,11.07166667,11.54708013
11/27/2020 9:00,10.94666667,10.86763515
11/27/2020 10:00,10.53833333,11.10328188
11/27/2020 11:00,15.45666667,17.05386913
11/27/2020 12:00,13.29,13.49038135
11/27/2020 13:00,12.89,14.24368984
11/27/2020 14:00,10.41333333,10.2597884
11/27/2020 15:00,9.585,9.882052418
11/27/2020 16:00,12.64166667,13.72934964
11/27/2020 17:00,24.65166667,24.3098322
11/27/2020 18:00,20.01333333,19.95027554
11/27/2020 19:00,19.51333333,20.86555177
11/27/2020 20:00,27.64166667,25.37734693
11/27/2020 21:00,20.56666667,20.31251087
11/27/2020 22:00,13.59833333,14.12132636
11/27/2020 23:00,11.37333333,11.79970376
11/28/2020 0:00,8.63,10.13984292
11/28/2020 1:00,9.136666667,11.55833656
11/28/2020 2:00,10.51333333,12.89434461
11/28/2020 3:00,11.07833333,13.8404376
11/28/2020 4:00,12.435,17.36056048
11/28/2020 5:00,15.24833333,19.9342213
11/28/2020 6:00,13.95833333,16.05604368
11/28/2020 7:00,10.065,11.77553013
11/28/2020 8:00,8.955,12.11137746
11/28/2020 9:00,13.50666667,18.19501192
11/28/2020 10:00,12.70333333,16.61948198
11/28/2020 11:00,9.588333333,12.60758266
11/28/2020 12:00,13.43833333,18.23671604
11/28/2020 13:00,17.57833333,20.80078122
11/28/2020 14:00,20.81333333,22.27998571
11/28/2020 15:00,19.55,21.24112428
11/28/2020 16:00,17.91666667,21.18165423
11/28/2020 17:00,20.34166667,23.19839898
11/28/2020 18:00,26.895,25.68256203
11/28/2020 19:00,29,25.85472991
11/28/2020 20:00,32.37166667,
11/28/2020 21:00,35.61,
11/28/2020 22:00,29.27833333,25.61557709
11/28/2020 23:00,27.335,25.09667452
11/29/2020 0:00,24.22333333,23.44132152
11/29/2020 1:00,22.71833333,22.96736555
11/29/2020 2:00,21.68333333,22.38369242
11/29/2020 3:00,22.13,22.75939855
11/29/2020 4:00,21.32333333,22.04433899
11/29/2020 5:00,20.22666667,20.77033352
11/29/2020 6:00,19.16166667,19.66056108
11/29/2020 7:00,18.325,19.49042304
11/29/2020 8:00,20.45333333,20.93788812
11/29/2020 9:00,19.68666667,19.22966731
11/29/2020 10:00,18.815,18.67165678
11/29/2020 11:00,17.17333333,15.39530002
11/29/2020 12:00,16.86,15.88523115
11/29/2020 13:00,17.87333333,17.95013862
11/29/2020 14:00,18.25,17.4930541
11/29/2020 15:00,24.445,21.68616335
11/29/2020 16:00,28.4,22.68521689
11/29/2020 17:00,31.76166667,24.8564145
11/29/2020 18:00,36.47833333,
11/29/2020 19:00,39.10666667,
11/29/2020 20:00,36.88166667,
11/29/2020 21:00,36.60333333,
11/29/2020 22:00,34.03833333,
11/29/2020 23:00,34.91,
