Timestamp,NO2_T500,T200U(a)
2020-10-14T00:00:00Z,5.968525775510204,5.656000000000001
2020-10-14T01:00:00Z,13.44485715,8.899333333333335
2020-10-14T02:00:00Z,14.278125800000002,10.226
2020-10-14T03:00:00Z,8.1587882,7.411
2020-10-14T04:00:00Z,11.540943450000004,8.389
2020-10-14T05:00:00Z,16.28292765,11.002666666666666
2020-10-14T06:00:00Z,18.81072025,12.05
2020-10-14T07:00:00Z,17.5569125,12.525
2020-10-14T08:00:00Z,11.30481255,9.547666666666665
2020-10-14T09:00:00Z,13.1053471,10.347
2020-10-14T10:00:00Z,7.892171699999997,7.9396666666666675
2020-10-14T11:00:00Z,5.0756775,6.850666666666665
2020-10-14T12:00:00Z,4.684853877551021,6.396999999999999
2020-10-14T13:00:00Z,5.148931450000002,6.0456666666666665
2020-10-14T14:00:00Z,6.006312449999999,5.796333333333334
2020-10-14T15:00:00Z,9.16255785,6.585666666666666
2020-10-14T16:00:00Z,12.27964155,7.985666666666668
2020-10-14T17:00:00Z,13.0097404,8.907000000000002
2020-10-14T18:00:00Z,10.69028285,7.716999999999999
2020-10-14T19:00:00Z,10.2314804,7.775
2020-10-14T20:00:00Z,10.376215449999997,7.557333333333332
2020-10-14T21:00:00Z,9.85134585,7.3583333333333325
2020-10-14T22:00:00Z,12.588477850000002,9.222333333333331
2020-10-14T23:00:00Z,10.331409250000002,7.688
2020-10-15T00:00:00Z,12.599344959183677,9.678666666666668
2020-10-15T01:00:00Z,7.990367450000002,6.992666666666665
2020-10-15T02:00:00Z,7.42343705,6.181000000000001
2020-10-15T03:00:00Z,16.118579950000004,10.812
2020-10-15T04:00:00Z,17.698096549999995,13.499666666666664
2020-10-15T05:00:00Z,17.671525000000006,12.883999999999997
2020-10-15T06:00:00Z,24.005520549999996,14.640000000000002
2020-10-15T07:00:00Z,26.055123299999995,19.889333333333337
2020-10-15T08:00:00Z,25.205345149999996,18.382333333333335
2020-10-15T09:00:00Z,12.83654965,11.752999999999998
2020-10-15T10:00:00Z,10.804315,10.422666666666665
2020-10-15T11:00:00Z,5.64855715,8.596666666666664
2020-10-15T12:00:00Z,4.784147755102042,7.202666666666668
2020-10-15T13:00:00Z,7.4530985,6.323666666666666
2020-10-15T14:00:00Z,14.50899645,8.892333333333333
2020-10-15T15:00:00Z,10.3849631,7.7713333333333345
2020-10-15T16:00:00Z,10.64678575,8.296333333333333
2020-10-15T17:00:00Z,14.232633250000005,9.513333333333334
2020-10-15T18:00:00Z,12.360675900000002,9.397666666666668
2020-10-15T19:00:00Z,13.654710650000002,10.434333333333331
2020-10-15T20:00:00Z,9.4470804,8.207333333333334
2020-10-15T21:00:00Z,7.596702000000002,6.830333333333334
2020-10-15T22:00:00Z,9.18849075,7.032333333333332
2020-10-15T23:00:00Z,6.795659999999998,6.03
2020-10-16T00:00:00Z,14.92729640816327,9.405333333333331
2020-10-16T01:00:00Z,12.763762100000005,9.332666666666666
2020-10-16T02:00:00Z,9.47373675,8.315333333333333
2020-10-16T03:00:00Z,5.515182650000001,5.439333333333335
2020-10-16T04:00:00Z,7.533266299999999,6.043
2020-10-16T05:00:00Z,9.36923135,6.972333333333334
2020-10-16T06:00:00Z,16.9150719,11.060666666666664
2020-10-16T07:00:00Z,25.75926935,17.853000000000005
2020-10-16T08:00:00Z,29.568726499999993,21.08066666666667
2020-10-16T09:00:00Z,18.376570749999996,15.524
2020-10-16T10:00:00Z,8.28702435,9.095
2020-10-16T11:00:00Z,8.741661,8.844000000000001
2020-10-16T12:00:00Z,6.467787397959182,7.0213333333333345
2020-10-16T13:00:00Z,6.896696550000001,7.006333333333331
2020-10-16T14:00:00Z,9.112374799999998,7.305999999999999
2020-10-16T15:00:00Z,11.416732649999998,8.353666666666664
2020-10-16T16:00:00Z,13.52198805,9.057333333333332
2020-10-16T17:00:00Z,17.086344049999997,11.244666666666667
2020-10-16T18:00:00Z,14.139623549999998,9.955000000000002
2020-10-16T19:00:00Z,12.1491211,9.475
2020-10-16T20:00:00Z,10.120670650000005,8.078333333333331
2020-10-16T21:00:00Z,9.7327292,7.8326666666666664
2020-10-16T22:00:00Z,6.333950499999999,6.050666666666666
2020-10-16T23:00:00Z,5.972289100000001,5.585333333333334
2020-10-17T00:00:00Z,10.710682928571428,7.400666666666668
2020-10-17T01:00:00Z,14.587402000000004,10.670333333333332
2020-10-17T02:00:00Z,16.810240550000003,11.777000000000005
2020-10-17T03:00:00Z,25.729385299999993,18.12566666666667
2020-10-17T04:00:00Z,21.30926215,16.33533333333333
2020-10-17T05:00:00Z,11.339442750000002,9.367333333333336
2020-10-17T06:00:00Z,14.429427549999996,10.757666666666664
2020-10-17T07:00:00Z,13.1825363,10.555666666666667
2020-10-17T08:00:00Z,15.209349050000004,11.330333333333336
2020-10-17T09:00:00Z,13.185334699999997,10.829666666666668
2020-10-17T10:00:00Z,15.484138149999998,11.163333333333334
2020-10-17T11:00:00Z,15.333117299999996,11.335666666666668
2020-10-17T12:00:00Z,16.640914040816334,11.773666666666667
2020-10-17T13:00:00Z,17.9374048,12.745
2020-10-17T14:00:00Z,19.43869605000001,13.892
2020-10-17T15:00:00Z,20.53921985,14.54233333333333
2020-10-17T16:00:00Z,22.814888799999995,15.870666666666668
2020-10-17T17:00:00Z,25.6408435,17.41133333333333
2020-10-17T18:00:00Z,26.594064400000004,19.40866666666666
2020-10-17T19:00:00Z,23.27095910000001,18.322666666666667
2020-10-17T20:00:00Z,5.7411349000000005,8.858
2020-10-17T21:00:00Z,8.1640087,8.244333333333334
2020-10-17T22:00:00Z,10.476568299999997,8.715666666666667
2020-10-17T23:00:00Z,12.84007415,9.82
2020-10-18T00:00:00Z,8.418847193877552,8.818999999999999
2020-10-18T01:00:00Z,12.55746225,9.659
2020-10-18T02:00:00Z,13.083903299999998,10.258333333333333
2020-10-18T03:00:00Z,11.935056749999998,9.318333333333332
2020-10-18T04:00:00Z,14.482560049999996,10.78466666666667
2020-10-18T05:00:00Z,9.573636450000002,8.107000000000001
2020-10-18T06:00:00Z,9.0953512,7.708666666666667
2020-10-18T07:00:00Z,7.376500250000001,6.888
2020-10-18T08:00:00Z,8.719477849999999,7.475999999999999
2020-10-18T09:00:00Z,10.66048625,8.332333333333334
2020-10-18T10:00:00Z,10.845988900000002,8.470333333333334
2020-10-18T11:00:00Z,8.210389,6.799666666666667
2020-10-18T12:00:00Z,6.924313714285715,6.146333333333334
2020-10-18T13:00:00Z,9.4314719,7.372666666666666
2020-10-18T14:00:00Z,8.93490165,7.462000000000001
2020-10-18T15:00:00Z,7.470964800000001,6.432666666666666
2020-10-18T16:00:00Z,10.4367547,8.066666666666666
2020-10-18T17:00:00Z,16.636506549999996,10.944333333333333
2020-10-18T18:00:00Z,23.61958515000001,15.947
2020-10-18T19:00:00Z,17.172098049999995,12.768333333333334
2020-10-18T20:00:00Z,14.1303565,10.786333333333337
2020-10-18T21:00:00Z,10.196314899999996,8.593
2020-10-18T22:00:00Z,8.973151750000003,7.578
2020-10-18T23:00:00Z,8.150467199999998,7.017333333333331
2020-10-19T00:00:00Z,5.079319897959184,5.305000000000001
2020-10-19T01:00:00Z,3.7123876499999993,4.191
2020-10-19T02:00:00Z,3.7797559499999993,4.029333333333333
2020-10-19T03:00:00Z,3.666174300000001,3.9456666666666673
2020-10-19T04:00:00Z,4.304304900000001,4.110333333333334
2020-10-19T05:00:00Z,5.45826065,4.448333333333334
2020-10-19T06:00:00Z,9.579021250000002,6.726666666666666
2020-10-19T07:00:00Z,12.65672065,8.627
2020-10-19T08:00:00Z,10.2759845,7.706333333333332
2020-10-19T09:00:00Z,8.26153135,6.731333333333334
2020-10-19T10:00:00Z,8.323899100000002,6.640333333333332
2020-10-19T11:00:00Z,9.04934455,7.076333333333335
2020-10-19T12:00:00Z,8.66477476530612,6.987000000000003
2020-10-19T13:00:00Z,8.053031999999998,6.618
2020-10-19T14:00:00Z,8.832100200000001,6.822666666666667
2020-10-19T15:00:00Z,9.166336750000005,6.937333333333331
2020-10-19T16:00:00Z,9.39022465,7.349
2020-10-19T17:00:00Z,7.96547865,7.324666666666667
2020-10-19T18:00:00Z,6.553230050000002,6.0836666666666686
2020-10-19T19:00:00Z,9.206672400000002,6.781
2020-10-19T20:00:00Z,10.547720799999995,8.185
2020-10-19T21:00:00Z,7.023340050000001,6.294
2020-10-19T22:00:00Z,4.870090500000002,4.676999999999999
2020-10-19T23:00:00Z,3.7945085,3.9296666666666664
2020-10-20T00:00:00Z,3.627984122448979,3.807333333333333
2020-10-20T01:00:00Z,3.216906550000002,3.220000000000001
2020-10-20T02:00:00Z,3.69224765,3.0876666666666663
2020-10-20T03:00:00Z,4.1503822999999995,3.3333333333333335
2020-10-20T04:00:00Z,2.6855656500000005,2.408333333333333
2020-10-20T05:00:00Z,3.157986450000001,2.5373333333333337
2020-10-20T06:00:00Z,5.7540934,3.9619999999999993
2020-10-20T07:00:00Z,7.91282315,4.990333333333333
2020-10-20T08:00:00Z,7.730214299999999,5.186000000000001
2020-10-20T09:00:00Z,5.842277450000002,4.365
2020-10-20T10:00:00Z,5.7732873499999995,4.1259999999999994
2020-10-20T11:00:00Z,5.15992365,4.061000000000002
2020-10-20T12:00:00Z,4.15410863265306,3.6316666666666655
2020-10-20T13:00:00Z,4.5443896,3.9163333333333337
2020-10-20T14:00:00Z,4.870617850000001,4.133333333333334
2020-10-20T15:00:00Z,5.84510235,4.366333333333333
2020-10-20T16:00:00Z,5.95764255,4.5906666666666665
2020-10-20T17:00:00Z,7.0040295,5.340999999999999
2020-10-20T18:00:00Z,6.386651049999999,5.140999999999999
2020-10-20T19:00:00Z,5.977400949999999,4.856999999999999
2020-10-20T20:00:00Z,4.595428599999999,3.95
2020-10-20T21:00:00Z,4.6000422500000004,3.789333333333334
2020-10-20T22:00:00Z,3.731088700000001,3.305666666666666
2020-10-20T23:00:00Z,2.839249749999999,2.667
2020-10-21T00:00:00Z,2.609757857142857,2.4513333333333325
2020-10-21T01:00:00Z,2.2452443000000004,2.1293333333333333
2020-10-21T02:00:00Z,2.3865264,2.1193333333333335
2020-10-21T03:00:00Z,2.544103349999999,2.1836666666666664
2020-10-21T04:00:00Z,3.32720485,2.469666666666667
2020-10-21T05:00:00Z,4.7199892000000006,3.0693333333333337
2020-10-21T06:00:00Z,8.121974400000003,4.9159999999999995
2020-10-21T07:00:00Z,15.114341249999995,8.794
2020-10-21T08:00:00Z,16.5051222,10.437
2020-10-21T09:00:00Z,12.677594699999997,8.346333333333332
2020-10-21T10:00:00Z,10.643446749999994,7.059666666666668
2020-10-21T11:00:00Z,9.8300955,6.582333333333335
2020-10-21T12:00:00Z,12.961115387755097,7.800333333333333
2020-10-21T13:00:00Z,11.017592300000002,7.409999999999997
2020-10-21T14:00:00Z,12.889369449999997,8.883000000000001
2020-10-21T15:00:00Z,12.955479,9.176666666666666
2020-10-21T16:00:00Z,23.7894263,14.949999999999996
2020-10-21T17:00:00Z,20.32540725,14.214666666666664
2020-10-21T18:00:00Z,17.7214298,14.050333333333333
2020-10-21T19:00:00Z,10.08483735,9.2
2020-10-21T20:00:00Z,9.6105324,8.48
2020-10-21T21:00:00Z,6.31102535,5.843333333333332
2020-10-21T22:00:00Z,7.5728202,6.5053333333333345
2020-10-21T23:00:00Z,4.50868615,5.0473333333333334
2020-10-22T00:00:00Z,4.004479897959184,4.848666666666668
2020-10-22T01:00:00Z,3.631666,4.397666666666667
2020-10-22T02:00:00Z,2.948951800000001,4.167333333333333
2020-10-22T03:00:00Z,2.83549735,3.6203333333333334
2020-10-22T04:00:00Z,4.422741349999999,3.906333333333334
2020-10-22T05:00:00Z,5.65878085,4.945000000000001
2020-10-22T06:00:00Z,11.068819449999998,8.06033333333333
2020-10-22T07:00:00Z,14.115744400000004,9.991999999999996
2020-10-22T08:00:00Z,11.4884867,8.366666666666665
2020-10-22T09:00:00Z,9.115250050000002,6.547666666666665
2020-10-22T10:00:00Z,7.057999400000001,5.151333333333334
2020-10-22T11:00:00Z,5.958440199999999,4.726
2020-10-22T12:00:00Z,6.799252102040816,5.621666666666665
2020-10-22T13:00:00Z,7.164929550000003,5.163666666666666
2020-10-22T14:00:00Z,10.338802750000005,7.17
2020-10-22T15:00:00Z,14.328361850000002,9.992666666666668
2020-10-22T16:00:00Z,14.291643450000002,10.702666666666664
2020-10-22T17:00:00Z,18.725167649999996,13.378333333333332
2020-10-22T18:00:00Z,18.71470015,13.47733333333333
2020-10-22T19:00:00Z,17.049077099999998,13.302666666666662
2020-10-22T20:00:00Z,15.8427865,12.885666666666667
2020-10-22T21:00:00Z,9.95614805,9.408999999999995
2020-10-22T22:00:00Z,4.060496950000003,5.755333333333334
2020-10-22T23:00:00Z,4.588713500000001,4.611
2020-10-23T00:00:00Z,5.265375857142858,5.159
2020-10-23T01:00:00Z,4.267117450000001,3.422
2020-10-23T02:00:00Z,3.66541375,2.7543333333333337
2020-10-23T03:00:00Z,3.8966156499999993,2.748
2020-10-23T04:00:00Z,5.4774625499999985,3.639
2020-10-23T05:00:00Z,5.771800699999998,3.790666666666667
2020-10-23T06:00:00Z,8.103959699999999,5.082666666666667
2020-10-23T07:00:00Z,11.242958899999996,6.7986666666666675
2020-10-23T08:00:00Z,15.035575299999996,9.213
2020-10-23T09:00:00Z,13.321261149999998,8.211000000000002
2020-10-23T10:00:00Z,12.2451094,8.010000000000002
2020-10-23T11:00:00Z,10.2065916,6.808666666666667
2020-10-23T12:00:00Z,8.27801375510204,5.813333333333333
2020-10-23T13:00:00Z,9.650012099999998,6.435333333333335
2020-10-23T14:00:00Z,9.2900573,7.049000000000001
2020-10-23T15:00:00Z,6.876217350000001,6.056000000000002
2020-10-23T16:00:00Z,12.308545099999998,9.258
2020-10-23T17:00:00Z,24.290541299999997,16.137666666666668
2020-10-23T18:00:00Z,27.749305400000004,19.213333333333345
2020-10-23T19:00:00Z,26.4886209,19.210333333333335
2020-10-23T20:00:00Z,15.231460650000002,11.982333333333331
2020-10-23T21:00:00Z,8.2930425,7.456999999999998
2020-10-23T22:00:00Z,6.2456525,6.2263333333333355
2020-10-23T23:00:00Z,4.401968,4.921999999999999
2020-10-24T00:00:00Z,2.8321826326530615,3.549
2020-10-24T01:00:00Z,2.40651005,2.926666666666667
2020-10-24T02:00:00Z,2.42348065,2.7156666666666665
2020-10-24T03:00:00Z,2.15233265,2.2696666666666667
2020-10-24T04:00:00Z,2.2795459000000005,2.381333333333333
2020-10-24T05:00:00Z,2.3126258500000003,2.255666666666666
2020-10-24T06:00:00Z,2.8204692,2.506333333333333
2020-10-24T07:00:00Z,3.1573213,2.6446666666666667
2020-10-24T08:00:00Z,3.2661833,2.529666666666666
2020-10-24T09:00:00Z,3.89180325,2.7483333333333335
2020-10-24T10:00:00Z,4.884737050000002,3.159
2020-10-24T11:00:00Z,4.82067065,3.331333333333333
2020-10-24T12:00:00Z,5.506234897959184,3.445
2020-10-24T13:00:00Z,6.457880399999999,4.401
2020-10-24T14:00:00Z,15.967021150000004,9.127999999999998
2020-10-24T15:00:00Z,7.91089925,6.176000000000001
2020-10-24T16:00:00Z,14.30229115,8.866333333333333
2020-10-24T17:00:00Z,21.428294849999993,14.240333333333332
2020-10-24T18:00:00Z,16.0394695,11.347333333333331
2020-10-24T19:00:00Z,18.97086239999999,13.079333333333333
2020-10-24T20:00:00Z,16.0543148,12.1
2020-10-24T21:00:00Z,6.4726276500000015,6.7026666666666666
2020-10-24T22:00:00Z,3.1522227000000003,4.234666666666667
2020-10-24T23:00:00Z,3.0702926500000003,3.685
2020-10-25T00:00:00Z,2.866757020408164,3.3720000000000003
2020-10-25T01:00:00Z,2.39044045,2.915666666666667
2020-10-25T02:00:00Z,1.47279315,2.4073333333333333
2020-10-25T03:00:00Z,1.4304222999999998,2.174666666666667
2020-10-25T04:00:00Z,1.3125370500000002,1.977
2020-10-25T05:00:00Z,1.6407898999999997,1.8773333333333333
2020-10-25T06:00:00Z,1.9794334000000005,1.9613333333333332
2020-10-25T07:00:00Z,2.3684215999999996,2.124666666666667
2020-10-25T08:00:00Z,2.72758405,2.3286666666666664
2020-10-25T09:00:00Z,2.0008454,2.0126666666666666
2020-10-25T10:00:00Z,2.33363505,2.097666666666667
2020-10-25T11:00:00Z,2.728034549999999,2.4330000000000003
2020-10-25T12:00:00Z,3.1127786938775506,2.4606666666666666
2020-10-25T13:00:00Z,3.146188649999999,2.526666666666667
2020-10-25T14:00:00Z,3.8590678,2.933333333333332
2020-10-25T15:00:00Z,4.88857425,3.878333333333335
2020-10-25T16:00:00Z,5.41460985,3.9883333333333337
2020-10-25T17:00:00Z,7.716672799999997,5.368
2020-10-25T18:00:00Z,7.757315849999999,5.507
2020-10-25T19:00:00Z,8.66429955,6.179
2020-10-25T20:00:00Z,7.561936650000002,5.79
2020-10-25T21:00:00Z,6.019838049999996,4.754666666666665
2020-10-25T22:00:00Z,4.3100315500000015,3.7436666666666665
2020-10-25T23:00:00Z,3.602971799999999,3.26
2020-10-26T00:00:00Z,2.6336759999999995,2.5916666666666672
2020-10-26T01:00:00Z,2.119337499999999,2.0256666666666665
2020-10-26T02:00:00Z,1.9658866,1.9123333333333332
2020-10-26T03:00:00Z,1.9017460000000004,1.8016666666666663
2020-10-26T04:00:00Z,2.0218599,1.8013333333333337
2020-10-26T05:00:00Z,2.7699283999999995,2.1486666666666663
2020-10-26T06:00:00Z,3.420023749999999,2.437333333333333
2020-10-26T07:00:00Z,6.00340805,3.869
2020-10-26T08:00:00Z,10.513122400000004,6.264666666666668
2020-10-26T09:00:00Z,11.468895250000005,7.299
2020-10-26T10:00:00Z,12.53768795,8.337666666666667
2020-10-26T11:00:00Z,6.751505699999998,4.906666666666667
2020-10-26T12:00:00Z,6.567400897959182,4.869666666666666
2020-10-26T13:00:00Z,7.6534862000000015,5.289333333333332
2020-10-26T14:00:00Z,5.6993655999999975,4.572666666666666
2020-10-26T15:00:00Z,8.308017650000002,5.62
2020-10-26T16:00:00Z,10.600368350000002,7.619
2020-10-26T17:00:00Z,11.135909499999997,7.866666666666666
2020-10-26T18:00:00Z,13.36228315,9.066333333333333
2020-10-26T19:00:00Z,16.270841000000004,11.252333333333333
2020-10-26T20:00:00Z,16.4621021,11.436000000000003
2020-10-26T21:00:00Z,11.699201450000004,9.024333333333336
2020-10-26T22:00:00Z,9.034676800000002,7.443000000000002
2020-10-26T23:00:00Z,8.22318055,6.442666666666667
2020-10-27T00:00:00Z,6.0844448877551,5.415666666666667
2020-10-27T01:00:00Z,4.685446449999999,4.451333333333333
2020-10-27T02:00:00Z,4.380537450000001,3.9983333333333335
2020-10-27T03:00:00Z,2.8627685000000014,3.0936666666666666
2020-10-27T04:00:00Z,3.3022365500000004,2.955666666666666
2020-10-27T05:00:00Z,3.66045295,3.1256666666666666
2020-10-27T06:00:00Z,5.453808650000001,4.020333333333332
2020-10-27T07:00:00Z,8.303544450000002,5.653333333333334
2020-10-27T08:00:00Z,8.533983150000003,5.988999999999999
2020-10-27T09:00:00Z,7.9464649,5.620333333333333
2020-10-27T10:00:00Z,7.783561450000001,5.55
2020-10-27T11:00:00Z,8.01556895,5.770333333333335
2020-10-27T12:00:00Z,8.156038040816329,5.802999999999999
2020-10-27T13:00:00Z,8.465319000000001,5.7959999999999985
2020-10-27T14:00:00Z,7.083251249999999,5.245333333333334
2020-10-27T15:00:00Z,10.6369834,7.404666666666667
2020-10-27T16:00:00Z,13.352541749999997,9.447333333333336
2020-10-27T17:00:00Z,21.9852904,14.946
2020-10-27T18:00:00Z,14.205481350000005,11.497666666666664
2020-10-27T19:00:00Z,13.797484699999996,10.957666666666665
2020-10-27T20:00:00Z,9.7652129,8.525666666666666
2020-10-27T21:00:00Z,6.172308449999998,5.887666666666667
2020-10-27T22:00:00Z,7.673573199999997,6.210333333333334
2020-10-27T23:00:00Z,2.8879938499999995,3.4356666666666658
2020-10-28T00:00:00Z,2.307382040816327,2.556
2020-10-28T01:00:00Z,2.0525177499999994,2.227
2020-10-28T02:00:00Z,1.9652585499999993,2.0906666666666665
2020-10-28T03:00:00Z,1.6585872999999998,1.7600000000000005
2020-10-28T04:00:00Z,1.3598952000000002,1.5223333333333335
2020-10-28T05:00:00Z,2.2527915,1.9773333333333336
2020-10-28T06:00:00Z,3.5118886499999986,2.7353333333333323
2020-10-28T07:00:00Z,5.84988825,3.852666666666666
2020-10-28T08:00:00Z,7.194485000000002,5.245
2020-10-28T09:00:00Z,6.773156200000002,4.985666666666666
2020-10-28T10:00:00Z,6.086125150000001,4.424999999999999
2020-10-28T11:00:00Z,5.431612249999999,4.075666666666666
2020-10-28T12:00:00Z,5.855979734693877,4.548333333333333
2020-10-28T13:00:00Z,7.13655335,5.059333333333333
2020-10-28T14:00:00Z,8.785855049999999,6.061379310344828
2020-10-28T15:00:00Z,11.415330799999998,8.822999999999999
2020-10-28T16:00:00Z,10.82704405,7.934000000000002
2020-10-28T17:00:00Z,13.20923505,9.415
2020-10-28T18:00:00Z,16.901861649999997,11.976666666666668
2020-10-28T19:00:00Z,15.524028599999992,11.372333333333332
2020-10-28T20:00:00Z,11.816217500000002,9.713333333333331
2020-10-28T21:00:00Z,7.736894949999999,6.703000000000001
2020-10-28T22:00:00Z,6.119538999999999,5.202666666666667
2020-10-28T23:00:00Z,6.9487399000000005,5.550333333333333
2020-10-29T00:00:00Z,5.783728836734694,5.197
2020-10-29T01:00:00Z,4.49932105,3.932
2020-10-29T02:00:00Z,3.822521650000001,3.5186666666666673
2020-10-29T03:00:00Z,3.37133265,2.851999999999999
2020-10-29T04:00:00Z,5.35591235,3.9943333333333326
2020-10-29T05:00:00Z,7.310025,5.098333333333333
2020-10-29T06:00:00Z,10.069894,6.540666666666667
2020-10-29T07:00:00Z,12.308147600000003,7.936000000000001
2020-10-29T08:00:00Z,11.355827700000004,7.574000000000002
2020-10-29T09:00:00Z,7.839736149999999,5.7310000000000025
2020-10-29T10:00:00Z,7.555173849999997,5.095666666666667
2020-10-29T11:00:00Z,7.23344795,4.931666666666667
2020-10-29T12:00:00Z,5.464252408163267,4.334333333333333
2020-10-29T13:00:00Z,7.025669400000001,4.700000000000001
2020-10-29T14:00:00Z,12.81405115,7.799000000000003
2020-10-29T15:00:00Z,14.027319199999996,8.784333333333333
2020-10-29T16:00:00Z,14.357228300000004,9.573
2020-10-29T17:00:00Z,7.922058400000001,6.366666666666668
2020-10-29T18:00:00Z,5.262004299999997,4.574999999999998
2020-10-29T19:00:00Z,4.519612100000002,3.9073333333333338
2020-10-29T20:00:00Z,4.0745578500000015,3.4949999999999997
2020-10-29T21:00:00Z,2.9871992499999993,2.9066666666666667
2020-10-29T22:00:00Z,3.40938665,2.8456666666666663
2020-10-29T23:00:00Z,2.3394995,2.2850000000000006
2020-10-30T00:00:00Z,1.8590734285714283,1.9553333333333331
2020-10-30T01:00:00Z,1.7161134999999998,1.7859999999999991
2020-10-30T02:00:00Z,1.4643873499999995,1.5163333333333333
2020-10-30T03:00:00Z,1.4763149999999996,1.4983333333333335
2020-10-30T04:00:00Z,1.51229935,1.473
2020-10-30T05:00:00Z,2.58145775,2.042333333333333
2020-10-30T06:00:00Z,5.3554274,3.4530000000000003
2020-10-30T07:00:00Z,9.266636600000002,5.7076666666666664
2020-10-30T08:00:00Z,9.3984211,6.4813333333333345
2020-10-30T09:00:00Z,12.130708899999997,7.612666666666667
2020-10-30T10:00:00Z,6.4882626499999985,5.033333333333332
2020-10-30T11:00:00Z,7.612983599999997,5.369666666666666
2020-10-30T12:00:00Z,8.523681734693879,5.847
2020-10-30T13:00:00Z,9.02582315,6.383999999999999
2020-10-30T14:00:00Z,8.461834249999997,6.186333333333335
2020-10-30T15:00:00Z,10.277789149999998,7.477
2020-10-30T16:00:00Z,15.550735299999996,10.290333333333336
2020-10-30T17:00:00Z,19.867667450000003,13.50466666666667
2020-10-30T18:00:00Z,28.4699729,18.819000000000003
2020-10-30T19:00:00Z,34.8877959,26.829333333333334
2020-10-30T20:00:00Z,29.475234500000003,24.12566666666667
2020-10-30T21:00:00Z,20.00675535000001,15.304666666666666
2020-10-30T22:00:00Z,14.822936649999995,11.771666666666665
2020-10-30T23:00:00Z,10.589972400000004,9.200333333333337
2020-10-31T00:00:00Z,7.212489857142857,6.4316666666666675
2020-10-31T01:00:00Z,7.0642269,5.772666666666664
2020-10-31T02:00:00Z,5.26622575,4.429666666666667
2020-10-31T03:00:00Z,2.4834024500000003,2.738333333333333
2020-10-31T04:00:00Z,1.4988558999999997,2.058666666666667
2020-10-31T05:00:00Z,1.4755412000000006,2.0346666666666664
2020-10-31T06:00:00Z,1.5715295,2.014666666666667
2020-10-31T07:00:00Z,2.0506866,2.1486666666666667
2020-10-31T08:00:00Z,2.645089550000001,2.307
2020-10-31T09:00:00Z,3.020260649999999,2.473333333333333
2020-10-31T10:00:00Z,3.3724005999999997,2.5953333333333335
2020-10-31T11:00:00Z,3.645329400000001,2.7569999999999997
2020-10-31T12:00:00Z,3.477310530612245,3.012
2020-10-31T13:00:00Z,3.2398210999999995,3.494333333333335
2020-10-31T14:00:00Z,3.945691,3.635333333333334
2020-10-31T15:00:00Z,4.2862398499999985,3.868
2020-10-31T16:00:00Z,5.68132175,4.56
2020-10-31T17:00:00Z,7.368635050000003,5.250000000000001
2020-10-31T18:00:00Z,8.287392700000003,6.060333333333333
2020-10-31T19:00:00Z,8.292197149999998,6.312333333333334
2020-10-31T20:00:00Z,5.784576350000001,5.020666666666667
2020-10-31T21:00:00Z,5.116789599999999,4.296333333333335
2020-10-31T22:00:00Z,2.907362700000001,3.0080000000000005
2020-10-31T23:00:00Z,1.5618755500000003,1.9790000000000003
2020-11-01T00:00:00Z,2.098027714285714,1.9930000000000003
2020-11-01T01:00:00Z,2.055112100000001,1.88
2020-11-01T02:00:00Z,2.0657518500000007,1.88
2020-11-01T03:00:00Z,1.5994339999999998,1.5969999999999998
2020-11-01T04:00:00Z,1.3121289500000004,1.3653333333333328
2020-11-01T05:00:00Z,1.34772905,1.3299999999999996
2020-11-01T06:00:00Z,1.5884709500000005,1.344666666666667
2020-11-01T07:00:00Z,1.9094256999999997,1.4149999999999998
2020-11-01T08:00:00Z,2.4160288500000004,1.693
2020-11-01T09:00:00Z,3.8189945,2.389333333333333
2020-11-01T10:00:00Z,5.789062799999999,3.5833333333333335
2020-11-01T11:00:00Z,9.310936650000002,6.054666666666667
2020-11-01T12:00:00Z,5.363467500000001,4.360333333333333
2020-11-01T13:00:00Z,7.473861250000001,5.700333333333335
2020-11-01T14:00:00Z,5.456477199999999,4.114666666666666
2020-11-01T15:00:00Z,7.019537299999998,4.651333333333332
2020-11-01T16:00:00Z,5.8076287,4.247
2020-11-01T17:00:00Z,4.3434507,3.1573333333333333
2020-11-01T18:00:00Z,3.1977549999999995,2.286333333333333
2020-11-01T19:00:00Z,2.6670129999999994,1.8869999999999996
2020-11-01T20:00:00Z,2.2321400500000004,1.6256666666666666
2020-11-01T21:00:00Z,1.5930898999999998,1.3106666666666664
2020-11-01T22:00:00Z,1.2457517500000002,1.0279999999999998
2020-11-01T23:00:00Z,1.2627514999999998,1.0726666666666664
2020-11-02T00:00:00Z,1.0134854693877549,0.964
2020-11-02T01:00:00Z,1.03046575,0.9763333333333336
2020-11-02T02:00:00Z,1.1052673,1.0870000000000002
2020-11-02T03:00:00Z,0.7071975500000001,0.7990000000000002
2020-11-02T04:00:00Z,1.1656078,1.0696666666666668
2020-11-02T05:00:00Z,2.532687150000001,1.837
2020-11-02T06:00:00Z,4.14812185,2.7809999999999997
2020-11-02T07:00:00Z,7.617716499999999,4.779666666666667
2020-11-02T08:00:00Z,10.700970300000003,6.899333333333333
2020-11-02T09:00:00Z,11.05371445,7.615666666666666
2020-11-02T10:00:00Z,9.3927766,6.937666666666666
2020-11-02T11:00:00Z,6.64474515,5.1530000000000005
2020-11-02T12:00:00Z,6.597338326530613,4.913333333333333
2020-11-02T13:00:00Z,6.192665750000003,4.874333333333333
2020-11-02T14:00:00Z,5.2146912,4.2556666666666665
2020-11-02T15:00:00Z,6.161385150000002,4.612666666666667
2020-11-02T16:00:00Z,6.334379799999999,4.699
2020-11-02T17:00:00Z,7.635535099999999,5.325000000000001
2020-11-02T18:00:00Z,7.9031692,5.789333333333331
2020-11-02T19:00:00Z,4.925597399999998,3.933
2020-11-02T20:00:00Z,4.611702250000001,3.699333333333334
2020-11-02T21:00:00Z,4.550953649999999,3.757
2020-11-02T22:00:00Z,5.903052550000001,4.550666666666666
2020-11-02T23:00:00Z,6.268336499999999,4.881666666666667
2020-11-03T00:00:00Z,3.4676861632653058,3.3459999999999988
2020-11-03T01:00:00Z,3.4325449999999997,2.9120000000000004
2020-11-03T02:00:00Z,3.0043950999999995,2.4823333333333344
2020-11-03T03:00:00Z,2.95979295,2.5079999999999996
2020-11-03T04:00:00Z,1.7230750500000007,1.538333333333333
2020-11-03T05:00:00Z,2.626311649999999,1.9846666666666668
2020-11-03T06:00:00Z,4.4634321,2.9550000000000005
2020-11-03T07:00:00Z,8.626852399999999,5.4383333333333335
2020-11-03T08:00:00Z,13.9791104,9.163478260869566
2020-11-03T09:00:00Z,14.723166799999996,10.186
2020-11-03T10:00:00Z,12.872422700000005,8.886
2020-11-03T11:00:00Z,10.783851700000003,7.4413333333333345
2020-11-03T12:00:00Z,9.434751734693878,6.919333333333335
2020-11-03T13:00:00Z,16.94866065,11.384
2020-11-03T14:00:00Z,18.760876399999997,12.78
2020-11-03T15:00:00Z,20.88423395,13.925714285714289
2020-11-03T16:00:00Z,21.835472650000003,15.211999999999998
2020-11-03T17:00:00Z,31.86730205000001,22.492666666666665
2020-11-03T18:00:00Z,35.470064500000014,25.476666666666667
2020-11-03T19:00:00Z,25.143745900000003,18.632
2020-11-03T20:00:00Z,29.661044549999993,21.00066666666667
2020-11-03T21:00:00Z,27.00234725,19.66533333333333
2020-11-03T22:00:00Z,28.38789180000001,21.288000000000004
2020-11-03T23:00:00Z,28.3537651,22.292
2020-11-04T00:00:00Z,21.32259440816327,17.858
2020-11-04T01:00:00Z,15.69797195,12.932666666666668
2020-11-04T02:00:00Z,13.2972177,11.090666666666667
2020-11-04T03:00:00Z,12.67413115,10.622000000000002
2020-11-04T04:00:00Z,12.277150549999996,9.322666666666668
2020-11-04T05:00:00Z,14.69026705,11.179333333333334
2020-11-04T06:00:00Z,18.89827625,14.528
2020-11-04T07:00:00Z,21.3215608,18.522666666666662
2020-11-04T08:00:00Z,27.25815175,25.683333333333337
2020-11-04T09:00:00Z,27.855424649999993,20.34399999999999
2020-11-04T10:00:00Z,27.883567650000007,19.100000000000005
2020-11-04T11:00:00Z,27.679856850000004,18.029333333333337
2020-11-04T12:00:00Z,28.198010755102043,18.054
2020-11-04T13:00:00Z,30.107929950000003,20.16933333333333
2020-11-04T14:00:00Z,29.75648694999999,21.156
2020-11-04T15:00:00Z,18.700917499999996,15.99933333333333
2020-11-04T16:00:00Z,29.690576149999995,21.484666666666666
2020-11-04T17:00:00Z,35.4034912,26.415333333333333
2020-11-04T18:00:00Z,38.03937199999999,33.38666666666667
2020-11-04T19:00:00Z,38.21427730000001,37.61333333333333
2020-11-04T20:00:00Z,36.09918510000001,35.285000000000004
2020-11-04T21:00:00Z,33.50912809999999,37.81066666666667
2020-11-04T22:00:00Z,27.536860200000003,27.689333333333327
2020-11-04T23:00:00Z,23.8326584,23.710625
2020-11-05T00:00:00Z,22.513605,19.822666666666674
2020-11-05T01:00:00Z,20.235771000000003,16.018666666666668
2020-11-05T02:00:00Z,17.3198488,15.156666666666666
2020-11-05T03:00:00Z,15.661062749999994,13.990666666666666
2020-11-05T04:00:00Z,15.9374392,12.916666666666666
2020-11-05T05:00:00Z,16.3885381,12.024
2020-11-05T06:00:00Z,19.0948983,12.978000000000002
2020-11-05T07:00:00Z,22.431473550000007,14.290666666666665
2020-11-05T08:00:00Z,25.180193999999993,16.43733333333333
2020-11-05T09:00:00Z,26.008684699999996,17.994666666666667
2020-11-05T10:00:00Z,24.245001050000003,16.991333333333337
2020-11-05T11:00:00Z,23.819509100000005,16.971999999999998
2020-11-05T12:00:00Z,20.88599663265306,16.15266666666667
2020-11-05T13:00:00Z,18.15774170000001,13.919333333333332
2020-11-05T14:00:00Z,20.58482635,14.856666666666667
2020-11-05T15:00:00Z,23.019073950000003,16.777333333333335
2020-11-05T16:00:00Z,22.999898550000008,14.878666666666668
2020-11-05T17:00:00Z,25.64353855,16.598000000000003
2020-11-05T18:00:00Z,29.48264919999999,19.014
2020-11-05T19:00:00Z,29.852106900000003,21.874
2020-11-05T20:00:00Z,26.023328600000006,19.65333333333333
2020-11-05T21:00:00Z,25.25630995,18.187333333333335
2020-11-05T22:00:00Z,25.35355700000001,18.086
2020-11-05T23:00:00Z,23.157592099999995,15.320666666666666
2020-11-06T00:00:00Z,22.049539163265308,14.789333333333332
2020-11-06T01:00:00Z,16.55206165,11.54
2020-11-06T02:00:00Z,9.4848747,7.9193333333333324
2020-11-06T03:00:00Z,7.454386400000001,6.628
2020-11-06T04:00:00Z,6.824436350000002,6.0873333333333335
2020-11-06T05:00:00Z,6.353459799999999,5.695333333333334
2020-11-06T06:00:00Z,8.06256935,6.49
2020-11-06T07:00:00Z,12.899524249999995,9.088
2020-11-06T08:00:00Z,18.281006449999992,12.843999999999998
2020-11-06T09:00:00Z,15.214535099999996,11.63
2020-11-06T10:00:00Z,11.77461515,9.492666666666668
2020-11-06T11:00:00Z,9.774601849999998,8.042666666666667
2020-11-06T12:00:00Z,10.598781000000002,8.315333333333333
2020-11-06T13:00:00Z,9.28145275,7.167333333333333
2020-11-06T14:00:00Z,10.636143349999996,7.974666666666666
2020-11-06T15:00:00Z,14.0892179,10.342
2020-11-06T16:00:00Z,14.3856204,10.715333333333332
2020-11-06T17:00:00Z,20.57321935,13.714666666666666
2020-11-06T18:00:00Z,18.8611365,12.851333333333333
2020-11-06T19:00:00Z,25.86331629999999,17.623333333333335
2020-11-06T20:00:00Z,19.144744800000005,13.839333333333332
2020-11-06T21:00:00Z,14.545317349999998,11.398666666666667
2020-11-06T22:00:00Z,12.876739550000003,10.375333333333336
2020-11-06T23:00:00Z,12.146304149999995,9.115999999999998
2020-11-07T00:00:00Z,14.52648012244898,10.140666666666668
2020-11-07T01:00:00Z,15.470678800000004,11.001333333333331
2020-11-07T02:00:00Z,15.3841722,11.075333333333331
2020-11-07T03:00:00Z,15.006343149999996,10.667333333333334
2020-11-07T04:00:00Z,15.71330750000001,11.385333333333334
2020-11-07T05:00:00Z,15.36899565,11.092666666666666
2020-11-07T06:00:00Z,16.389229750000002,11.607333333333337
2020-11-07T07:00:00Z,15.383772050000005,11.136666666666668
2020-11-07T08:00:00Z,15.852853850000002,11.203333333333337
2020-11-07T09:00:00Z,18.08856345,13.264666666666669
2020-11-07T10:00:00Z,17.115313850000003,12.409333333333333
2020-11-07T11:00:00Z,15.791490450000005,11.083333333333334
2020-11-07T12:00:00Z,10.3376948877551,7.830666666666667
2020-11-07T13:00:00Z,10.707902700000002,7.882000000000001
2020-11-07T14:00:00Z,11.405115049999996,8.236
2020-11-07T15:00:00Z,16.565152649999998,11.12
2020-11-07T16:00:00Z,19.103720149999997,13.033333333333337
2020-11-07T17:00:00Z,18.876313050000004,13.142
2020-11-07T18:00:00Z,25.722489999999997,19.981333333333335
2020-11-07T19:00:00Z,22.559208850000008,16.214
2020-11-07T20:00:00Z,13.921396050000002,9.897333333333332
2020-11-07T21:00:00Z,15.923807599999996,11.052666666666669
2020-11-07T22:00:00Z,21.437230650000004,15.391999999999996
2020-11-07T23:00:00Z,13.2683486,9.288
2020-11-08T00:00:00Z,20.00723283673469,12.594
2020-11-08T01:00:00Z,14.49682765,10.138666666666667
2020-11-08T02:00:00Z,11.63471635,8.132
2020-11-08T03:00:00Z,17.7892645,11.890000000000002
2020-11-08T04:00:00Z,11.52016745,8.080666666666666
2020-11-08T05:00:00Z,13.26416955,8.98
2020-11-08T06:00:00Z,12.0492585,8.140000000000002
2020-11-08T07:00:00Z,11.02173955,7.466
2020-11-08T08:00:00Z,10.119398649999995,6.722666666666667
2020-11-08T09:00:00Z,10.2656177,6.7860000000000005
2020-11-08T10:00:00Z,10.34609025,6.746666666666666
2020-11-08T11:00:00Z,12.289139150000002,7.733999999999999
2020-11-08T12:00:00Z,12.5383343877551,8.080666666666666
2020-11-08T13:00:00Z,12.890095549999996,8.27266666666667
2020-11-08T14:00:00Z,13.826062299999998,8.642666666666667
2020-11-08T15:00:00Z,16.512934400000002,10.359999999999998
2020-11-08T16:00:00Z,17.306938000000006,11.238
2020-11-08T17:00:00Z,17.57928115,11.398
2020-11-08T18:00:00Z,19.538253900000004,13.930666666666667
2020-11-08T19:00:00Z,18.665990500000007,13.344666666666663
2020-11-08T20:00:00Z,16.326074950000002,11.634000000000002
2020-11-08T21:00:00Z,14.379374349999996,9.294666666666666
2020-11-08T22:00:00Z,13.833641300000004,8.949333333333332
2020-11-08T23:00:00Z,11.65605415,7.981333333333334
2020-11-09T00:00:00Z,11.057375938775513,7.827999999999999
2020-11-09T01:00:00Z,10.882916649999997,7.445333333333333
2020-11-09T02:00:00Z,11.672855149999997,7.699333333333333
2020-11-09T03:00:00Z,12.026929599999995,7.376666666666667
2020-11-09T04:00:00Z,11.350925200000002,6.682666666666667
2020-11-09T05:00:00Z,13.448572450000002,8.003333333333334
2020-11-09T06:00:00Z,15.76080345,9.318666666666669
2020-11-09T07:00:00Z,20.39207595,12.04
2020-11-09T08:00:00Z,23.9915206,14.652
2020-11-09T09:00:00Z,18.462277049999997,12.151333333333332
2020-11-09T10:00:00Z,13.470824499999996,9.558666666666666
2020-11-09T11:00:00Z,9.912484000000005,7.585999999999999
2020-11-09T12:00:00Z,12.6828816122449,8.706666666666669
2020-11-09T13:00:00Z,15.122251500000004,10.563333333333334
2020-11-09T14:00:00Z,11.3193372,8.335333333333335
2020-11-09T15:00:00Z,13.014727699999998,9.044
2020-11-09T16:00:00Z,21.24226485,13.524666666666668
2020-11-09T17:00:00Z,24.86655059999999,17.288666666666664
2020-11-09T18:00:00Z,22.201845749999997,15.303333333333336
2020-11-09T19:00:00Z,18.138057499999995,11.954666666666666
2020-11-09T20:00:00Z,17.78384790000001,11.734666666666666
2020-11-09T21:00:00Z,17.831619450000005,11.524666666666668
2020-11-09T22:00:00Z,16.316611800000008,10.63533333333333
2020-11-09T23:00:00Z,14.085354200000006,9.11
2020-11-10T00:00:00Z,9.449960571428573,7.108
2020-11-10T01:00:00Z,6.617076499999998,5.3820000000000014
2020-11-10T02:00:00Z,3.935833,3.794666666666666
2020-11-10T03:00:00Z,3.3797357999999997,3.3586666666666662
2020-11-10T04:00:00Z,4.707783300000001,3.982666666666667
2020-11-10T05:00:00Z,6.603630400000003,5.118666666666667
2020-11-10T06:00:00Z,13.6538441,8.998666666666669
2020-11-10T07:00:00Z,21.907589749999993,13.927142857142858
2020-11-10T08:00:00Z,27.815322200000008,19.127333333333336
2020-11-10T09:00:00Z,13.901860249999997,11.047333333333334
2020-11-10T10:00:00Z,5.380520249999999,5.5186666666666655
2020-11-10T11:00:00Z,6.409417200000001,5.527333333333333
2020-11-10T12:00:00Z,8.666254438775507,6.663333333333332
2020-11-10T13:00:00Z,9.201258450000005,6.970666666666667
2020-11-10T14:00:00Z,6.165405200000001,5.452666666666667
2020-11-10T15:00:00Z,12.513398049999996,8.872666666666667
2020-11-10T16:00:00Z,13.898985,9.617333333333333
2020-11-10T17:00:00Z,16.192183700000005,11.937333333333331
2020-11-10T18:00:00Z,9.2829924,7.752666666666665
2020-11-10T19:00:00Z,8.9944922,7.074666666666667
2020-11-10T20:00:00Z,11.439644550000004,8.623333333333331
2020-11-10T21:00:00Z,11.4034694,8.614666666666666
2020-11-10T22:00:00Z,15.14380395,10.744000000000002
2020-11-10T23:00:00Z,7.593961899999998,6.696
2020-11-11T00:00:00Z,4.856440836734695,4.778
2020-11-11T01:00:00Z,5.20116825,4.2620000000000005
2020-11-11T02:00:00Z,5.033566350000001,4.341333333333334
2020-11-11T03:00:00Z,2.834553949999999,2.922
2020-11-11T04:00:00Z,2.8346228499999997,2.7060000000000004
2020-11-11T05:00:00Z,3.19017335,2.842666666666667
2020-11-11T06:00:00Z,4.630978350000002,3.574
2020-11-11T07:00:00Z,6.488095699999999,4.758666666666667
2020-11-11T08:00:00Z,8.1317688,5.910666666666668
2020-11-11T09:00:00Z,6.629242649999998,4.948666666666667
2020-11-11T10:00:00Z,6.943757900000003,4.958666666666668
2020-11-11T11:00:00Z,6.9047764,5.1659999999999995
2020-11-11T12:00:00Z,5.983205693877552,4.830666666666667
2020-11-11T13:00:00Z,5.638733599999999,4.581999999999999
2020-11-11T14:00:00Z,5.170905250000001,4.363333333333334
2020-11-11T15:00:00Z,6.389836349999999,4.991333333333333
2020-11-11T16:00:00Z,6.041202349999997,4.888000000000001
2020-11-11T17:00:00Z,4.971476850000001,4.048
2020-11-11T18:00:00Z,5.2050611,4.160666666666667
2020-11-11T19:00:00Z,4.006561499999998,3.3273333333333337
2020-11-11T20:00:00Z,3.125237749999998,2.7240000000000006
2020-11-11T21:00:00Z,2.743945149999999,2.4186666666666667
2020-11-11T22:00:00Z,2.33355555,2.094
2020-11-11T23:00:00Z,3.849872299999999,2.7933333333333334
2020-11-12T00:00:00Z,1.7083641428571428,2.0773333333333337
2020-11-12T01:00:00Z,1.16031575,1.4093333333333329
2020-11-12T02:00:00Z,1.8511787,1.7126666666666666
2020-11-12T03:00:00Z,3.4364616999999993,2.7086666666666663
2020-11-12T04:00:00Z,2.5405920999999996,2.228
2020-11-12T05:00:00Z,3.18758165,2.5266666666666664
2020-11-12T06:00:00Z,4.823145750000001,3.685333333333333
2020-11-12T07:00:00Z,8.7682405,6.0633333333333335
2020-11-12T08:00:00Z,17.254057249999995,11.376
2020-11-12T09:00:00Z,16.58052795,12.322666666666665
2020-11-12T10:00:00Z,14.531208749999992,11.39375
2020-11-12T11:00:00Z,11.221268649999995,8.214
2020-11-12T12:00:00Z,7.949205000000003,6.359999999999999
2020-11-12T13:00:00Z,7.464898949999998,5.626
2020-11-12T14:00:00Z,6.849836600000003,5.250666666666667
2020-11-12T15:00:00Z,6.9652176,5.333333333333334
2020-11-12T16:00:00Z,9.46952325,6.788666666666668
2020-11-12T17:00:00Z,8.820310350000003,6.390000000000001
2020-11-12T18:00:00Z,8.25793795,5.778666666666667
2020-11-12T19:00:00Z,7.4367824500000035,5.5200000000000005
2020-11-12T20:00:00Z,5.3451401,4.276
2020-11-12T21:00:00Z,4.15509135,3.4880000000000004
2020-11-12T22:00:00Z,3.56119985,3.0100000000000007
2020-11-12T23:00:00Z,2.9050333499999996,2.5306666666666664
2020-11-13T00:00:00Z,1.866505867346938,1.9126666666666663
2020-11-13T01:00:00Z,1.78034685,1.7606666666666664
2020-11-13T02:00:00Z,1.4652883499999994,1.513333333333333
2020-11-13T03:00:00Z,1.4031961999999998,1.4586666666666666
2020-11-13T04:00:00Z,1.2650914500000003,1.2246666666666668
2020-11-13T05:00:00Z,1.5446373000000009,1.344
2020-11-13T06:00:00Z,4.0826589,2.8606666666666665
2020-11-13T07:00:00Z,9.168218250000002,6.174666666666666
2020-11-13T08:00:00Z,11.8240827,8.006666666666666
2020-11-13T09:00:00Z,9.95644485,7.056666666666668
2020-11-13T10:00:00Z,9.453477500000002,7.080000000000001
2020-11-13T11:00:00Z,7.479874099999998,5.906666666666667
2020-11-13T12:00:00Z,8.815261775510205,5.693333333333333
2020-11-13T13:00:00Z,8.1494337,6.0053333333333345
2020-11-13T14:00:00Z,9.645210300000002,6.877333333333334
2020-11-13T15:00:00Z,12.342486300000006,8.738666666666665
2020-11-13T16:00:00Z,13.830236049999996,9.785333333333336
2020-11-13T17:00:00Z,13.17689975,9.665333333333333
2020-11-13T18:00:00Z,14.590889400000004,10.976
2020-11-13T19:00:00Z,10.393527900000002,8.028
2020-11-13T20:00:00Z,8.061922749999999,6.672666666666667
2020-11-13T21:00:00Z,7.36180335,5.9399999999999995
2020-11-13T22:00:00Z,5.911834650000001,4.898
2020-11-13T23:00:00Z,5.405438199999998,4.357333333333334
2020-11-14T00:00:00Z,4.5447716326530605,3.8326666666666664
2020-11-14T01:00:00Z,4.0716031,3.4286666666666665
2020-11-14T02:00:00Z,3.7160340500000006,3.1686666666666667
2020-11-14T03:00:00Z,3.603822450000001,3.08
2020-11-14T04:00:00Z,3.1186313000000014,2.6426666666666665
2020-11-14T05:00:00Z,3.20337035,2.519999999999999
2020-11-14T06:00:00Z,7.06198235,4.783333333333333
2020-11-14T07:00:00Z,8.905995450000002,6.3566666666666665
2020-11-14T08:00:00Z,5.8737806500000005,4.360666666666666
2020-11-14T09:00:00Z,4.912819100000001,3.606
2020-11-14T10:00:00Z,5.18550675,3.724666666666667
2020-11-14T11:00:00Z,5.4987447000000005,3.802666666666666
2020-11-14T12:00:00Z,4.017676897959183,3.3720000000000003
2020-11-14T13:00:00Z,3.71901,2.8613333333333335
2020-11-14T14:00:00Z,4.5034550499999995,3.3380000000000005
2020-11-14T15:00:00Z,3.9642516,3.038666666666667
2020-11-14T16:00:00Z,3.883895649999999,3.024
2020-11-14T17:00:00Z,3.70361615,2.8593333333333333
2020-11-14T18:00:00Z,4.259395349999999,3.3093333333333335
2020-11-14T19:00:00Z,3.651223,3.0420000000000003
2020-11-14T20:00:00Z,3.4652407000000007,2.880666666666666
2020-11-14T21:00:00Z,2.51501695,2.276666666666667
2020-11-14T22:00:00Z,2.171444450000001,2.002
2020-11-14T23:00:00Z,2.4423645500000006,2.094
2020-11-15T00:00:00Z,1.8087677755102047,1.7179999999999995
2020-11-15T01:00:00Z,1.2594866999999998,1.212
2020-11-15T02:00:00Z,1.361628300000001,1.3086666666666666
2020-11-15T03:00:00Z,1.0912938499999998,1.0673333333333332
2020-11-15T04:00:00Z,1.1937031000000005,1.1246666666666665
2020-11-15T05:00:00Z,1.4805815,1.32
2020-11-15T06:00:00Z,1.8112114000000004,1.5306666666666664
2020-11-15T07:00:00Z,1.712801,1.4793333333333332
2020-11-15T08:00:00Z,1.9855522499999991,1.5633333333333332
2020-11-15T09:00:00Z,2.0210330999999995,1.6060000000000003
2020-11-15T10:00:00Z,2.6154970000000004,2.086666666666667
2020-11-15T11:00:00Z,2.8203923500000005,2.372
2020-11-15T12:00:00Z,3.586702530612245,2.625999999999999
2020-11-15T13:00:00Z,3.74666805,2.856666666666667
2020-11-15T14:00:00Z,3.2990645000000005,2.614
2020-11-15T15:00:00Z,3.0555931,2.384
2020-11-15T16:00:00Z,3.664091400000001,2.877333333333333
2020-11-15T17:00:00Z,3.1971402,2.536666666666666
2020-11-15T18:00:00Z,4.474360700000001,3.1686666666666667
2020-11-15T19:00:00Z,5.765962749999999,3.8913333333333338
2020-11-15T20:00:00Z,6.524779649999998,4.442666666666667
2020-11-15T21:00:00Z,5.38111915,3.876
2020-11-15T22:00:00Z,3.745745850000001,2.949333333333333
2020-11-15T23:00:00Z,2.9813851499999995,2.398
2020-11-16T00:00:00Z,2.6138042448979597,2.0580000000000003
2020-11-16T01:00:00Z,2.6728112,2.102666666666667
2020-11-16T02:00:00Z,2.6810394500000005,2.0533333333333337
2020-11-16T03:00:00Z,2.8323093999999984,2.054
2020-11-16T04:00:00Z,2.6493004000000004,2.0880000000000005
2020-11-16T05:00:00Z,2.941282700000001,2.1886666666666668
2020-11-16T06:00:00Z,4.306949599999999,3.0393333333333334
2020-11-16T07:00:00Z,8.09780905,5.476
2020-11-16T08:00:00Z,11.387315000000005,8.339333333333332
2020-11-16T09:00:00Z,12.20187995,8.299333333333333
2020-11-16T10:00:00Z,8.484338050000002,6
2020-11-16T11:00:00Z,8.889785400000001,6.172666666666667
2020-11-16T12:00:00Z,8.01244806122449,5.663333333333333
2020-11-16T13:00:00Z,8.0662873,5.490666666666667
2020-11-16T14:00:00Z,9.527775549999998,6.272666666666667
2020-11-16T15:00:00Z,10.23130285,6.9879999999999995
2020-11-16T16:00:00Z,8.7466642,5.990666666666667
2020-11-16T17:00:00Z,8.526618800000001,5.665333333333335
2020-11-16T18:00:00Z,7.475289599999999,5.110000000000001
2020-11-16T19:00:00Z,5.3852081,3.953333333333333
2020-11-16T20:00:00Z,3.996944650000001,2.974666666666667
2020-11-16T21:00:00Z,3.5849491500000013,2.486666666666667
2020-11-16T22:00:00Z,4.1268237999999995,2.8173333333333326
2020-11-16T23:00:00Z,3.0957564999999994,2.3586666666666667
2020-11-17T00:00:00Z,1.336132163265306,1.368
2020-11-17T01:00:00Z,1.0098090000000002,1.0813333333333337
2020-11-17T02:00:00Z,1.0060354,1.0286666666666668
2020-11-17T03:00:00Z,1.13040255,0.9993333333333332
2020-11-17T04:00:00Z,1.1132332,0.992
2020-11-17T05:00:00Z,1.8182073999999997,1.339333333333333
2020-11-17T06:00:00Z,3.878041800000001,2.508
2020-11-17T07:00:00Z,5.735959450000001,3.6086666666666662
2020-11-17T08:00:00Z,9.2364213,5.739999999999999
2020-11-17T09:00:00Z,7.218928600000002,4.864000000000001
2020-11-17T10:00:00Z,6.304699799999998,4.197333333333334
2020-11-17T11:00:00Z,6.2174141,4.26
2020-11-17T12:00:00Z,7.185943346938778,4.613333333333332
2020-11-17T13:00:00Z,8.137580249999996,5.008
2020-11-17T14:00:00Z,10.286868050000002,6.570666666666666
2020-11-17T15:00:00Z,11.14716935,6.940666666666667
2020-11-17T16:00:00Z,9.442639000000003,6.343999999999999
2020-11-17T17:00:00Z,7.230432249999998,5.176666666666666
2020-11-17T18:00:00Z,4.410893199999999,3.457333333333334
2020-11-17T19:00:00Z,4.225308399999999,3.221333333333334
2020-11-17T20:00:00Z,3.0981017499999997,2.525333333333334
2020-11-17T21:00:00Z,3.2228955499999996,2.511333333333333
2020-11-17T22:00:00Z,3.177251949999999,2.4946666666666664
2020-11-17T23:00:00Z,2.5778881999999994,2.2039999999999997
2020-11-18T00:00:00Z,1.6146141734693875,1.4933333333333332
2020-11-18T01:00:00Z,1.36414315,1.3593333333333328
2020-11-18T02:00:00Z,1.3820094499999998,1.2413333333333334
2020-11-18T03:00:00Z,1.2535613,1.152
2020-11-18T04:00:00Z,1.2663396,1.0493333333333332
2020-11-18T05:00:00Z,1.7822654500000004,1.4366666666666663
2020-11-18T06:00:00Z,2.688083150000001,1.8186666666666669
2020-11-18T07:00:00Z,4.5245994,2.9279999999999995
2020-11-18T08:00:00Z,6.364579200000002,3.9886666666666666
2020-11-18T09:00:00Z,5.8397175500000005,3.826000000000001
2020-11-18T10:00:00Z,5.234515849999998,3.519333333333334
2020-11-18T11:00:00Z,4.9199343499999975,3.276666666666667
2020-11-18T12:00:00Z,4.71371724489796,3.113333333333333
2020-11-18T13:00:00Z,5.870303849999999,3.8206666666666664
2020-11-18T14:00:00Z,8.1988138,5.172666666666667
2020-11-18T15:00:00Z,11.897265100000002,8.063333333333333
2020-11-18T16:00:00Z,10.275960649999998,8.566666666666668
2020-11-18T17:00:00Z,9.5293735,7.137333333333333
2020-11-18T18:00:00Z,8.171198150000004,6.092
2020-11-18T19:00:00Z,8.750848550000002,6.2379999999999995
2020-11-18T20:00:00Z,6.471692200000001,5.060666666666667
2020-11-18T21:00:00Z,5.0320373,3.752
2020-11-18T22:00:00Z,3.3640292499999997,2.8593333333333333
2020-11-18T23:00:00Z,2.161438050000001,1.813333333333333
2020-11-19T00:00:00Z,2.0863947551020408,1.602
2020-11-19T01:00:00Z,2.6006199000000008,1.82
2020-11-19T02:00:00Z,2.55630395,1.81
2020-11-19T03:00:00Z,3.0826602000000003,1.9326666666666663
2020-11-19T04:00:00Z,3.1216841000000004,2.2980000000000005
2020-11-19T05:00:00Z,4.6049050000000005,2.878
2020-11-19T06:00:00Z,9.445805749999998,6.256666666666665
2020-11-19T07:00:00Z,7.891119649999999,5.318
2020-11-19T08:00:00Z,13.264368299999996,8.175333333333334
2020-11-19T09:00:00Z,17.9749977,13.15866666666667
2020-11-19T10:00:00Z,13.3334008,9.467333333333334
2020-11-19T11:00:00Z,7.790088399999999,5.969333333333333
2020-11-19T12:00:00Z,8.936436000000002,5.572666666666666
2020-11-19T13:00:00Z,9.042783150000002,6.341333333333333
2020-11-19T14:00:00Z,9.70610465,6.654666666666667
2020-11-19T15:00:00Z,14.016499250000004,9.171333333333331
2020-11-19T16:00:00Z,28.153048800000004,18.47733333333333
2020-11-19T17:00:00Z,36.08785635000002,24.643333333333334
2020-11-19T18:00:00Z,38.938795249999984,28.848666666666663
2020-11-19T19:00:00Z,38.393467650000005,27.874666666666663
2020-11-19T20:00:00Z,36.22150380000001,27.68666666666667
2020-11-19T21:00:00Z,31.5916888,21.4
2020-11-19T22:00:00Z,18.642850700000004,12.067333333333329
2020-11-19T23:00:00Z,11.449897400000005,8.330666666666666
2020-11-20T00:00:00Z,7.616122714285714,5.961999999999999
2020-11-20T01:00:00Z,5.680831500000001,4.8
2020-11-20T02:00:00Z,5.20695055,4.2139999999999995
2020-11-20T03:00:00Z,5.169476900000001,4.086666666666667
2020-11-20T04:00:00Z,4.584023,3.615333333333333
2020-11-20T05:00:00Z,6.068250899999999,4.1626666666666665
2020-11-20T06:00:00Z,6.708896350000002,4.465333333333334
2020-11-20T07:00:00Z,9.8232532,6.004
2020-11-20T08:00:00Z,12.908081100000002,7.924666666666667
2020-11-20T09:00:00Z,14.11056365,8.949333333333332
2020-11-20T10:00:00Z,11.52140765,7.204
2020-11-20T11:00:00Z,11.895571749999997,7.689333333333334
2020-11-20T12:00:00Z,10.338037224489796,6.9286666666666665
2020-11-20T13:00:00Z,9.25052195,6.033333333333333
2020-11-20T14:00:00Z,7.948335800000001,5.246
2020-11-20T15:00:00Z,9.193348199999996,5.800666666666667
2020-11-20T16:00:00Z,12.00908715,7.463333333333333
2020-11-20T17:00:00Z,13.673273900000003,8.1466666666666665
2020-11-20T18:00:00Z,12.9273784,8.078
2020-11-20T19:00:00Z,9.759926150000004,6.723333333333332
2020-11-20T20:00:00Z,9.694439350000003,6.743333333333331
2020-11-20T21:00:00Z,7.866845650000002,5.757333333333333
2020-11-20T22:00:00Z,8.299646300000001,5.978000000000001
2020-11-20T23:00:00Z,3.9009510500000006,3.3379999999999996
2020-11-21T00:00:00Z,3.639649530612246,3.184
2020-11-21T01:00:00Z,2.672024149999999,2.3680000000000003
2020-11-21T02:00:00Z,1.92037285,1.928
2020-11-21T03:00:00Z,2.0930389000000003,1.836666666666667
2020-11-21T04:00:00Z,1.94501785,1.6706666666666663
2020-11-21T05:00:00Z,2.6574782999999997,2.128
2020-11-21T06:00:00Z,2.6878738,2.1526666666666667
2020-11-21T07:00:00Z,3.5604605,2.586
2020-11-21T08:00:00Z,4.856291949999999,3.442
2020-11-21T09:00:00Z,4.5506091500000005,3.0946666666666673
2020-11-21T10:00:00Z,4.2309847,3.118
2020-11-21T11:00:00Z,3.9351784500000018,2.762666666666666
2020-11-21T12:00:00Z,4.410890387755102,2.8313333333333333
2020-11-21T13:00:00Z,6.576857449999998,3.9246666666666665
2020-11-21T14:00:00Z,8.030194299999998,5.0393333333333334
2020-11-21T15:00:00Z,7.84418285,5.000666666666667
2020-11-21T16:00:00Z,15.17082335,9.186
2020-11-21T17:00:00Z,18.003456049999997,11.831333333333331
2020-11-21T18:00:00Z,16.90776055,11.070666666666666
2020-11-21T19:00:00Z,20.12479165,13.496666666666668
2020-11-21T20:00:00Z,18.35372245,12.859333333333332
2020-11-21T21:00:00Z,15.458197299999997,10.772666666666668
2020-11-21T22:00:00Z,9.330586399999998,7.379333333333332
2020-11-21T23:00:00Z,7.225129600000002,5.5280000000000005
2020-11-22T00:00:00Z,6.151640234693878,4.923333333333333
2020-11-22T01:00:00Z,5.036478699999999,4.218000000000001
2020-11-22T02:00:00Z,6.130833300000002,4.766
2020-11-22T03:00:00Z,4.37282595,3.6106666666666665
2020-11-22T04:00:00Z,6.37660225,4.464666666666667
2020-11-22T05:00:00Z,6.129227399999997,4.415333333333334
2020-11-22T06:00:00Z,8.3037962,5.629333333333333
2020-11-22T07:00:00Z,8.571721800000002,5.785333333333333
2020-11-22T08:00:00Z,8.4167392,6.032000000000001
2020-11-22T09:00:00Z,7.986554100000001,5.585333333333335
2020-11-22T10:00:00Z,10.467950500000004,6.9126666666666665
2020-11-22T11:00:00Z,9.4130438,6.615333333333334
2020-11-22T12:00:00Z,6.610992857142859,4.663333333333332
2020-11-22T13:00:00Z,7.052317799999999,4.934
2020-11-22T14:00:00Z,6.2778579500000005,4.668666666666667
2020-11-22T15:00:00Z,10.209175350000004,6.4626666666666654
2020-11-22T16:00:00Z,22.30034095,14.413999999999998
2020-11-22T17:00:00Z,13.444321850000003,9.703333333333337
2020-11-22T18:00:00Z,25.721157049999995,16.706000000000003
2020-11-22T19:00:00Z,22.701150800000008,15.614
2020-11-22T20:00:00Z,21.72126824999999,14.978000000000002
2020-11-22T21:00:00Z,18.84367035,13.370000000000005
2020-11-22T22:00:00Z,14.010621549999996,10.045333333333334
2020-11-22T23:00:00Z,11.1132997,8.1593333333333309
2020-11-23T00:00:00Z,9.060498183673468,6.541333333333333
2020-11-23T01:00:00Z,10.41179965,7.710000000000002
2020-11-23T02:00:00Z,10.440329549999998,7.581333333333333
2020-11-23T03:00:00Z,10.35046275,7.492000000000001
2020-11-23T04:00:00Z,10.51397305,7.430666666666665
2020-11-23T05:00:00Z,15.6304314,10.768666666666668
2020-11-23T06:00:00Z,19.71379785,13.834666666666667
2020-11-23T07:00:00Z,21.56482549999999,15.883333333333333
2020-11-23T08:00:00Z,26.80875415,20.352666666666664
2020-11-23T09:00:00Z,15.308859200000008,9.979333333333331
2020-11-23T10:00:00Z,13.497056850000003,8.797333333333333
2020-11-23T11:00:00Z,9.375204450000002,6.562666666666666
2020-11-23T12:00:00Z,7.453806428571428,5.394
2020-11-23T13:00:00Z,7.276923850000001,5.078666666666666
2020-11-23T14:00:00Z,7.93331295,5.502666666666667
2020-11-23T15:00:00Z,8.777507550000003,5.8326666666666656
2020-11-23T16:00:00Z,11.7865905,7.7286666666666655
2020-11-23T17:00:00Z,12.3462228,8.119333333333334
2020-11-23T18:00:00Z,10.52003095,7.116666666666666
2020-11-23T19:00:00Z,6.663032800000004,4.884666666666667
2020-11-23T20:00:00Z,5.313904549999999,3.887999999999999
2020-11-23T21:00:00Z,3.8469440500000007,3.0413333333333337
2020-11-23T22:00:00Z,2.9679761499999997,2.306
2020-11-23T23:00:00Z,2.4816852499999995,1.972
2020-11-24T00:00:00Z,2.02363518367347,1.844
2020-11-24T01:00:00Z,2.0067655,1.6400000000000003
2020-11-24T02:00:00Z,1.86529525,1.558
2020-11-24T03:00:00Z,1.222543050000001,1.2459999999999998
2020-11-24T04:00:00Z,1.3024485000000003,1.132
2020-11-24T05:00:00Z,2.33742985,1.7293333333333334
2020-11-24T06:00:00Z,3.5850366000000005,2.504666666666666
2020-11-24T07:00:00Z,6.65592285,4.285333333333335
2020-11-24T08:00:00Z,9.033232550000005,5.905333333333334
2020-11-24T09:00:00Z,9.161990749999998,6.126666666666666
2020-11-24T10:00:00Z,8.26934355,5.727333333333333
2020-11-24T11:00:00Z,6.86187025,4.95
2020-11-24T12:00:00Z,7.465468591836732,5.202
2020-11-24T13:00:00Z,8.561246350000001,5.973999999999999
2020-11-24T14:00:00Z,9.034573450000002,6.250666666666666
2020-11-24T15:00:00Z,10.229832100000005,7.090000000000001
2020-11-24T16:00:00Z,10.307808349999998,7.091333333333333
2020-11-24T17:00:00Z,8.863009800000002,6.127333333333334
2020-11-24T18:00:00Z,7.216864249999998,5.0326666666666675
2020-11-24T19:00:00Z,6.383052349999998,4.66
2020-11-24T20:00:00Z,6.171410100000001,4.484
2020-11-24T21:00:00Z,5.5009786499999995,4.026
2020-11-24T22:00:00Z,4.2320659,3.201333333333334
2020-11-24T23:00:00Z,3.5470621,2.7513333333333336
2020-11-25T00:00:00Z,3.036731265306122,2.3813333333333335
2020-11-25T01:00:00Z,2.689540649999999,2.1293333333333333
2020-11-25T02:00:00Z,3.3854889499999996,2.3926666666666665
2020-11-25T03:00:00Z,4.5245782,3.0933333333333333
2020-11-25T04:00:00Z,4.115953500000001,2.9033333333333333
2020-11-25T05:00:00Z,3.87347585,2.8093333333333335
2020-11-25T06:00:00Z,7.792271999999998,5.6706666666666665
2020-11-25T07:00:00Z,13.632808399999998,8.783333333333331
2020-11-25T08:00:00Z,26.948774850000003,17.334666666666667
2020-11-25T09:00:00Z,30.45836065000001,20.192666666666664
2020-11-25T10:00:00Z,22.69101454999999,14.724
2020-11-25T11:00:00Z,21.249825300000005,14.430666666666664
2020-11-25T12:00:00Z,24.33213991836735,16.21066666666667
2020-11-25T13:00:00Z,23.213379900000007,15.568
2020-11-25T14:00:00Z,20.8893988,15.024
2020-11-25T15:00:00Z,25.408435849999993,17.43466666666667
2020-11-25T16:00:00Z,32.67625695,22.594
2020-11-25T17:00:00Z,36.732513899999994,27.267333333333333
2020-11-25T18:00:00Z,35.07160255000001,27.486666666666668
2020-11-25T19:00:00Z,32.42004435,24.85133333333334
2020-11-25T20:00:00Z,28.178555049999993,20.24533333333334
2020-11-25T21:00:00Z,23.143406650000006,16.005333333333333
2020-11-25T22:00:00Z,20.869658950000005,14.629999999999995
2020-11-25T23:00:00Z,21.372035349999997,15.011333333333337
2020-11-26T00:00:00Z,23.06246326530612,16.310666666666666
2020-11-26T01:00:00Z,17.1729328,12.136
2020-11-26T02:00:00Z,13.776968399999998,9.84
2020-11-26T03:00:00Z,14.348994750000005,9.818666666666664
2020-11-26T04:00:00Z,13.452086350000002,9.040666666666668
2020-11-26T05:00:00Z,15.677643800000004,10.38466666666667
2020-11-26T06:00:00Z,15.766776550000005,10.242
2020-11-26T07:00:00Z,18.970846500000007,11.958666666666668
2020-11-26T08:00:00Z,23.757106900000007,16.495333333333335
2020-11-26T09:00:00Z,22.814125600000004,16.224666666666668
2020-11-26T10:00:00Z,22.265745200000005,15.67333333333333
2020-11-26T11:00:00Z,20.545571899999995,14.914666666666667
2020-11-26T12:00:00Z,18.12525042857143,11.966
2020-11-26T13:00:00Z,19.04813375,12.742
2020-11-26T14:00:00Z,21.9600889,8.248
2020-11-26T15:00:00Z,25.21123875,15.256666666666668
2020-11-26T16:00:00Z,29.0810099,19.006666666666664
2020-11-26T17:00:00Z,29.897443099999997,20.555999999999997
2020-11-26T18:00:00Z,30.144865650000018,22.294
2020-11-26T19:00:00Z,31.97616404999999,28.268125
2020-11-26T20:00:00Z,28.103575950000007,22.480000000000004
2020-11-26T21:00:00Z,26.412634800000003,21.615333333333336
2020-11-26T22:00:00Z,26.891646149999985,25.20785714285714
2020-11-26T23:00:00Z,28.867205250000005,30.669333333333334
2020-11-27T00:00:00Z,25.25887304081633,25.20333333333333
2020-11-27T01:00:00Z,19.84517690000001,16.601333333333333
2020-11-27T02:00:00Z,17.814447450000007,12.927333333333332
2020-11-27T03:00:00Z,18.519249399999996,11.543333333333331
2020-11-27T04:00:00Z,17.791471950000002,11.172666666666666
2020-11-27T05:00:00Z,18.80443710000001,11.8
2020-11-27T06:00:00Z,21.70490185,14.974000000000002
2020-11-27T07:00:00Z,26.034153850000006,21.322000000000003
2020-11-27T08:00:00Z,29.993002100000002,25.746
2020-11-27T09:00:00Z,33.14194675,28.266
2020-11-27T10:00:00Z,33.59239375,27.11666666666667
2020-11-27T11:00:00Z,32.529963699999996,27.147333333333332
2020-11-27T12:00:00Z,30.883439632653065,22.80866666666667
2020-11-27T13:00:00Z,30.07271939999999,21.168666666666663
2020-11-27T14:00:00Z,28.72729585,19.971333333333337
2020-11-27T15:00:00Z,30.28215685,20.66933333333333
2020-11-27T16:00:00Z,33.85705455000001,24.537333333333333
2020-11-27T17:00:00Z,42.15641994999999,38.04666666666667
2020-11-27T18:00:00Z,29.901404850000016,21.531333333333333
2020-11-27T19:00:00Z,28.455548950000004,18.464
2020-11-27T20:00:00Z,27.81787945000001,18.588666666666665
2020-11-27T21:00:00Z,27.471548299999984,18.481333333333332
2020-11-27T22:00:00Z,23.31354194999999,14.754
2020-11-27T23:00:00Z,16.98602035,11.565333333333331
2020-11-28T00:00:00Z,16.67864571428571,10.209333333333332
2020-11-28T01:00:00Z,15.950856149999996,9.91
2020-11-28T02:00:00Z,22.640365100000004,13.370666666666668
2020-11-28T03:00:00Z,18.184512,12.042000000000002
2020-11-28T04:00:00Z,5.69821285,4.402666666666666
2020-11-28T05:00:00Z,11.87655005,7.496666666666668
2020-11-28T06:00:00Z,15.9568266,9.916
2020-11-28T07:00:00Z,12.47881555,9.140666666666668
2020-11-28T08:00:00Z,8.6194059,6.074666666666666
2020-11-28T09:00:00Z,12.25304615,8.006666666666668
2020-11-28T10:00:00Z,11.400143650000002,7.179999999999999
2020-11-28T11:00:00Z,11.163334350000005,6.992666666666665
2020-11-28T12:00:00Z,13.71611553061224,8.234
2020-11-28T13:00:00Z,15.501967349999996,9.387333333333334
2020-11-28T14:00:00Z,17.764221999999997,10.688666666666666
2020-11-28T15:00:00Z,21.357205950000015,12.773999999999996
2020-11-28T16:00:00Z,23.442424699999997,14.775333333333332
2020-11-28T17:00:00Z,23.092677699999992,14.390000000000002
2020-11-28T18:00:00Z,22.8744502,14.547333333333334
2020-11-28T19:00:00Z,22.833568649999982,14.572666666666668
2020-11-28T20:00:00Z,22.84259189999999,14.803333333333333
2020-11-28T21:00:00Z,22.075006149999993,14.34666666666667
2020-11-28T22:00:00Z,17.653587150000003,11.13
2020-11-28T23:00:00Z,17.423288899999996,10.746666666666666
2020-11-29T00:00:00Z,16.408650734693882,10.059333333333331
2020-11-29T01:00:00Z,16.832050050000007,10.008666666666668
2020-11-29T02:00:00Z,18.05424595,10.841333333333331
2020-11-29T03:00:00Z,16.455445300000004,9.96
2020-11-29T04:00:00Z,13.84041205,8.682666666666666
2020-11-29T05:00:00Z,10.88589525,7.028666666666666
2020-11-29T06:00:00Z,10.306827849999992,6.481999999999999
2020-11-29T07:00:00Z,11.989061100000002,7.292666666666666
2020-11-29T08:00:00Z,12.8476505,7.863333333333333
2020-11-29T09:00:00Z,12.197976500000005,7.464666666666665
2020-11-29T10:00:00Z,12.377111200000002,7.764666666666668
2020-11-29T11:00:00Z,12.434398899999998,7.882666666666667
2020-11-29T12:00:00Z,12.362986591836734,7.911999999999998
2020-11-29T13:00:00Z,11.4283847,7.2393333333333345
2020-11-29T14:00:00Z,11.9278938,7.452666666666667
2020-11-29T15:00:00Z,13.235758900000002,8.141333333333334
2020-11-29T16:00:00Z,12.3998694,7.864666666666667
2020-11-29T17:00:00Z,15.590252100000002,9.477333333333332
2020-11-29T18:00:00Z,16.737736549999997,10.553333333333336
2020-11-29T19:00:00Z,16.284067150000002,10.427333333333335
2020-11-29T20:00:00Z,16.169510299999995,10.576666666666664
2020-11-29T21:00:00Z,15.664258650000004,11.058
2020-11-29T22:00:00Z,14.357519799999997,9.59
2020-11-29T23:00:00Z,12.29067615,8.582666666666666
2020-11-30T00:00:00Z,12.509321755102045,7.592666666666665
2020-11-30T01:00:00Z,11.15370425,6.528666666666665
2020-11-30T02:00:00Z,9.667666399999998,5.846666666666667
2020-11-30T03:00:00Z,7.474285249999999,4.965999999999999
2020-11-30T04:00:00Z,7.720496749999999,4.803333333333334
2020-11-30T05:00:00Z,8.042567149999998,5.244666666666666
2020-11-30T06:00:00Z,11.058667299999998,7.378749999999999
2020-11-30T07:00:00Z,18.206928349999995,11.059333333333337
2020-11-30T08:00:00Z,19.9116654,12.503333333333332
2020-11-30T09:00:00Z,18.6147024,11.702666666666666
2020-11-30T10:00:00Z,15.088914500000003,9.925333333333334
2020-11-30T11:00:00Z,10.42997865,7.360666666666668
2020-11-30T12:00:00Z,8.857354591836733,6.268666666666666
2020-11-30T13:00:00Z,9.977878050000005,6.727333333333335
2020-11-30T14:00:00Z,9.304783350000005,6.511333333333334
2020-11-30T15:00:00Z,7.659811749999999,5.5200000000000005
2020-11-30T16:00:00Z,7.627184950000001,5.581999999999999
2020-11-30T17:00:00Z,7.999411900000001,5.992
2020-11-30T18:00:00Z,9.198430899999996,6.619333333333332
2020-11-30T19:00:00Z,9.040276249999998,6.424
2020-11-30T20:00:00Z,11.028139299999998,7.728666666666667
2020-11-30T21:00:00Z,10.536527199999998,7.5186666666666655
2020-11-30T22:00:00Z,10.944020349999995,7.824666666666667
2020-11-30T23:00:00Z,14.278412000000005,9.985333333333331
2020-12-01T00:00:00Z,20.148924551020414,13.638666666666666
2020-12-01T01:00:00Z,22.486946000000007,16.198666666666664
2020-12-01T02:00:00Z,20.4213982,14.803333333333336
2020-12-01T03:00:00Z,15.124125050000002,10.836666666666666
2020-12-01T04:00:00Z,16.023959049999995,11.728
2020-12-01T05:00:00Z,19.301060350000007,14.525333333333332
2020-12-01T06:00:00Z,16.767146250000003,14.002000000000002
2020-12-01T07:00:00Z,19.43882325,16.717333333333336
2020-12-01T08:00:00Z,24.7550121,24.811333333333337
2020-12-01T09:00:00Z,29.776282449999993,29.46
2020-12-01T10:00:00Z,31.74216640000001,31.661333333333335
2020-12-01T11:00:00Z,29.119384550000007,23.85125
2020-12-01T12:00:00Z,57.4951454931818,19.161333333333328
2020-12-01T13:00:00Z,44.86292252727272,22.82866666666667
2020-12-01T14:00:00Z,34.00708165,26.43466666666667
2020-12-01T15:00:00Z,35.309344649999986,26.456000000000003
2020-12-01T16:00:00Z,36.78423129999999,29.752666666666663
2020-12-01T17:00:00Z,34.30191005,26.69666666666667
2020-12-01T18:00:00Z,33.71428050000001,27.12066666666667
2020-12-01T19:00:00Z,31.06357560000001,24.156
2020-12-01T20:00:00Z,30.349840499999992,23.121333333333332
2020-12-01T21:00:00Z,29.99962709999999,23.505999999999993
2020-12-01T22:00:00Z,27.84232835,20.19
2020-12-01T23:00:00Z,25.255284400000004,16.78466666666667
2020-12-02T00:00:00Z,30.591350588235283,15.482666666666669
2020-12-02T01:00:00Z,21.648427700000006,14.11133333333333
2020-12-02T02:00:00Z,13.171878,9.12
2020-12-02T03:00:00Z,9.76252845,6.659333333333333
2020-12-02T04:00:00Z,7.484402950000002,5.255999999999999
2020-12-02T05:00:00Z,6.99409995,4.802666666666667
2020-12-02T06:00:00Z,8.802902499999998,5.293333333333333
2020-12-02T07:00:00Z,18.41932055,11.066
2020-12-02T08:00:00Z,23.227851550000008,14.212666666666667
2020-12-02T09:00:00Z,23.66877445,14.803999999999997
2020-12-02T10:00:00Z,22.285249200000003,14.103333333333332
2020-12-02T11:00:00Z,12.792307900000004,9.036
2020-12-02T12:00:00Z,13.732798823529416,9.620666666666663
2020-12-02T13:00:00Z,10.27449255,7.496
2020-12-02T14:00:00Z,12.11513485,8.572666666666667
2020-12-02T15:00:00Z,22.8148199,15.105333333333332
2020-12-02T16:00:00Z,25.3109503,17.777333333333335
2020-12-02T17:00:00Z,20.659490100000003,14.93866666666667
2020-12-02T18:00:00Z,18.55607645,12.928666666666665
2020-12-02T19:00:00Z,23.943820600000013,16.332666666666668
2020-12-02T20:00:00Z,20.82904505,15.009333333333332
2020-12-02T21:00:00Z,18.0703076,13.21733333333333
2020-12-02T22:00:00Z,10.790476700000005,8.322666666666668
2020-12-02T23:00:00Z,5.954096849999997,5.008666666666668
2020-12-03T00:00:00Z,42.5999970588235,2.8753333333333333
2020-12-03T01:00:00Z,-1.0685409499999996,2.2939999999999996
2020-12-03T02:00:00Z,-1.8472222499999995,1.5633333333333332
2020-12-03T03:00:00Z,-1.72459085,1.5726666666666669
2020-12-03T04:00:00Z,0.8479363999999997,1.5606666666666666
2020-12-03T05:00:00Z,2.55269465,1.8914285714285712
2020-12-03T06:00:00Z,4.428603150000001,3.0533333333333337
2020-12-03T07:00:00Z,8.072599599999998,5.187333333333333
2020-12-03T08:00:00Z,12.4258341,8.32
2020-12-03T09:00:00Z,13.351945500000005,9.207999999999997
2020-12-03T10:00:00Z,11.75351585,8.133999999999997
2020-12-03T11:00:00Z,13.308292050000004,9.057333333333332
2020-12-03T12:00:00Z,16.47071335294118,11.788666666666666
2020-12-03T13:00:00Z,19.5663492,13.439333333333334
2020-12-03T14:00:00Z,23.195487100000005,16.034666666666663
2020-12-03T15:00:00Z,27.140640150000003,19.204666666666665
2020-12-03T16:00:00Z,26.43034740000001,19.065333333333335
2020-12-03T17:00:00Z,27.52169133050847,19.474666666666668
2020-12-03T18:00:00Z,28.108194899999994,19.97
2020-12-03T19:00:00Z,20.17354105,14.837333333333332
2020-12-03T20:00:00Z,18.70060745,13.374000000000002
2020-12-03T21:00:00Z,19.5556644,13.583333333333334
2020-12-03T22:00:00Z,13.105893,9.552666666666669
2020-12-03T23:00:00Z,7.7442540000000015,6.045333333333333
2020-12-04T00:00:00Z,6.1047354375,4.7173333333333325
2020-12-04T01:00:00Z,5.315348799999998,4.147333333333333
2020-12-04T02:00:00Z,3.3936800999999996,2.7693333333333334
2020-12-04T03:00:00Z,3.948113100000001,3.0426666666666664
2020-12-04T04:00:00Z,4.398106949999999,3.340666666666666
2020-12-04T05:00:00Z,5.365635199999999,3.9073333333333338
2020-12-04T06:00:00Z,8.38881085,5.798666666666665
2020-12-04T07:00:00Z,11.324353650000004,8.136000000000001
2020-12-04T08:00:00Z,16.505366,11.256000000000002
2020-12-04T09:00:00Z,17.105702300000004,12.177333333333332
2020-12-04T10:00:00Z,13.7168611,9.918
2020-12-04T11:00:00Z,13.505982049999998,9.787333333333336
2020-12-04T12:00:00Z,14.634609857142859,9.786666666666664
2020-12-04T13:00:00Z,16.26725555,13.952666666666666
2020-12-04T14:00:00Z,17.72763345,12.363333333333332
2020-12-04T15:00:00Z,22.381635,15.475333333333332
2020-12-04T16:00:00Z,30.76037850000001,21.64
2020-12-04T17:00:00Z,31.4048426,22.872666666666667
2020-12-04T18:00:00Z,29.785621049999992,22.262666666666668
2020-12-04T19:00:00Z,27.58714394999999,21.361333333333334
2020-12-04T20:00:00Z,24.1510082,17.904666666666667
2020-12-04T21:00:00Z,22.257720999999993,15.684666666666669
2020-12-04T22:00:00Z,15.103463,11.079333333333333
2020-12-04T23:00:00Z,13.775741450000002,9.782666666666668
2020-12-05T00:00:00Z,5.444146749999999,7.196666666666667
2020-12-05T01:00:00Z,4.894624199999998,6.064666666666667
2020-12-05T02:00:00Z,3.774885249999999,5.521333333333333
2020-12-05T03:00:00Z,2.2695633500000003,4.364666666666667
2020-12-05T04:00:00Z,4.1256260000000005,3.9293333333333336
2020-12-05T05:00:00Z,6.843357349999997,4.947333333333334
2020-12-05T06:00:00Z,6.854895449999999,4.963333333333335
2020-12-05T07:00:00Z,8.7113715,6.122
2020-12-05T08:00:00Z,10.1178802,7.057333333333332
2020-12-05T09:00:00Z,11.5413913,8.048666666666668
2020-12-05T10:00:00Z,11.11059405,7.608666666666667
2020-12-05T11:00:00Z,10.97705525,7.388666666666667
2020-12-05T12:00:00Z,13.342549897959186,8.552000000000001
2020-12-05T13:00:00Z,13.091988449999995,8.954
2020-12-05T14:00:00Z,16.6467435,11.110666666666669
2020-12-05T15:00:00Z,21.079939099999994,14.428
2020-12-05T16:00:00Z,25.7281928,17.71066666666667
2020-12-05T17:00:00Z,31.940150549999988,23.130666666666663
2020-12-05T18:00:00Z,25.839264900000003,18.67133333333333
2020-12-05T19:00:00Z,23.91677470000001,17.242
2020-12-05T20:00:00Z,29.153066049999996,22.436666666666664
2020-12-05T21:00:00Z,32.29179495,24.38266666666667
2020-12-05T22:00:00Z,31.58129020000001,27.477333333333338
2020-12-05T23:00:00Z,30.40528909999999,28.216
2020-12-06T00:00:00Z,28.426059749999997,26.460000000000004
2020-12-06T01:00:00Z,25.881190549999996,25.44
2020-12-06T02:00:00Z,21.1095184,19.680666666666664
2020-12-06T03:00:00Z,20.81161335000001,17.218
2020-12-06T04:00:00Z,19.016728599999997,14.228000000000002
2020-12-06T05:00:00Z,19.49070494999999,13.136666666666663
2020-12-06T06:00:00Z,18.938569499999996,12.988000000000005
2020-12-06T07:00:00Z,19.994615700000004,14.092666666666668
2020-12-06T08:00:00Z,20.020495599999997,14.274
2020-12-06T09:00:00Z,19.827920100000004,13.994666666666664
2020-12-06T10:00:00Z,21.313536070000005,15.288666666666666
2020-12-06T11:00:00Z,23.27294395,16.042666666666666
2020-12-06T12:00:00Z,23.56158697959183,16.596666666666668
2020-12-06T13:00:00Z,22.481479049999994,14.92
2020-12-06T14:00:00Z,23.181754800000004,16.687333333333335
2020-12-06T15:00:00Z,25.25053029999999,18.582
2020-12-06T16:00:00Z,23.92960865,18.745333333333335
2020-12-06T17:00:00Z,24.56357875,18.77866666666667
2020-12-06T18:00:00Z,25.01703615,19.40466666666667
2020-12-06T19:00:00Z,24.86052184999999,20.012666666666668
2020-12-06T20:00:00Z,25.258970550000004,20.770666666666667
2020-12-06T21:00:00Z,26.476926449999993,22.673333333333336
2020-12-06T22:00:00Z,24.099531949999992,18.806
2020-12-06T23:00:00Z,21.010032099999997,15.829333333333333
2020-12-07T00:00:00Z,16.214299937500005,14.334
2020-12-07T01:00:00Z,14.974590849999997,13.26
2020-12-07T02:00:00Z,13.5355799,12.249333333333334
2020-12-07T03:00:00Z,13.561865250000004,13.216666666666669
2020-12-07T04:00:00Z,14.763566049999998,13.472
2020-12-07T05:00:00Z,14.45523855,11.734666666666666
2020-12-07T06:00:00Z,16.11207419999999,11.364666666666666
2020-12-07T07:00:00Z,17.806918800000002,13.391333333333332
2020-12-07T08:00:00Z,21.4928621,19.850666666666665
2020-12-07T09:00:00Z,22.40702607692308,20.082
2020-12-07T10:00:00Z,NA,16.075333333333337
2020-12-07T11:00:00Z,NA,13.017333333333331
2020-12-07T12:00:00Z,NA,11.604666666666668
2020-12-07T13:00:00Z,NA,15.445333333333332
2020-12-07T14:00:00Z,NA,18.751333333333335
2020-12-07T15:00:00Z,NA,19.049333333333333
2020-12-07T16:00:00Z,NA,20.92866666666667
2020-12-07T17:00:00Z,NA,24.330666666666666
2020-12-07T18:00:00Z,NA,29.82066666666667
2020-12-07T19:00:00Z,NA,32.86333333333333
2020-12-07T20:00:00Z,NA,23.278
2020-12-07T21:00:00Z,NA,18.515333333333334
2020-12-07T22:00:00Z,NA,16.919333333333334
2020-12-07T23:00:00Z,NA,16.498
2020-12-08T00:00:00Z,18.62488237500001,13.8
2020-12-08T01:00:00Z,14.038748650000006,9.769333333333334
2020-12-08T02:00:00Z,11.149832600000002,7.446
2020-12-08T03:00:00Z,8.981366750000001,6.217333333333334
2020-12-08T04:00:00Z,5.01795785,3.717999999999999
2020-12-08T05:00:00Z,5.597952749999999,3.904666666666666
2020-12-08T06:00:00Z,8.900430450000004,5.8326666666666664
2020-12-08T07:00:00Z,16.035574,10.122666666666667
2020-12-08T08:00:00Z,21.7239686,14.321333333333332
2020-12-08T09:00:00Z,17.517528199999997,11.85
2020-12-08T10:00:00Z,12.651672400000002,8.850666666666667
2020-12-08T11:00:00Z,13.15638875,8.776000000000002
2020-12-08T12:00:00Z,12.364800489795918,8.362666666666668
2020-12-08T13:00:00Z,13.225757799999997,8.706666666666667
2020-12-08T14:00:00Z,11.51034655,7.572000000000001
2020-12-08T15:00:00Z,13.460293400000005,8.759333333333332
2020-12-08T16:00:00Z,21.774904249999995,13.820666666666666
2020-12-08T17:00:00Z,24.327643949999995,15.794666666666668
2020-12-08T18:00:00Z,20.3151597,13.376666666666669
2020-12-08T19:00:00Z,16.045869249999996,10.77
2020-12-08T20:00:00Z,14.574544199999998,10.044666666666668
2020-12-08T21:00:00Z,10.497021000000004,7.593333333333333
2020-12-08T22:00:00Z,12.051577249999996,8.057333333333332
2020-12-08T23:00:00Z,12.462671749999998,8.808666666666666
2020-12-09T00:00:00Z,5.688032874999998,4.323333333333333
2020-12-09T01:00:00Z,4.9085579,3.3266666666666667
2020-12-09T02:00:00Z,4.2320235,2.995333333333334
2020-12-09T03:00:00Z,3.3406960000000003,2.3646666666666665
2020-12-09T04:00:00Z,3.8579548,2.712666666666667
2020-12-09T05:00:00Z,4.462369449999999,3.131333333333333
2020-12-09T06:00:00Z,8.487957949999998,5.4093333333333335
2020-12-09T07:00:00Z,17.50835125,11.518666666666666
2020-12-09T08:00:00Z,28.3553127,19.397333333333336
2020-12-09T09:00:00Z,30.90149100000001,23.040000000000003
2020-12-09T10:00:00Z,24.22285499999999,17.074
2020-12-09T11:00:00Z,20.35293280000001,14.545333333333332
2020-12-09T12:00:00Z,21.275280551020412,14.594666666666663
2020-12-09T13:00:00Z,22.41337405,15.66
2020-12-09T14:00:00Z,21.428334599999996,15.262666666666668
2020-12-09T15:00:00Z,22.0445815,15.388000000000002
2020-12-09T16:00:00Z,23.370111499999997,16.277333333333335
2020-12-09T17:00:00Z,25.1180197,17.663999999999998
2020-12-09T18:00:00Z,16.9234406,12.09
2020-12-09T19:00:00Z,18.08407435,12.557333333333332
2020-12-09T20:00:00Z,19.686717499999993,13.405333333333331
2020-12-09T21:00:00Z,18.44536740000001,12.800666666666668
2020-12-09T22:00:00Z,13.587066750000002,9.616666666666664
2020-12-09T23:00:00Z,11.742218900000005,8.232000000000001
2020-12-10T00:00:00Z,9.69760875,6.796
2020-12-10T01:00:00Z,9.31045965,6.482666666666666
2020-12-10T02:00:00Z,8.664662600000002,6.138666666666667
2020-12-10T03:00:00Z,8.2899579,5.835999999999999
2020-12-10T04:00:00Z,7.349555050000001,5.205333333333333
2020-12-10T05:00:00Z,9.00556125,6.216666666666666
2020-12-10T06:00:00Z,11.43767825,7.621999999999999
2020-12-10T07:00:00Z,15.0063935,10.072666666666668
2020-12-10T08:00:00Z,21.18533489999999,14.57066666666667
2020-12-10T09:00:00Z,13.2237809,9.321333333333332
2020-12-10T10:00:00Z,9.933949,6.816
2020-12-10T11:00:00Z,7.8063885499999985,5.509333333333333
2020-12-10T12:00:00Z,7.887934836734693,5.601333333333334
2020-12-10T13:00:00Z,9.8071624,7.176666666666668
2020-12-10T14:00:00Z,10.972417750000002,7.582666666666667
2020-12-10T15:00:00Z,11.356288799999998,8.086666666666666
2020-12-10T16:00:00Z,13.199082899999995,9.252
2020-12-10T17:00:00Z,11.267921899999996,7.846666666666666
2020-12-10T18:00:00Z,9.472165300000002,6.865333333333334
2020-12-10T19:00:00Z,8.833502049999996,6.340666666666667
2020-12-10T20:00:00Z,7.729641899999999,5.591333333333334
2020-12-10T21:00:00Z,7.03965345,5.024666666666667
2020-12-10T22:00:00Z,7.120995200000001,4.974
2020-12-10T23:00:00Z,6.6248356999999976,4.666666666666666
2020-12-11T00:00:00Z,6.1852258749999995,3.9573333333333327
2020-12-11T01:00:00Z,4.013138800000001,2.6626666666666665
2020-12-11T02:00:00Z,4.073129499999999,2.683333333333333
2020-12-11T03:00:00Z,3.544051699999998,2.252
2020-12-11T04:00:00Z,3.3149221,2.3613333333333335
2020-12-11T05:00:00Z,6.832402250000001,4.534666666666667
2020-12-11T06:00:00Z,12.59504455,8.390666666666666
2020-12-11T07:00:00Z,20.817970699999996,13.941333333333336
2020-12-11T08:00:00Z,27.813114750000008,19.65266666666667
2020-12-11T09:00:00Z,17.33957275,12.137333333333332
2020-12-11T10:00:00Z,17.178084400000003,11.698666666666666
2020-12-11T11:00:00Z,16.448685150000006,10.974666666666666
2020-12-11T12:00:00Z,16.07228298979592,10.592000000000002
2020-12-11T13:00:00Z,16.839326949999997,11.712666666666664
2020-12-11T14:00:00Z,14.589786999999998,10.365999999999998
2020-12-11T15:00:00Z,20.4077507,13.744
2020-12-11T16:00:00Z,28.767848799999992,19.77933333333333
2020-12-11T17:00:00Z,29.6546872,20.621333333333336
2020-12-11T18:00:00Z,31.20146835000001,22.686666666666667
2020-12-11T19:00:00Z,29.99901760000001,21.944000000000003
2020-12-11T20:00:00Z,30.179959599999993,22.601333333333333
2020-12-11T21:00:00Z,28.139173399999997,21.39266666666667
2020-12-11T22:00:00Z,29.002993899999993,22.25333333333333
2020-12-11T23:00:00Z,29.49650075000001,21.543333333333337
2020-12-12T00:00:00Z,27.550844250000008,18.214666666666663
2020-12-12T01:00:00Z,23.48672740000001,15.718
2020-12-12T02:00:00Z,14.929604450000005,10.506
2020-12-12T03:00:00Z,11.9596461,8.318
2020-12-12T04:00:00Z,8.262077249999999,5.986666666666666
2020-12-12T05:00:00Z,6.470685200000001,4.6213333333333315
2020-12-12T06:00:00Z,7.222993700000001,5.118
2020-12-12T07:00:00Z,6.292435599999999,4.388000000000001
2020-12-12T08:00:00Z,7.08786225,4.8340000000000005
2020-12-12T09:00:00Z,7.3274249,5.124
2020-12-12T10:00:00Z,8.121937300000003,5.486000000000001
2020-12-12T11:00:00Z,9.241822,6.2173333333333325
2020-12-12T12:00:00Z,8.0352953877551,5.6626666666666665
2020-12-12T13:00:00Z,6.6751857,4.844666666666668
2020-12-12T14:00:00Z,6.764429750000001,4.8740000000000006
2020-12-12T15:00:00Z,7.8462737,5.622
2020-12-12T16:00:00Z,8.1591009,5.754
2020-12-12T17:00:00Z,15.812844150000002,10.855333333333334
2020-12-12T18:00:00Z,27.253490399999993,19.314
2020-12-12T19:00:00Z,29.911347650000003,22.224
2020-12-12T20:00:00Z,29.81858705,22.766
2020-12-12T21:00:00Z,26.5331462,18.883333333333336
2020-12-12T22:00:00Z,22.587539999999997,16.639333333333333
2020-12-12T23:00:00Z,18.018099950000003,12.984666666666667
2020-12-13T00:00:00Z,10.701538062499996,10.270666666666669
2020-12-13T01:00:00Z,7.071244100000001,8.118666666666666
2020-12-13T02:00:00Z,1.1954229500000004,4.040666666666667
2020-12-13T03:00:00Z,2.81916805,4.993333333333333
2020-12-13T04:00:00Z,3.8641134,3.9326666666666665
2020-12-13T05:00:00Z,5.2564711000000015,3.92
2020-12-13T06:00:00Z,6.269987449999999,4.61
2020-12-13T07:00:00Z,5.945770550000002,4.4846666666666675
2020-12-13T08:00:00Z,5.246430249999999,3.826000000000001
2020-12-13T09:00:00Z,6.1620609,4.445333333333333
2020-12-13T10:00:00Z,4.21931145,3.114
2020-12-13T11:00:00Z,4.774791199999999,3.520666666666666
2020-12-13T12:00:00Z,4.352579571428571,3.3033333333333337
2020-12-13T13:00:00Z,4.590507550000001,3.3613333333333335
2020-12-13T14:00:00Z,4.8878879,3.505333333333333
2020-12-13T15:00:00Z,5.017319199999999,3.5439999999999996
2020-12-13T16:00:00Z,5.615535499999999,3.988666666666666
2020-12-13T17:00:00Z,6.827179099999998,4.67
2020-12-13T18:00:00Z,9.509903949999998,6.400666666666667
2020-12-13T19:00:00Z,10.286785899999996,7.192000000000001
2020-12-13T20:00:00Z,7.065726800000001,5.168000000000001
2020-12-13T21:00:00Z,4.794560200000001,3.691333333333334
2020-12-13T22:00:00Z,2.96418135,2.4546666666666668
2020-12-13T23:00:00Z,2.5514438499999996,2.1399999999999997
2020-12-14T00:00:00Z,1.9906998749999996,1.6993333333333334
2020-12-14T01:00:00Z,1.52605285,1.4259999999999995
2020-12-14T02:00:00Z,1.2311793999999998,1.1813333333333336
2020-12-14T03:00:00Z,1.4143209,1.25
2020-12-14T04:00:00Z,1.4524040500000004,1.2293333333333334
2020-12-14T05:00:00Z,1.6182092499999998,1.2920000000000005
2020-12-14T06:00:00Z,3.6017474999999997,2.6740000000000004
2020-12-14T07:00:00Z,6.534743649999999,4.46
2020-12-14T08:00:00Z,9.403787349999998,6.442666666666666
2020-12-14T09:00:00Z,9.6915694,6.852666666666668
2020-12-14T10:00:00Z,8.2409382,5.8740000000000006
2020-12-14T11:00:00Z,7.100887000000001,5.096666666666668
2020-12-14T12:00:00Z,5.085624734693877,3.722
2020-12-14T13:00:00Z,5.7922427999999995,4.175333333333334
2020-12-14T14:00:00Z,6.20358905,4.434
2020-12-14T15:00:00Z,7.810912099999999,5.604
2020-12-14T16:00:00Z,11.9741045,8.280000000000001
2020-12-14T17:00:00Z,13.26381975,9.417333333333334
2020-12-14T18:00:00Z,11.217598400000002,8.205333333333334
2020-12-14T19:00:00Z,10.773068850000003,7.747333333333334
2020-12-14T20:00:00Z,10.675437550000002,7.69
2020-12-14T21:00:00Z,9.665021700000002,7.095333333333333
2020-12-14T22:00:00Z,9.33024985,6.861999999999998
2020-12-14T23:00:00Z,5.47409705,4.247333333333333
