Timestamp,NO2_T500,T200U(b)
2021-07-01 00:00:00,6.160327777777777,6.332666666666666
2021-07-01 01:00:00,4.626111666666666,4.594666666666667
2021-07-01 02:00:00,5.121628333333333,5.09
2021-07-01 03:00:00,5.013655,4.998666666666666
2021-07-01 04:00:00,7.672404999999998,7.597333333333333
2021-07-01 05:00:00,9.825864999999999,9.773333333333332
2021-07-01 06:00:00,11.324933333333338,11.224666666666668
2021-07-01 07:00:00,12.788483333333335,12.606666666666666
2021-07-01 08:00:00,13.47230333333333,13.381333333333334
2021-07-01 09:00:00,9.564573333333332,21.15666666666667
2021-07-01 10:00:00,8.801588333333331,12.228666666666667
2021-07-01 11:00:00,6.570806666666665,6.216
2021-07-01 12:00:00,5.474016326530611,5.168
2021-07-01 13:00:00,5.761548333333335,5.737333333333333
2021-07-01 14:00:00,4.7663199999999994,4.676666666666666
2021-07-01 15:00:00,4.595885000000001,4.475333333333333
2021-07-01 16:00:00,3.629635000000001,3.4666666666666672
2021-07-01 17:00:00,3.748055,3.6486666666666667
2021-07-01 18:00:00,4.752146666666667,4.623333333333332
2021-07-01 19:00:00,6.314763333333331,6.189333333333335
2021-07-01 20:00:00,6.692433333333331,6.611333333333334
2021-07-01 21:00:00,7.159076666666668,7.095333333333333
2021-07-01 22:00:00,6.39785,6.414666666666666
2021-07-01 23:00:00,4.521345,4.522
2021-07-02 00:00:00,3.3431694444444453,3.6426666666666656
2021-07-02 01:00:00,3.5035916666666664,3.388666666666667
2021-07-02 02:00:00,3.153873333333333,3.056
2021-07-02 03:00:00,2.2519866666666677,2.197857142857143
2021-07-02 04:00:00,2.1761550000000005,2.1607142857142856
2021-07-02 05:00:00,2.7807999999999993,2.6600000000000006
2021-07-02 06:00:00,3.924485,3.796
2021-07-02 07:00:00,7.418008333333334,7.205333333333334
2021-07-02 08:00:00,9.702618333333334,9.430666666666665
2021-07-02 09:00:00,8.786951666666669,8.656666666666666
2021-07-02 10:00:00,6.397450000000001,6.197333333333335
2021-07-02 11:00:00,5.536935000000001,5.379333333333333
2021-07-02 12:00:00,5.966936734693876,5.801333333333333
2021-07-02 13:00:00,4.269066666666666,4.174666666666666
2021-07-02 14:00:00,3.5156183333333337,3.3680000000000003
2021-07-02 15:00:00,3.1420233333333343,3.0420000000000003
2021-07-02 16:00:00,3.510211666666666,3.372
2021-07-02 17:00:00,3.575006666666666,3.4473333333333334
2021-07-02 18:00:00,5.914626666666667,5.759333333333334
2021-07-02 19:00:00,8.270016666666665,8.201999999999998
2021-07-02 20:00:00,9.620320000000003,9.485333333333331
2021-07-02 21:00:00,12.805378333333332,12.386666666666667
2021-07-02 22:00:00,11.66566,11.433333333333334
2021-07-02 23:00:00,9.869959999999999,9.578
2021-07-03 00:00:00,9.894666666666666,9.241999999999999
2021-07-03 01:00:00,8.721916666666667,8.684000000000001
2021-07-03 02:00:00,6.782371666666666,6.759333333333333
2021-07-03 03:00:00,5.270319999999999,5.207333333333333
2021-07-03 04:00:00,6.022406666666666,5.981999999999999
2021-07-03 05:00:00,6.766348333333334,6.617333333333334
2021-07-03 06:00:00,4.162849999999999,4.102666666666667
2021-07-03 07:00:00,3.9375616666666664,3.8693333333333326
2021-07-03 08:00:00,4.881025,4.756666666666666
2021-07-03 09:00:00,8.048341666666667,7.776
2021-07-03 10:00:00,10.620101666666663,10.299333333333331
2021-07-03 11:00:00,8.698413333333333,8.469333333333331
2021-07-03 12:00:00,5.615963999999999,6.172666666666667
2021-07-03 13:00:00,3.9807866666666665,3.905333333333333
2021-07-03 14:00:00,3.2723999999999993,3.3179999999999996
2021-07-03 15:00:00,2.472818333333333,2.3920000000000003
2021-07-03 16:00:00,2.846411666666667,2.7646666666666673
2021-07-03 17:00:00,3.1331400000000005,2.9793333333333334
2021-07-03 18:00:00,5.628588333333335,5.397333333333333
2021-07-03 19:00:00,6.265265,6.228666666666666
2021-07-03 20:00:00,5.168283333333334,5.113333333333333
2021-07-03 21:00:00,7.9627550000000005,7.824
2021-07-03 22:00:00,10.903686666666667,10.735999999999999
2021-07-03 23:00:00,11.649799999999997,11.520666666666669
2021-07-04 00:00:00,9.946313888888891,11.275333333333334
2021-07-04 01:00:00,5.505128333333332,5.506666666666667
2021-07-04 02:00:00,3.3061749999999988,3.278666666666666
2021-07-04 03:00:00,3.305416666666666,3.244666666666667
2021-07-04 04:00:00,3.3024000000000004,3.3040000000000003
2021-07-04 05:00:00,2.2910166666666667,2.2640000000000002
2021-07-04 06:00:00,2.1193966666666664,2.066666666666667
2021-07-04 07:00:00,1.7176333333333327,1.6773333333333333
2021-07-04 08:00:00,1.4523399999999997,1.4026666666666665
2021-07-04 09:00:00,1.5309449999999996,1.5046666666666668
2021-07-04 10:00:00,3.9348700000000005,3.791333333333333
2021-07-04 11:00:00,4.760856666666667,4.596666666666667
2021-07-04 12:00:00,5.064779591836735,4.8613333333333335
2021-07-04 13:00:00,4.861131666666664,4.691999999999999
2021-07-04 14:00:00,4.240156666666667,4.15
2021-07-04 15:00:00,3.305873333333333,3.177333333333333
2021-07-04 16:00:00,3.263463333333334,3.1466666666666665
2021-07-04 17:00:00,4.8342316666666685,4.696666666666667
2021-07-04 18:00:00,5.775400000000003,5.689333333333335
2021-07-04 19:00:00,7.0990366666666675,6.95
2021-07-04 20:00:00,7.7991383333333335,7.719999999999999
2021-07-04 21:00:00,6.897131666666666,6.761333333333332
2021-07-04 22:00:00,5.719281666666668,5.664000000000001
2021-07-04 23:00:00,5.348086666666666,5.267333333333334
2021-07-05 00:00:00,2.8320486486486485,3.4907692307692306
2021-07-05 01:00:00,1.920123333333333,1.8873333333333335
2021-07-05 02:00:00,1.6381766666666668,1.5961538461538463
2021-07-05 03:00:00,1.4427866666666664,1.415
2021-07-05 04:00:00,1.9407716666666663,1.8733333333333335
2021-07-05 05:00:00,3.3541550000000004,3.1993333333333336
2021-07-05 06:00:00,7.077271666666669,6.928
2021-07-05 07:00:00,8.123263333333336,7.943333333333332
2021-07-05 08:00:00,5.620735,5.507333333333333
2021-07-05 09:00:00,6.813705,6.5360000000000005
2021-07-05 10:00:00,7.090898333333333,6.913333333333333
2021-07-05 11:00:00,6.776161666666666,6.696000000000001
2021-07-05 12:00:00,5.032130612244897,5.031999999999998
2021-07-05 13:00:00,5.079881666666668,4.994
2021-07-05 14:00:00,4.032791666666665,4.034666666666667
2021-07-05 15:00:00,5.855238333333333,5.813333333333333
2021-07-05 16:00:00,3.880154999999999,3.816666666666667
2021-07-05 17:00:00,3.5364633333333333,3.5160000000000005
2021-07-05 18:00:00,4.301701666666668,4.281999999999999
2021-07-05 19:00:00,5.999114999999999,5.970666666666667
2021-07-05 20:00:00,14.789033333333329,14.785333333333334
2021-07-05 21:00:00,10.702148333333334,10.801999999999996
2021-07-05 22:00:00,8.572746666666664,8.629999999999999
2021-07-05 23:00:00,7.112964999999999,7.137333333333332
2021-07-06 00:00:00,5.9247239999999985,5.880000000000001
2021-07-06 01:00:00,5.776776666666667,5.761333333333334
2021-07-06 02:00:00,3.017464999999999,3.0759999999999996
2021-07-06 03:00:00,2.503881666666666,2.526666666666667
2021-07-06 04:00:00,4.485606666666667,4.425999999999999
2021-07-06 05:00:00,6.753326666666668,6.710666666666667
2021-07-06 06:00:00,10.647124999999999,10.862666666666668
2021-07-06 07:00:00,7.6996499999999966,7.691999999999998
2021-07-06 08:00:00,9.203243333333331,9.068000000000001
2021-07-06 09:00:00,6.699548333333334,6.672
2021-07-06 10:00:00,4.935963333333333,4.750666666666666
2021-07-06 11:00:00,3.8365683333333336,3.675333333333333
2021-07-06 12:00:00,6.81331224489796,6.8453333333333335
2021-07-06 13:00:00,2.264583333333333,2.174
2021-07-06 14:00:00,2.5850283333333333,2.455999999999999
2021-07-06 15:00:00,6.803525000000001,6.621999999999999
2021-07-06 16:00:00,6.669881666666667,6.556
2021-07-06 17:00:00,3.5886249999999995,3.5306666666666664
2021-07-06 18:00:00,4.657260000000002,4.588
2021-07-06 19:00:00,4.001783333333334,3.9566666666666666
2021-07-06 20:00:00,2.859986666666667,2.8360000000000003
2021-07-06 21:00:00,2.6769966666666667,2.6486666666666663
2021-07-06 22:00:00,2.236984999999999,2.214
2021-07-06 23:00:00,2.040481666666667,2.0053333333333336
2021-07-07 00:00:00,1.4139612244897959,1.377857142857143
2021-07-07 01:00:00,1.2733683333333328,1.2136363636363638
2021-07-07 02:00:00,1.9805833333333331,1.8815384615384616
2021-07-07 03:00:00,2.1306266666666667,2.133076923076923
2021-07-07 04:00:00,2.8237383333333335,2.739333333333333
2021-07-07 05:00:00,5.408298333333331,5.266666666666667
2021-07-07 06:00:00,7.297035000000002,7.121999999999999
2021-07-07 07:00:00,7.957536666666668,7.821333333333333
2021-07-07 08:00:00,8.839179999999997,8.762666666666666
2021-07-07 09:00:00,6.3686933333333355,6.13
2021-07-07 10:00:00,5.855488333333332,5.791333333333333
2021-07-07 11:00:00,8.482853333333335,8.340666666666666
2021-07-07 12:00:00,6.748244897959185,6.808000000000002
2021-07-07 13:00:00,5.855896666666666,5.7266666666666675
2021-07-07 14:00:00,10.037658333333335,15.318666666666669
2021-07-07 15:00:00,9.729584999999998,9.490666666666668
2021-07-07 16:00:00,9.252606666666669,9.252
2021-07-07 17:00:00,5.214986666666666,5.128
2021-07-07 18:00:00,6.217798333333332,6.086666666666668
2021-07-07 19:00:00,8.845661666666667,8.698
2021-07-07 20:00:00,9.701848333333333,9.703333333333335
2021-07-07 21:00:00,8.631715000000003,8.620000000000001
2021-07-07 22:00:00,11.204326666666669,10.982666666666665
2021-07-07 23:00:00,12.164060000000001,11.945333333333334
2021-07-08 00:00:00,13.306391891891892,13.294000000000002
2021-07-08 01:00:00,8.32438166666667,8.416000000000002
2021-07-08 02:00:00,6.8441883333333315,6.795333333333335
2021-07-08 03:00:00,7.202583333333333,7.1533333333333315
2021-07-08 04:00:00,8.031781666666665,7.973333333333334
2021-07-08 05:00:00,9.508256666666663,9.239333333333331
2021-07-08 06:00:00,8.936416666666666,8.826
2021-07-08 07:00:00,7.100073333333336,6.919333333333335
2021-07-08 08:00:00,5.449188333333334,5.1339999999999995
2021-07-08 09:00:00,5.769131666666667,5.465999999999999
2021-07-08 10:00:00,4.925518333333334,4.719333333333333
2021-07-08 11:00:00,3.876713333333333,3.8239999999999994
2021-07-08 12:00:00,2.5907142857142857,2.5373333333333337
2021-07-08 13:00:00,2.589938333333334,2.433333333333333
2021-07-08 14:00:00,2.791473333333334,2.7193333333333336
2021-07-08 15:00:00,2.5152366666666666,2.3926666666666665
2021-07-08 16:00:00,3.0619533333333333,2.944666666666667
2021-07-08 17:00:00,2.933091666666667,2.816666666666666
2021-07-08 18:00:00,3.245241666666666,3.1326666666666667
2021-07-08 19:00:00,4.2155466666666666,4.038
2021-07-08 20:00:00,5.456808333333334,5.3566666666666665
2021-07-08 21:00:00,5.120593333333334,5.069999999999999
2021-07-08 22:00:00,8.272799999999998,8.068666666666667
2021-07-08 23:00:00,13.444998333333336,13.171999999999999
2021-07-09 00:00:00,12.157535999999999,12.653333333333334
2021-07-09 01:00:00,10.54695,10.396666666666667
2021-07-09 02:00:00,11.972966666666663,11.964
2021-07-09 03:00:00,11.420899999999998,11.167333333333334
2021-07-09 04:00:00,9.906550000000003,9.816
2021-07-09 05:00:00,9.130283333333333,9.196
2021-07-09 06:00:00,7.835170000000003,7.699333333333332
2021-07-09 07:00:00,7.858563333333332,7.672666666666666
2021-07-09 08:00:00,6.018240000000001,5.854
2021-07-09 09:00:00,5.893833333333335,5.817333333333333
2021-07-09 10:00:00,5.703083333333334,5.605333333333333
2021-07-09 11:00:00,5.333524999999999,5.156000000000001
2021-07-09 12:00:00,4.157430000000001,4.312666666666668
2021-07-09 13:00:00,3.9077283333333326,3.8379999999999996
2021-07-09 14:00:00,3.5391850000000002,3.4820000000000007
2021-07-09 15:00:00,3.0206616666666672,2.8886666666666665
2021-07-09 16:00:00,2.466606666666666,2.346666666666666
2021-07-09 17:00:00,3.925083333333334,3.715333333333333
2021-07-09 18:00:00,6.0311650000000006,5.916666666666668
2021-07-09 19:00:00,4.35899,4.29
2021-07-09 20:00:00,9.161198333333333,8.905333333333335
2021-07-09 21:00:00,6.366294999999998,6.389333333333332
2021-07-09 22:00:00,7.707903333333333,8.428
2021-07-09 23:00:00,6.296395,6.209333333333333
2021-07-10 00:00:00,5.037524324324326,4.792666666666667
2021-07-10 01:00:00,4.133033333333333,4.137333333333333
2021-07-10 02:00:00,4.749663333333333,4.680000000000001
2021-07-10 03:00:00,4.845715000000002,4.779333333333333
2021-07-10 04:00:00,6.291448333333335,6.299333333333333
2021-07-10 05:00:00,7.432933333333336,7.269999999999999
2021-07-10 06:00:00,8.839971666666667,8.79
2021-07-10 07:00:00,8.799348333333334,8.694
2021-07-10 08:00:00,6.998448333333337,7.000666666666666
2021-07-10 09:00:00,3.65764,3.6126666666666662
2021-07-10 10:00:00,5.1994950000000015,4.954666666666666
2021-07-10 11:00:00,4.861846666666666,4.785333333333335
2021-07-10 12:00:00,3.1994279999999997,3.202666666666667
2021-07-10 13:00:00,4.211943333333332,4.142
2021-07-10 14:00:00,6.345746666666666,6.029999999999999
2021-07-10 15:00:00,6.606048333333333,6.498
2021-07-10 16:00:00,9.674430000000001,15.160000000000002
2021-07-10 17:00:00,11.572641666666666,11.195333333333334
2021-07-10 18:00:00,13.024063333333325,12.950666666666667
2021-07-10 19:00:00,14.80084666666667,14.562666666666669
2021-07-10 20:00:00,19.07863,18.532666666666668
2021-07-10 21:00:00,19.47365166666667,19.278000000000002
2021-07-10 22:00:00,17.060078333333333,16.973333333333333
2021-07-10 23:00:00,18.189124999999994,17.82133333333333
2021-07-11 00:00:00,16.294397222222226,16.867333333333328
2021-07-11 01:00:00,13.373855,13.341333333333331
2021-07-11 02:00:00,10.441011666666666,10.484666666666666
2021-07-11 03:00:00,5.387271666666666,5.511333333333334
2021-07-11 04:00:00,4.320973333333334,4.317333333333334
2021-07-11 05:00:00,4.538853333333333,4.461333333333333
2021-07-11 06:00:00,3.2119533333333328,3.227333333333333
2021-07-11 07:00:00,2.350428333333333,2.280666666666667
2021-07-11 08:00:00,2.5664783333333334,2.4659999999999997
2021-07-11 09:00:00,1.821034999999999,1.7653333333333334
2021-07-11 10:00:00,1.5209516666666667,1.442666666666667
2021-07-11 11:00:00,1.646114999999999,1.4939999999999998
2021-07-11 12:00:00,2.410381999999999,2.364666666666667
2021-07-11 13:00:00,1.9595633333333329,1.9246666666666665
2021-07-11 14:00:00,1.9880033333333331,1.936
2021-07-11 15:00:00,1.9207816666666666,1.8619999999999997
2021-07-11 16:00:00,2.0880583333333336,1.9846666666666664
2021-07-11 17:00:00,2.630788333333333,2.584
2021-07-11 18:00:00,3.351098333333333,3.234666666666667
2021-07-11 19:00:00,3.316196666666668,3.3666666666666667
2021-07-11 20:00:00,3.9546233333333336,3.8586666666666667
2021-07-11 21:00:00,4.5952666666666655,4.483333333333333
2021-07-11 22:00:00,4.406300000000001,4.355333333333333
2021-07-11 23:00:00,3.8242733333333327,3.775333333333333
2021-07-12 00:00:00,3.3714916666666666,3.380666666666667
2021-07-12 01:00:00,4.07634,4.13
2021-07-12 02:00:00,4.577081666666668,4.402
2021-07-12 03:00:00,5.996321666666668,6.050666666666667
2021-07-12 04:00:00,4.689758333333333,4.714666666666667
2021-07-12 05:00:00,4.233423333333332,4.223333333333333
2021-07-12 06:00:00,8.033813333333333,7.706666666666666
2021-07-12 07:00:00,11.630600000000005,11.484000000000002
2021-07-12 08:00:00,10.314226666666666,10.105999999999998
2021-07-12 09:00:00,14.030526666666663,13.913333333333332
2021-07-12 10:00:00,7.163513333333331,7.143999999999999
2021-07-12 11:00:00,5.456438333333333,5.338666666666667
2021-07-12 12:00:00,8.628026000000004,7.946666666666667
2021-07-12 13:00:00,9.606179999999998,9.262
2021-07-12 14:00:00,13.044431666666666,12.658000000000003
2021-07-12 15:00:00,12.030555000000001,11.818666666666667
2021-07-12 16:00:00,10.494993333333332,10.221333333333332
2021-07-12 17:00:00,12.57941666666667,12.153333333333332
2021-07-12 18:00:00,13.290793333333331,13.072
2021-07-12 19:00:00,14.333396666666662,14.068
2021-07-12 20:00:00,11.630500000000001,11.777999999999997
2021-07-12 21:00:00,8.02564,7.810666666666666
2021-07-12 22:00:00,9.025021666666666,8.875333333333334
2021-07-12 23:00:00,10.818450000000002,10.740666666666668
2021-07-13 00:00:00,8.222659459459459,8.719333333333333
2021-07-13 01:00:00,6.787928333333332,6.757333333333334
2021-07-13 02:00:00,5.169876666666666,5.149333333333333
2021-07-13 03:00:00,4.947568333333333,4.885999999999999
2021-07-13 04:00:00,5.974826666666668,5.796
2021-07-13 05:00:00,7.408746666666667,7.254666666666666
2021-07-13 06:00:00,8.310941666666668,8.101333333333335
2021-07-13 07:00:00,5.443955000000003,5.343999999999999
2021-07-13 08:00:00,4.812191666666665,4.706666666666667
2021-07-13 09:00:00,6.093868333333334,6.240666666666666
2021-07-13 10:00:00,7.9502466666666685,8.045333333333332
2021-07-13 11:00:00,8.093761666666667,7.657999999999999
2021-07-13 12:00:00,6.6288571428571395,7.043999999999999
2021-07-13 13:00:00,4.232325000000001,4.1193333333333335
2021-07-13 14:00:00,3.954798333333333,3.8686666666666665
2021-07-13 15:00:00,3.1603650000000005,3.0286666666666666
2021-07-13 16:00:00,3.1516499999999996,2.9426666666666668
2021-07-13 17:00:00,3.7180549999999997,3.6133333333333337
2021-07-13 18:00:00,3.714733333333333,3.574666666666666
2021-07-13 19:00:00,3.2403850000000007,3.2053333333333334
2021-07-13 20:00:00,4.8675749999999995,4.775333333333333
2021-07-13 21:00:00,6.326744999999997,6.284
2021-07-13 22:00:00,7.917201666666668,7.756666666666667
2021-07-13 23:00:00,6.586118333333334,6.619999999999999
2021-07-14 00:00:00,7.077789189189191,
2021-07-14 01:00:00,5.361026666666668,
2021-07-14 02:00:00,5.304458333333333,
2021-07-14 03:00:00,5.252259999999999,
2021-07-14 04:00:00,8.740413333333331,
2021-07-14 05:00:00,6.79231,
2021-07-14 06:00:00,8.821786666666663,
2021-07-14 07:00:00,6.618364999999999,
2021-07-14 08:00:00,4.621031666666666,
2021-07-14 09:00:00,3.229064999999999,
2021-07-14 10:00:00,3.146341666666666,
2021-07-14 11:00:00,3.064651666666666,
2021-07-14 12:00:00,2.922713999999999,
2021-07-14 13:00:00,2.6414583333333326,
2021-07-14 14:00:00,2.087063333333335,
2021-07-14 15:00:00,2.140838333333334,
2021-07-14 16:00:00,2.3510883333333337,
2021-07-14 17:00:00,2.266296666666667,
2021-07-14 18:00:00,2.3156999999999996,
2021-07-14 19:00:00,2.879928333333334,
2021-07-14 20:00:00,3.0202433333333336,
2021-07-14 21:00:00,4.280005,
2021-07-14 22:00:00,5.186861666666668,
2021-07-14 23:00:00,5.955851666666669,
2021-07-15 00:00:00,7.468787999999998,7.099333333333333
2021-07-15 01:00:00,4.7038416666666665,4.756666666666666
2021-07-15 02:00:00,3.9226933333333336,3.870666666666667
2021-07-15 03:00:00,4.215345,4.140666666666666
2021-07-15 04:00:00,1.8568749999999998,1.9084615384615389
2021-07-15 05:00:00,2.0632733333333335,1.9939999999999996
2021-07-15 06:00:00,3.736145000000001,3.6333333333333333
2021-07-15 07:00:00,4.072526666666667,3.944666666666666
2021-07-15 08:00:00,5.524150000000001,5.4333333333333345
2021-07-15 09:00:00,6.070165,5.9
2021-07-15 10:00:00,3.0056983333333323,2.868666666666667
2021-07-15 11:00:00,3.55778679245283,
2021-07-15 12:00:00,,
2021-07-15 13:00:00,,
2021-07-15 14:00:00,,
2021-07-15 15:00:00,3.2818528301886785,
2021-07-15 16:00:00,3.4591383333333336,
2021-07-15 17:00:00,3.54668,3.326666666666666
2021-07-15 18:00:00,4.395388333333334,4.181333333333333
2021-07-15 19:00:00,5.462485000000001,5.106666666666667
2021-07-15 20:00:00,8.020173333333332,7.8966666666666665
2021-07-15 21:00:00,8.138406666666665,7.864666666666668
2021-07-15 22:00:00,9.540601666666666,9.314666666666666
2021-07-15 23:00:00,8.51309,8.575333333333335
2021-07-16 00:00:00,7.608888888888889,7.602666666666667
2021-07-16 01:00:00,9.10299,8.786000000000001
2021-07-16 02:00:00,8.635308333333333,8.788666666666666
2021-07-16 03:00:00,7.161639999999999,6.994
2021-07-16 04:00:00,7.996696666666667,7.5886666666666684
2021-07-16 05:00:00,10.003115000000003,9.936000000000002
2021-07-16 06:00:00,9.533461666666666,9.342
2021-07-16 07:00:00,9.524271666666667,9.005333333333335
2021-07-16 08:00:00,11.631903333333335,11.024000000000001
2021-07-16 09:00:00,8.49552,8.399999999999999
2021-07-16 10:00:00,6.487048333333333,6.279333333333333
2021-07-16 11:00:00,5.564013333333334,5.402
2021-07-16 12:00:00,2.6131040816326525,2.6525
2021-07-16 13:00:00,2.800181666666668,2.7463636363636357
2021-07-16 14:00:00,3.0427766666666676,2.914666666666667
2021-07-16 15:00:00,3.258366666666667,3.0526666666666666
2021-07-16 16:00:00,3.7830166666666663,3.590666666666667
2021-07-16 17:00:00,4.158658333333333,3.9859999999999998
2021-07-16 18:00:00,5.594246666666667,5.296666666666667
2021-07-16 19:00:00,7.393391666666667,7.017333333333334
2021-07-16 20:00:00,11.358493333333334,11.152666666666669
2021-07-16 21:00:00,15.365993333333337,14.735999999999999
2021-07-16 22:00:00,16.54039666666667,16.395333333333337
2021-07-16 23:00:00,12.484573333333337,12.341999999999997
2021-07-17 00:00:00,16.58356666666667,15.191333333333331
2021-07-17 01:00:00,14.578663333333326,14.462666666666667
2021-07-17 02:00:00,13.188723333333334,13.050666666666666
2021-07-17 03:00:00,12.62541166666667,12.653333333333336
2021-07-17 04:00:00,9.832500000000005,9.993333333333334
2021-07-17 05:00:00,8.79366,8.741333333333333
2021-07-17 06:00:00,8.047985000000002,7.898666666666666
2021-07-17 07:00:00,7.908525,7.626000000000001
2021-07-17 08:00:00,7.413494999999999,7.124666666666665
2021-07-17 09:00:00,6.120004999999997,5.819333333333334
2021-07-17 10:00:00,7.134293333333333,6.678
2021-07-17 11:00:00,6.008054999999999,5.866666666666666
2021-07-17 12:00:00,2.2938840000000003,2.254666666666666
2021-07-17 13:00:00,2.1692116666666674,1.992
2021-07-17 14:00:00,2.2824983333333333,2.1093333333333337
2021-07-17 15:00:00,2.5056783333333335,2.286666666666667
2021-07-17 16:00:00,2.815189999999999,2.602
2021-07-17 17:00:00,3.446285,3.251333333333333
2021-07-17 18:00:00,4.389614999999997,4.1866666666666665
2021-07-17 19:00:00,5.70559,5.4719999999999995
2021-07-17 20:00:00,5.930599999999999,5.826
2021-07-17 21:00:00,8.165246666666665,7.611333333333333
2021-07-17 22:00:00,18.528028333333335,18.018000000000004
2021-07-17 23:00:00,18.235184999999994,17.700666666666667
2021-07-18 00:00:00,22.065738888888884,21.738000000000003
2021-07-18 01:00:00,19.116681666666658,18.866
2021-07-18 02:00:00,13.389858333333336,13.335333333333333
2021-07-18 03:00:00,11.799936666666671,11.586666666666668
2021-07-18 04:00:00,10.275174999999997,10.270666666666667
2021-07-18 05:00:00,7.234628333333331,7.286000000000001
2021-07-18 06:00:00,5.924673333333334,5.809333333333334
2021-07-18 07:00:00,6.877718333333332,6.597333333333334
2021-07-18 08:00:00,5.166628333333333,4.983333333333333
2021-07-18 09:00:00,3.529065,3.328666666666666
2021-07-18 10:00:00,2.6336533333333336,2.438
2021-07-18 11:00:00,2.0691116666666667,1.9146666666666663
2021-07-18 12:00:00,1.8193612244897963,1.9293333333333331
2021-07-18 13:00:00,1.5942983333333332,1.4793333333333334
2021-07-18 14:00:00,1.721621666666667,1.5973333333333335
2021-07-18 15:00:00,1.6582866666666665,1.577333333333333
2021-07-18 16:00:00,1.8202516666666666,1.6733333333333331
2021-07-18 17:00:00,2.516980000000001,2.419333333333333
2021-07-18 18:00:00,3.0937566666666663,2.9100000000000006
2021-07-18 19:00:00,3.956415,3.774
2021-07-18 20:00:00,6.315633333333334,6.091333333333333
2021-07-18 21:00:00,7.156108333333334,6.959333333333333
2021-07-18 22:00:00,8.95468666666667,8.668000000000001
2021-07-18 23:00:00,13.87645,13.562666666666667
2021-07-19 00:00:00,12.226454054054054,13.521999999999998
2021-07-19 01:00:00,10.064456666666668,9.905333333333335
2021-07-19 02:00:00,11.982916666666663,12.008666666666668
2021-07-19 03:00:00,8.18974666666667,8.025333333333332
2021-07-19 04:00:00,9.924823333333332,9.898
2021-07-19 05:00:00,7.670448333333335,7.584
2021-07-19 06:00:00,8.141670000000001,7.828666666666666
2021-07-19 07:00:00,6.730365,6.470666666666667
2021-07-19 08:00:00,8.530058333333335,8.012
2021-07-19 09:00:00,10.277711666666665,9.886000000000001
2021-07-19 10:00:00,8.920918333333333,8.639333333333333
2021-07-19 11:00:00,4.457888333333332,4.188666666666666
2021-07-19 12:00:00,2.3153939999999995,2.4053333333333335
2021-07-19 13:00:00,2.724665,2.5326666666666666
2021-07-19 14:00:00,2.280408333333333,2.2013333333333334
2021-07-19 15:00:00,2.22771,2.070666666666666
2021-07-19 16:00:00,2.427156666666666,2.2933333333333334
2021-07-19 17:00:00,3.2625233333333337,3.1420000000000003
2021-07-19 18:00:00,4.461126666666666,4.221333333333334
2021-07-19 19:00:00,5.8468333333333335,5.685999999999999
2021-07-19 20:00:00,6.923291666666669,6.695333333333334
2021-07-19 21:00:00,10.383393333333334,10.027999999999999
2021-07-19 22:00:00,21.082078333333335,20.186666666666667
2021-07-19 23:00:00,17.081855,16.64466666666667
2021-07-20 00:00:00,16.19932972972973,16.582000000000004
2021-07-20 01:00:00,10.024453333333334,10.016666666666667
2021-07-20 02:00:00,7.470423333333334,7.462000000000001
2021-07-20 03:00:00,9.040503333333334,8.852666666666668
2021-07-20 04:00:00,9.008861666666666,8.914
2021-07-20 05:00:00,9.107515000000001,8.858666666666668
2021-07-20 06:00:00,10.788870000000001,10.442
2021-07-20 07:00:00,10.573273333333333,9.959333333333332
2021-07-20 08:00:00,17.062726666666673,16.281333333333336
2021-07-20 09:00:00,10.429198333333334,10.074666666666667
2021-07-20 10:00:00,4.8846066666666665,4.748666666666667
2021-07-20 11:00:00,3.2785116666666663,3.0919999999999996
2021-07-20 12:00:00,3.0759299999999996,3.029333333333333
2021-07-20 13:00:00,2.727200000000001,2.5813333333333337
2021-07-20 14:00:00,2.732601666666666,2.4833333333333334
2021-07-20 15:00:00,2.8187783333333343,2.64
2021-07-20 16:00:00,3.714498333333333,3.476666666666667
2021-07-20 17:00:00,5.221185000000001,5.070666666666666
2021-07-20 18:00:00,5.272603333333335,5.106666666666667
2021-07-20 19:00:00,6.146928333333334,5.8853333333333335
2021-07-20 20:00:00,8.493621666666662,8.21
2021-07-20 21:00:00,11.224369999999999,11.008666666666667
2021-07-20 22:00:00,11.998335,11.717999999999998
2021-07-20 23:00:00,18.116018333333336,17.646000000000004
2021-07-21 00:00:00,21.96844054054053,20.148
2021-07-21 01:00:00,14.857961666666665,14.764000000000001
2021-07-21 02:00:00,10.675706666666665,10.644000000000002
2021-07-21 03:00:00,9.140226666666665,8.978666666666667
2021-07-21 04:00:00,10.165701666666667,10.087333333333332
2021-07-21 05:00:00,10.415726666666664,10.024000000000001
2021-07-21 06:00:00,10.202710000000003,10.164666666666669
2021-07-21 07:00:00,6.926140000000002,6.575333333333332
2021-07-21 08:00:00,6.74605,6.427999999999999
2021-07-21 09:00:00,6.175088333333333,5.882
2021-07-21 10:00:00,4.4709416666666675,4.341333333333334
2021-07-21 11:00:00,3.4296733333333336,3.2980000000000005
2021-07-21 12:00:00,3.0543489795918366,2.923333333333334
2021-07-21 13:00:00,3.154116666666666,2.961333333333333
2021-07-21 14:00:00,3.324136666666668,3.196666666666667
2021-07-21 15:00:00,3.0584883333333317,2.9899999999999998
2021-07-21 16:00:00,3.7965199999999992,3.6199999999999997
2021-07-21 17:00:00,5.232996666666666,5.051999999999999
2021-07-21 18:00:00,5.867359999999999,5.620000000000001
2021-07-21 19:00:00,6.766885,6.669333333333332
2021-07-21 20:00:00,7.399046666666665,7.219333333333334
2021-07-21 21:00:00,10.997498333333334,10.632666666666667
2021-07-21 22:00:00,7.516288333333333,7.423333333333333
2021-07-21 23:00:00,9.30250666666667,9.186666666666667
2021-07-22 00:00:00,9.498491891891893,9.43
2021-07-22 01:00:00,9.302111666666669,9.169333333333332
2021-07-22 02:00:00,9.141068333333333,8.909333333333333
2021-07-22 03:00:00,10.44738166666667,10.260666666666667
2021-07-22 04:00:00,15.46166,14.818000000000001
2021-07-22 05:00:00,10.512661666666666,10.452666666666666
2021-07-22 06:00:00,13.127639999999998,12.295333333333334
2021-07-22 07:00:00,12.658320000000003,12.394666666666666
2021-07-22 08:00:00,8.674964999999995,8.705333333333334
2021-07-22 09:00:00,6.076385000000001,5.9140000000000015
2021-07-22 10:00:00,4.331181666666667,3.702
2021-07-22 11:00:00,2.8227983333333335,2.695333333333333
2021-07-22 12:00:00,2.1760959183673467,2.0506666666666664
2021-07-22 13:00:00,2.561788333333333,2.4660000000000006
2021-07-22 14:00:00,3.1187983333333325,2.9686666666666666
2021-07-22 15:00:00,2.9338000000000006,2.844
2021-07-22 16:00:00,2.9130650000000005,2.871333333333333
2021-07-22 17:00:00,4.135278333333334,3.9173333333333336
2021-07-22 18:00:00,6.841304999999999,6.434666666666668
2021-07-22 19:00:00,9.302323333333334,9.162666666666668
2021-07-22 20:00:00,8.837776666666667,8.593333333333334
2021-07-22 21:00:00,7.744811666666666,7.564666666666666
2021-07-22 22:00:00,7.804851666666666,7.645333333333332
2021-07-22 23:00:00,7.042791666666667,6.953999999999999
2021-07-23 00:00:00,7.300191836734693,7.0646666666666675
2021-07-23 01:00:00,6.808118333333332,6.737333333333334
2021-07-23 02:00:00,6.623095000000001,6.591333333333332
2021-07-23 03:00:00,6.026505000000001,5.937333333333333
2021-07-23 04:00:00,4.632419999999998,4.664666666666666
2021-07-23 05:00:00,4.333156666666666,4.223333333333333
2021-07-23 06:00:00,3.8747399999999996,3.852727272727272
2021-07-23 07:00:00,4.972928333333335,6.755
2021-07-23 08:00:00,4.966201666666667,4.747333333333332
2021-07-23 09:00:00,6.267806666666667,6.057333333333333
2021-07-23 10:00:00,4.371613333333333,4.220666666666667
2021-07-23 11:00:00,4.729646666666667,4.406000000000001
2021-07-23 12:00:00,5.6239479999999995,5.409333333333333
2021-07-23 13:00:00,4.515858333333333,4.332
2021-07-23 14:00:00,4.086023333333333,3.9799999999999995
2021-07-23 15:00:00,3.5317049999999983,3.3426666666666667
2021-07-23 16:00:00,4.187506666666668,4.081333333333333
2021-07-23 17:00:00,4.963409999999999,4.813999999999999
2021-07-23 18:00:00,5.7274166666666675,5.597999999999999
2021-07-23 19:00:00,5.133436666666666,5.0086666666666675
2021-07-23 20:00:00,4.444275,4.45
2021-07-23 21:00:00,3.441566666666667,3.392666666666666
2021-07-23 22:00:00,3.364859999999998,3.292
2021-07-23 23:00:00,2.5405783333333334,2.548666666666667
2021-07-24 00:00:00,1.6734,1.7619999999999998
2021-07-24 01:00:00,1.4339866666666665,1.3906666666666667
2021-07-24 02:00:00,1.7638349999999996,1.7006666666666668
2021-07-24 03:00:00,1.860566666666667,1.7493333333333334
2021-07-24 04:00:00,2.5891983333333326,2.563333333333333
2021-07-24 05:00:00,2.8630016666666664,2.746666666666667
2021-07-24 06:00:00,2.7921416666666667,2.786666666666667
2021-07-24 07:00:00,2.1607783333333335,2.0546666666666673
2021-07-24 08:00:00,3.3367333333333327,3.2019999999999995
2021-07-24 09:00:00,3.483623333333332,3.3546666666666662
2021-07-24 10:00:00,3.135530000000001,3.0300000000000002
2021-07-24 11:00:00,2.8769166666666677,2.765333333333333
2021-07-24 12:00:00,2.8349439999999997,2.832666666666667
2021-07-24 13:00:00,3.3414400000000004,3.168666666666667
2021-07-24 14:00:00,2.6069700000000013,2.4579999999999997
2021-07-24 15:00:00,2.398011666666667,2.318
2021-07-24 16:00:00,1.8002933333333337,1.7046666666666668
2021-07-24 17:00:00,2.643806666666666,2.4346666666666668
2021-07-24 18:00:00,3.025261666666666,2.972666666666667
2021-07-24 19:00:00,3.8254583333333327,3.71
2021-07-24 20:00:00,4.773301666666666,4.702
2021-07-24 21:00:00,4.199253333333333,4.105333333333334
2021-07-24 22:00:00,4.937,4.917333333333334
2021-07-24 23:00:00,3.4289999999999994,3.462
2021-07-25 00:00:00,2.643110810810811,2.5233333333333334
2021-07-25 01:00:00,2.9279216666666668,2.8486666666666665
2021-07-25 02:00:00,6.2445450000000005,6.004666666666667
2021-07-25 03:00:00,7.204391666666668,7.311333333333333
2021-07-25 04:00:00,4.364223333333333,4.350666666666667
2021-07-25 05:00:00,3.5759900000000013,3.602666666666666
2021-07-25 06:00:00,4.384553333333332,4.191333333333334
2021-07-25 07:00:00,3.246766666666666,3.291333333333333
2021-07-25 08:00:00,2.1702833333333333,2.072
2021-07-25 09:00:00,2.0781133333333335,1.9693333333333334
2021-07-25 10:00:00,1.778425,1.7019999999999997
2021-07-25 11:00:00,1.186756666666667,1.0879999999999999
2021-07-25 12:00:00,1.4439059999999995,1.358
2021-07-25 13:00:00,1.4658016666666662,1.3960000000000001
2021-07-25 14:00:00,1.7898400000000003,1.65
2021-07-25 15:00:00,1.72009,1.686666666666667
2021-07-25 16:00:00,2.470671666666667,2.322666666666666
2021-07-25 17:00:00,2.8179816666666677,2.608
2021-07-25 18:00:00,4.224821666666666,4.063999999999999
2021-07-25 19:00:00,7.061171666666665,6.9479999999999995
2021-07-25 20:00:00,4.707905000000001,4.635
2021-07-25 21:00:00,6.120806666666665,5.930666666666666
2021-07-25 22:00:00,12.049796666666673,11.65
2021-07-25 23:00:00,11.638846666666664,11.432
2021-07-26 00:00:00,15.13762972972973,13.470666666666666
2021-07-26 01:00:00,13.539349999999995,13.822666666666665
2021-07-26 02:00:00,9.308918333333333,9.304666666666668
2021-07-26 03:00:00,8.18971166666667,8.232
2021-07-26 04:00:00,7.172508333333332,6.996666666666667
2021-07-26 05:00:00,8.898595,8.756666666666668
2021-07-26 06:00:00,11.960429999999999,11.785333333333332
2021-07-26 07:00:00,8.189115000000003,8.01
2021-07-26 08:00:00,8.981269999999999,8.780666666666665
2021-07-26 09:00:00,6.569498333333336,6.505333333333334
2021-07-26 10:00:00,6.971288333333333,6.927333333333333
2021-07-26 11:00:00,4.915686666666667,4.796666666666666
2021-07-26 12:00:00,4.328562,4.1866666666666665
2021-07-26 13:00:00,2.8960816666666673,2.797333333333333
2021-07-26 14:00:00,2.951525000000001,2.8539999999999996
2021-07-26 15:00:00,3.080248333333333,2.9806666666666666
2021-07-26 16:00:00,2.8811666666666658,2.742
2021-07-26 17:00:00,2.9698783333333334,2.876
2021-07-26 18:00:00,3.9770499999999998,3.818666666666666
2021-07-26 19:00:00,4.332328333333333,4.221333333333333
2021-07-26 20:00:00,5.944609999999999,5.806
2021-07-26 21:00:00,6.009769999999999,5.926666666666665
2021-07-26 22:00:00,7.731905000000002,7.676
2021-07-26 23:00:00,4.972645000000002,4.961999999999999
2021-07-27 00:00:00,4.047324324324324,4.420000000000001
2021-07-27 01:00:00,3.1786516666666653,3.1879999999999997
2021-07-27 02:00:00,1.7924933333333335,1.8549999999999998
2021-07-27 03:00:00,2.238496666666666,2.179333333333333
2021-07-27 04:00:00,3.5419116666666657,3.4173333333333336
2021-07-27 05:00:00,5.699844999999999,5.342666666666668
2021-07-27 06:00:00,8.835159999999998,8.539999999999997
2021-07-27 07:00:00,9.495978333333333,9.145999999999999
2021-07-27 08:00:00,13.511968333333336,13.150000000000002
2021-07-27 09:00:00,14.82685,14.216666666666667
2021-07-27 10:00:00,10.43877833333333,9.855999999999998
2021-07-27 11:00:00,6.829722222222224,5.779285714285715
2021-07-27 12:00:00,4.189033333333333,3.768
2021-07-27 13:00:00,6.305408333333335,5.9319999999999995
2021-07-27 14:00:00,9.401838333333332,9.086666666666668
2021-07-27 15:00:00,10.23596,9.986666666666668
2021-07-27 16:00:00,8.37473833333333,8.095333333333334
2021-07-27 17:00:00,9.624638333333333,9.277999999999999
2021-07-27 18:00:00,9.0294,8.860000000000001
2021-07-27 19:00:00,6.966831666666665,6.947333333333334
2021-07-27 20:00:00,8.649081666666667,8.411333333333332
2021-07-27 21:00:00,10.655404999999998,10.17666666666667
2021-07-27 22:00:00,9.166736666666667,9.010666666666669
2021-07-27 23:00:00,8.194581666666668,7.950666666666668
2021-07-28 00:00:00,6.362822448979592,6.158
2021-07-28 01:00:00,4.760966666666667,4.705333333333333
2021-07-28 02:00:00,6.563908333333332,6.441999999999999
2021-07-28 03:00:00,3.1604400000000004,3.540909090909091
2021-07-28 04:00:00,2.8324433333333334,2.730714285714286
2021-07-28 05:00:00,5.207746666666665,4.972
2021-07-28 06:00:00,9.473943333333333,9.298666666666668
2021-07-28 07:00:00,8.898348333333331,8.799333333333333
2021-07-28 08:00:00,8.601510000000003,8.686
2021-07-28 09:00:00,5.2596500000000015,5.286666666666666
2021-07-28 10:00:00,3.484059999999999,3.4253333333333336
2021-07-28 11:00:00,3.98357,3.8313333333333337
2021-07-28 12:00:00,6.636094000000001,6.695333333333332
2021-07-28 13:00:00,8.162373333333333,8.117333333333333
2021-07-28 14:00:00,10.057508333333327,10.066666666666668
2021-07-28 15:00:00,12.042593333333333,12.040666666666663
2021-07-28 16:00:00,11.040343333333334,10.911333333333335
2021-07-28 17:00:00,9.172243333333329,9.097333333333333
2021-07-28 18:00:00,6.705598333333336,6.631333333333334
2021-07-28 19:00:00,9.223635000000003,16.696
2021-07-28 20:00:00,10.843401666666672,10.666
2021-07-28 21:00:00,5.973930000000002,6.215999999999999
2021-07-28 22:00:00,3.7400499999999988,3.7733333333333325
2021-07-28 23:00:00,3.704119999999999,3.686666666666667
2021-07-29 00:00:00,4.015191891891893,4.526666666666667
2021-07-29 01:00:00,3.96466,3.8853333333333335
2021-07-29 02:00:00,4.498026666666666,4.688666666666666
2021-07-29 03:00:00,2.8749449999999994,2.9178571428571436
2021-07-29 04:00:00,2.6721700000000004,2.559333333333333
2021-07-29 05:00:00,3.58705,3.5693333333333337
2021-07-29 06:00:00,5.461338333333331,5.300666666666667
2021-07-29 07:00:00,5.978101666666668,5.858000000000001
2021-07-29 08:00:00,5.5923549999999995,5.627333333333334
2021-07-29 09:00:00,3.776596666666666,3.747333333333333
2021-07-29 10:00:00,5.000373333333335,4.981333333333334
2021-07-29 11:00:00,3.857728333333332,3.826666666666666
2021-07-29 12:00:00,3.484196,3.6293333333333333
2021-07-29 13:00:00,4.6793,4.468
2021-07-29 14:00:00,5.623279661016951,5.454666666666666
2021-07-29 15:00:00,4.136559999999999,4.046666666666668
2021-07-29 16:00:00,4.398293333333333,4.288666666666667
2021-07-29 17:00:00,4.781448333333333,4.564666666666667
2021-07-29 18:00:00,5.526224999999999,5.394
2021-07-29 19:00:00,6.982983333333333,6.8340000000000005
2021-07-29 20:00:00,7.865724999999999,7.780666666666667
2021-07-29 21:00:00,14.396598333333335,13.883333333333333
2021-07-29 22:00:00,23.040488333333336,23.148000000000003
2021-07-29 23:00:00,20.561508333333332,20.63066666666667
2021-07-30 00:00:00,11.977399999999998,13.548666666666668
2021-07-30 01:00:00,9.716959999999997,9.862
2021-07-30 02:00:00,4.831035,4.897333333333333
2021-07-30 03:00:00,3.1968849999999995,3.2006666666666663
2021-07-30 04:00:00,5.4461150000000025,5.341333333333334
2021-07-30 05:00:00,6.765349999999997,6.6339999999999995
2021-07-30 06:00:00,7.805095000000001,7.664000000000001
2021-07-30 07:00:00,8.449824999999997,8.456666666666665
2021-07-30 08:00:00,7.571833333333331,7.481333333333334
2021-07-30 09:00:00,8.26323,8.226
2021-07-30 10:00:00,6.797696666666665,6.816000000000001
2021-07-30 11:00:00,6.203748333333334,6.151333333333334
2021-07-30 12:00:00,3.343481818181817,4.373333333333334
2021-07-30 13:00:00,,3.53
2021-07-30 14:00:00,4.897673913043478,4.0953333333333335
2021-07-30 15:00:00,6.878526666666665,6.524
2021-07-30 16:00:00,10.454533333333334,10.466666666666667
2021-07-30 17:00:00,9.215521666666666,9.087333333333332
2021-07-30 18:00:00,7.6049533333333335,7.510000000000002
2021-07-30 19:00:00,7.525971666666667,7.478666666666666
2021-07-30 20:00:00,8.586601666666665,8.548666666666666
2021-07-30 21:00:00,7.124955000000001,6.986000000000001
2021-07-30 22:00:00,8.812948333333335,8.690666666666667
2021-07-30 23:00:00,7.398928333333334,7.344
2021-07-31 00:00:00,5.902897222222223,6.232666666666668
2021-07-31 01:00:00,3.8371299999999993,3.8993333333333333
2021-07-31 02:00:00,2.05441,2.124166666666667
2021-07-31 03:00:00,2.311078333333333,2.2713333333333328
2021-07-31 04:00:00,2.7728283333333335,2.732142857142857
2021-07-31 05:00:00,3.1336683333333326,3.0826666666666664
2021-07-31 06:00:00,5.1186,4.98
2021-07-31 07:00:00,4.096066666666665,4.108666666666666
2021-07-31 08:00:00,3.1776083333333323,3.123333333333333
2021-07-31 09:00:00,3.3528516666666666,3.2659999999999996
2021-07-31 10:00:00,3.024666666666668,2.913333333333334
2021-07-31 11:00:00,3.5792900000000007,3.551999999999999
2021-07-31 12:00:00,2.7708139999999997,2.5460000000000003
2021-07-31 13:00:00,2.402315,2.3473333333333337
2021-07-31 14:00:00,2.6837666666666657,2.5560000000000005
2021-07-31 15:00:00,2.5804800000000006,2.518666666666667
2021-07-31 16:00:00,3.3436283333333336,3.245333333333333
2021-07-31 17:00:00,2.8702850000000004,2.7346666666666666
2021-07-31 18:00:00,3.0431066666666657,3.022
2021-07-31 19:00:00,3.870405,3.812
2021-07-31 20:00:00,4.289291666666668,4.275333333333333
2021-07-31 21:00:00,5.511216666666668,5.36
2021-07-31 22:00:00,7.526173333333332,7.422666666666668
2021-07-31 23:00:00,7.0439966666666685,7.007333333333333
2021-08-01 00:00:00,5.440402777777778,5.350769230769231
2021-08-01 01:00:00,4.779311666666666,4.819999999999999
2021-08-01 02:00:00,3.5052499999999998,3.5533333333333332
2021-08-01 03:00:00,3.5159199999999995,3.510666666666667
2021-08-01 04:00:00,4.425596666666667,4.3853333333333335
2021-08-01 05:00:00,6.4021083333333335,6.376
2021-08-01 06:00:00,5.769839999999999,5.819999999999999
2021-08-01 07:00:00,3.913453333333334,3.838
2021-08-01 08:00:00,4.126566666666666,4.066666666666666
2021-08-01 09:00:00,2.928738333333334,2.8600000000000003
2021-08-01 10:00:00,1.9392016666666663,1.902
2021-08-01 11:00:00,1.5782349999999998,1.5173333333333334
2021-08-01 12:00:00,1.4312530612244903,1.4206666666666665
2021-08-01 13:00:00,1.405135,1.3326666666666667
2021-08-01 14:00:00,1.8055183333333331,1.7086666666666668
2021-08-01 15:00:00,2.8804983333333336,2.7900000000000005
2021-08-01 16:00:00,2.7529683333333335,2.726666666666667
2021-08-01 17:00:00,2.764580000000002,2.6586666666666665
2021-08-01 18:00:00,5.486025000000001,5.336666666666665
2021-08-01 19:00:00,5.876336666666668,5.862666666666668
2021-08-01 20:00:00,7.393458333333332,7.3133333333333335
2021-08-01 21:00:00,7.977300000000003,8.076000000000002
2021-08-01 22:00:00,5.533671666666667,5.5406666666666675
2021-08-01 23:00:00,4.667046666666667,4.663333333333333
2021-08-02 00:00:00,4.278622448979592,4.302666666666667
2021-08-02 01:00:00,3.7642600000000006,3.806666666666666
2021-08-02 02:00:00,3.7936216666666676,3.7420000000000004
2021-08-02 03:00:00,4.642743333333333,4.617333333333333
2021-08-02 04:00:00,7.658760000000001,7.528
2021-08-02 05:00:00,10.688841666666667,10.555333333333333
2021-08-02 06:00:00,11.660736666666663,11.661999999999999
2021-08-02 07:00:00,10.289353333333333,10.37
2021-08-02 08:00:00,5.549441666666668,5.428666666666667
2021-08-02 09:00:00,6.915513333333334,6.726
2021-08-02 10:00:00,6.021056666666666,5.743333333333334
2021-08-02 11:00:00,4.758596666666667,4.581333333333333
2021-08-02 12:00:00,4.721335999999999,4.6273333333333335
2021-08-02 13:00:00,3.634063333333334,3.6059999999999994
2021-08-02 14:00:00,3.467435,3.382666666666667
2021-08-02 15:00:00,3.848906666666667,3.752666666666666
2021-08-02 16:00:00,4.490256666666668,4.367333333333333
2021-08-02 17:00:00,5.014731666666667,4.941333333333334
2021-08-02 18:00:00,4.134031666666666,4.046
2021-08-02 19:00:00,5.939905,5.840666666666667
2021-08-02 20:00:00,5.576735000000001,5.688571428571429
2021-08-02 21:00:00,5.861798333333334,6.879999999999999
2021-08-02 22:00:00,11.435595000000001,11.378666666666668
2021-08-02 23:00:00,11.762123333333339,11.75266666666667
2021-08-03 00:00:00,16.36453243243243,15.697999999999999
2021-08-03 01:00:00,14.299470000000001,14.430000000000001
2021-08-03 02:00:00,14.315570000000001,14.35333333333333
2021-08-03 03:00:00,13.51837,13.654000000000002
2021-08-03 04:00:00,13.354023333333338,13.785333333333334
2021-08-03 05:00:00,12.55770333333333,12.886666666666667
2021-08-03 06:00:00,12.513726666666665,12.692000000000002
2021-08-03 07:00:00,10.070315,10.240666666666666
2021-08-03 08:00:00,5.629055,5.596666666666666
2021-08-03 09:00:00,3.6562800000000015,3.5340000000000003
2021-08-03 10:00:00,3.8228949999999995,3.622
2021-08-03 11:00:00,4.313588333333331,4.094
2021-08-03 12:00:00,3.6231219999999986,3.6559999999999997
2021-08-03 13:00:00,2.264676666666667,2.1799999999999997
2021-08-03 14:00:00,2.1313316666666666,2.068
2021-08-03 15:00:00,2.8019183333333326,2.682
2021-08-03 16:00:00,3.1821699999999993,3.166666666666666
2021-08-03 17:00:00,4.581298333333333,4.4926666666666675
2021-08-03 18:00:00,5.017698333333331,4.9159999999999995
2021-08-03 19:00:00,5.486038333333334,5.3933333333333335
2021-08-03 20:00:00,10.126044999999996,10.095
2021-08-03 21:00:00,15.316886666666665,15.086666666666668
2021-08-03 22:00:00,18.570195000000005,18.101999999999993
2021-08-03 23:00:00,18.08229833333333,17.94666666666667
2021-08-04 00:00:00,11.51116216216216,12.728
2021-08-04 01:00:00,8.790708333333335,8.782666666666668
2021-08-04 02:00:00,10.223203333333334,9.988000000000001
2021-08-04 03:00:00,10.928638333333335,10.906666666666666
2021-08-04 04:00:00,12.21334166666667,12.442666666666668
2021-08-04 05:00:00,17.568533333333335,17.694666666666667
2021-08-04 06:00:00,18.88622,19.06866666666667
2021-08-04 07:00:00,13.632946666666667,13.728666666666669
2021-08-04 08:00:00,9.550740000000001,9.485333333333331
2021-08-04 09:00:00,6.313803333333333,6.255333333333334
2021-08-04 10:00:00,4.174460000000001,4.1579999999999995
2021-08-04 11:00:00,3.5762883333333346,3.2986666666666675
2021-08-04 12:00:00,4.998542857142858,5.258000000000001
2021-08-04 13:00:00,3.169308333333333,3.079333333333333
2021-08-04 14:00:00,3.630933333333333,3.4139999999999997
2021-08-04 15:00:00,3.759526666666667,3.6979999999999995
2021-08-04 16:00:00,4.447010000000001,4.284666666666666
2021-08-04 17:00:00,8.148678333333333,7.911333333333333
2021-08-04 18:00:00,16.761343333333333,16.357333333333333
2021-08-04 19:00:00,18.056013333333333,17.81
2021-08-04 20:00:00,14.476453333333334,14.5
2021-08-04 21:00:00,14.127576666666668,13.849333333333334
2021-08-04 22:00:00,16.3821,16.198666666666664
2021-08-04 23:00:00,11.013399999999997,10.734666666666666
2021-08-05 00:00:00,7.926130555555556,9.732666666666665
2021-08-05 01:00:00,4.733491666666666,4.858666666666667
2021-08-05 02:00:00,4.29288,4.112
2021-08-05 03:00:00,6.605663333333335,6.632000000000001
2021-08-05 04:00:00,8.215761666666667,7.993333333333333
2021-08-05 05:00:00,8.847419999999998,8.632000000000001
2021-08-05 06:00:00,10.299276666666662,10.287333333333333
2021-08-05 07:00:00,8.019296666666666,8.235999999999999
2021-08-05 08:00:00,3.469566666666667,3.4360000000000004
2021-08-05 09:00:00,3.4249099999999997,3.3893333333333335
2021-08-05 10:00:00,3.651581666666668,3.64
2021-08-05 11:00:00,3.1728416666666654,3.2066666666666674
2021-08-05 12:00:00,3.369685714285714,3.1120000000000005
2021-08-05 13:00:00,4.160970000000001,4.152666666666667
2021-08-05 14:00:00,3.6579249999999996,3.3059999999999996
2021-08-05 15:00:00,3.25658,3.1126666666666667
2021-08-05 16:00:00,3.7239683333333335,3.6866666666666665
2021-08-05 17:00:00,5.446183333333331,5.215999999999999
2021-08-05 18:00:00,7.099659999999999,6.906666666666666
2021-08-05 19:00:00,7.171326666666665,7.093333333333332
2021-08-05 20:00:00,8.004340000000001,7.894666666666667
2021-08-05 21:00:00,6.754915000000001,6.826666666666665
2021-08-05 22:00:00,7.586054999999998,7.304
2021-08-05 23:00:00,8.867251666666668,9.004666666666667
2021-08-06 00:00:00,3.495339999999999,3.788666666666666
2021-08-06 01:00:00,2.6595766666666667,2.62
2021-08-06 02:00:00,1.814268333333333,1.9
2021-08-06 03:00:00,2.0065516666666663,1.895
2021-08-06 04:00:00,2.6609949999999998,2.6854545454545455
2021-08-06 05:00:00,3.382780000000001,3.2960000000000003
2021-08-06 06:00:00,3.955726666666666,3.8406666666666665
2021-08-06 07:00:00,4.226346666666666,4.318
2021-08-06 08:00:00,6.854789999999999,6.629333333333333
2021-08-06 09:00:00,7.358221666666665,7.296
2021-08-06 10:00:00,5.326991666666667,5.2126666666666654
2021-08-06 11:00:00,7.6397416666666675,7.349999999999999
2021-08-06 12:00:00,5.355236734693878,5.346
2021-08-06 13:00:00,6.772353333333334,6.680666666666666
2021-08-06 14:00:00,4.169176666666666,4.1000000000000005
2021-08-06 15:00:00,3.0916950000000005,2.917333333333333
2021-08-06 16:00:00,4.675356666666667,4.518000000000001
2021-08-06 17:00:00,3.111131666666667,3.1606666666666663
2021-08-06 18:00:00,3.4510349999999996,3.245333333333334
2021-08-06 19:00:00,5.110826666666667,5.0873333333333335
2021-08-06 20:00:00,4.853476666666667,4.8340000000000005
2021-08-06 21:00:00,3.442433333333334,3.476428571428571
2021-08-06 22:00:00,2.9629950000000007,2.9035714285714285
2021-08-06 23:00:00,2.0907800000000005,2.013333333333333
2021-08-07 00:00:00,1.4802324324324327,1.775
2021-08-07 01:00:00,1.54557,1.555
2021-08-07 02:00:00,1.6916349999999996,1.755
2021-08-07 03:00:00,1.5565583333333337,
2021-08-07 04:00:00,1.38476,1.395
2021-08-07 05:00:00,1.9333816666666666,1.8526666666666667
2021-08-07 06:00:00,1.9933266666666667,1.891333333333333
2021-08-07 07:00:00,2.3245766666666667,2.274
2021-08-07 08:00:00,2.46536,2.408666666666667
2021-08-07 09:00:00,2.730806666666666,2.5933333333333337
2021-08-07 10:00:00,3.5449366666666657,3.4486666666666665
2021-08-07 11:00:00,3.7918366666666676,3.756666666666667
2021-08-07 12:00:00,3.04064,2.9859999999999998
2021-08-07 13:00:00,3.541118333333333,3.293333333333334
2021-08-07 14:00:00,4.10083,3.8686666666666665
2021-08-07 15:00:00,4.019443333333333,3.964666666666666
2021-08-07 16:00:00,2.811543333333333,2.6893333333333334
2021-08-07 17:00:00,4.5716149999999995,4.437333333333333
2021-08-07 18:00:00,3.946581666666667,3.7706666666666675
2021-08-07 19:00:00,4.636076666666666,4.516000000000001
2021-08-07 20:00:00,4.227698333333334,4.184666666666666
2021-08-07 21:00:00,3.595371666666666,3.548571428571429
2021-08-07 22:00:00,3.1888850000000004,3.1113333333333335
2021-08-07 23:00:00,2.454253333333334,2.6900000000000004
2021-08-08 00:00:00,1.7415340000000004,
2021-08-08 01:00:00,1.8387999999999995,1.8800000000000001
2021-08-08 02:00:00,1.681626666666667,2.06
2021-08-08 03:00:00,1.56228,1.4816666666666667
2021-08-08 04:00:00,1.6501333333333332,1.7633333333333334
2021-08-08 05:00:00,2.36425,2.2439999999999998
2021-08-08 06:00:00,3.147566666666667,3.0126666666666666
2021-08-08 07:00:00,3.3032233333333334,3.211333333333334
2021-08-08 08:00:00,4.932904999999997,4.744
2021-08-08 09:00:00,3.6357666666666675,3.597333333333334
2021-08-08 10:00:00,3.9593400000000014,3.8353333333333324
2021-08-08 11:00:00,2.6931966666666667,2.5933333333333333
2021-08-08 12:00:00,1.8807673469387758,1.88
2021-08-08 13:00:00,3.232206666666667,3.0273333333333334
2021-08-08 14:00:00,3.4194083333333323,3.354
2021-08-08 15:00:00,3.635991666666668,3.4826666666666672
2021-08-08 16:00:00,4.498945000000002,4.331333333333333
2021-08-08 17:00:00,4.606904999999999,4.453333333333333
2021-08-08 18:00:00,4.909459999999998,4.728
2021-08-08 19:00:00,7.168760000000003,7.019999999999999
2021-08-08 20:00:00,5.710900000000003,5.6786666666666665
2021-08-08 21:00:00,5.12987,5.153333333333333
2021-08-08 22:00:00,4.613878333333332,4.572
2021-08-08 23:00:00,2.6394566666666663,2.6439999999999997
2021-08-09 00:00:00,1.8495805555555553,2.2359999999999998
2021-08-09 01:00:00,1.6988833333333333,2.3175
2021-08-09 02:00:00,1.5878383333333328,1.56
2021-08-09 03:00:00,2.32358,3.26
2021-08-09 04:00:00,2.974075000000001,2.9730769230769236
2021-08-09 05:00:00,3.0374033333333332,2.88
2021-08-09 06:00:00,6.268620000000001,6.124
2021-08-09 07:00:00,8.377681666666666,9.249333333333333
2021-08-09 08:00:00,8.712778333333334,8.640666666666666
2021-08-09 09:00:00,5.269541666666667,4.985333333333333
2021-08-09 10:00:00,5.5854316666666675,5.656000000000001
2021-08-09 11:00:00,5.067086666666666,4.9479999999999995
2021-08-09 12:00:00,2.9929080000000012,2.9326666666666665
2021-08-09 13:00:00,3.146991666666666,2.9153333333333324
2021-08-09 14:00:00,3.2909599999999988,4.088666666666667
2021-08-09 15:00:00,4.338520000000001,4.200666666666667
2021-08-09 16:00:00,4.085331666666665,3.8573333333333326
2021-08-09 17:00:00,8.16461,7.8853333333333335
2021-08-09 18:00:00,10.563789999999996,10.404
2021-08-09 19:00:00,10.732291666666665,10.48066666666667
2021-08-09 20:00:00,15.307433333333332,15.118666666666666
2021-08-09 21:00:00,11.335815000000004,11.244666666666667
2021-08-09 22:00:00,7.731259999999998,7.7206666666666655
2021-08-09 23:00:00,3.830338333333333,3.7493333333333334
2021-08-10 00:00:00,2.2954621621621625,3.5300000000000002
2021-08-10 01:00:00,1.6729549999999997,1.43
2021-08-10 02:00:00,1.6609449999999997,1.5675
2021-08-10 03:00:00,1.746595,1.7200000000000002
2021-08-10 04:00:00,2.420741666666666,2.288333333333333
2021-08-10 05:00:00,5.688646666666666,5.526666666666666
2021-08-10 06:00:00,8.265941666666668,8.132666666666669
2021-08-10 07:00:00,10.686375,10.599999999999998
2021-08-10 08:00:00,4.977621666666668,4.760000000000001
2021-08-10 09:00:00,3.128471666666668,2.952666666666667
2021-08-10 10:00:00,2.6842733333333344,2.5326666666666666
2021-08-10 11:00:00,2.270961666666667,2.2393333333333336
2021-08-10 12:00:00,1.9337940000000007,1.8033333333333335
2021-08-10 13:00:00,2.0969100000000003,1.9873333333333334
2021-08-10 14:00:00,2.3665849999999997,2.202
2021-08-10 15:00:00,2.346236666666667,2.201333333333333
2021-08-10 16:00:00,2.5750499999999996,2.402
2021-08-10 17:00:00,2.5560949999999996,2.4346666666666663
2021-08-10 18:00:00,3.2942433333333323,3.163333333333333
2021-08-10 19:00:00,3.8141949999999993,3.669285714285714
2021-08-10 20:00:00,6.116366666666668,6.037692307692309
2021-08-10 21:00:00,14.637489999999998,14.29733333333333
2021-08-10 22:00:00,15.841086666666664,15.620666666666668
2021-08-10 23:00:00,17.647836666666667,17.276666666666664
2021-08-11 00:00:00,12.758336000000002,14.030000000000001
2021-08-11 01:00:00,7.121766666666667,7.006
2021-08-11 02:00:00,6.070108333333333,5.993333333333334
2021-08-11 03:00:00,2.703363333333333,3.3099999999999996
2021-08-11 04:00:00,3.3520466666666673,3.955714285714286
2021-08-11 05:00:00,4.412295,4.253333333333333
2021-08-11 06:00:00,6.178040000000001,5.963333333333334
2021-08-11 07:00:00,7.46526,7.384666666666665
2021-08-11 08:00:00,5.094536666666668,4.893333333333333
2021-08-11 09:00:00,4.125076666666668,3.9866666666666664
2021-08-11 10:00:00,4.196920000000001,4.008666666666667
2021-08-11 11:00:00,3.056538333333334,2.960000000000001
2021-08-11 12:00:00,2.8563081632653065,2.6353333333333326
2021-08-11 13:00:00,3.5134283333333327,3.411333333333333
2021-08-11 14:00:00,3.738593333333334,3.562
2021-08-11 15:00:00,4.097475000000001,3.999333333333334
2021-08-11 16:00:00,4.691108333333333,4.562666666666667
2021-08-11 17:00:00,3.711551666666667,3.6659999999999995
2021-08-11 18:00:00,3.9983899999999992,3.826666666666666
2021-08-11 19:00:00,5.4784950000000014,5.401333333333334
2021-08-11 20:00:00,3.6742883333333323,3.5733333333333337
2021-08-11 21:00:00,4.858596666666665,4.622
2021-08-11 22:00:00,6.675038333333335,6.462000000000001
2021-08-11 23:00:00,4.835165000000002,4.549285714285714
2021-08-12 00:00:00,4.532908333333334,4.444285714285714
2021-08-12 01:00:00,3.170473333333333,3.524545454545454
2021-08-12 02:00:00,1.7755716666666665,
2021-08-12 03:00:00,2.2314383333333345,
2021-08-12 04:00:00,4.407983333333334,4.865
2021-08-12 05:00:00,4.386175,4.320666666666667
2021-08-12 06:00:00,5.528048333333334,5.187333333333333
2021-08-12 07:00:00,4.802239999999999,4.7780000000000005
2021-08-12 08:00:00,4.250436666666667,4.239333333333333
2021-08-12 09:00:00,3.1066116666666677,2.9899999999999998
2021-08-12 10:00:00,2.7409233333333334,2.6993333333333336
2021-08-12 11:00:00,2.5072833333333326,2.417333333333333
2021-08-12 12:00:00,2.2108183673469384,2.2399999999999998
2021-08-12 13:00:00,2.822791666666667,2.6026666666666665
2021-08-12 14:00:00,3.118211666666667,3.002
2021-08-12 15:00:00,3.889165,3.716
2021-08-12 16:00:00,3.215273333333332,3.0586666666666664
2021-08-12 17:00:00,4.083101666666666,3.859333333333333
2021-08-12 18:00:00,5.210181666666665,5.028666666666666
2021-08-12 19:00:00,5.627765,5.596666666666667
2021-08-12 20:00:00,4.461498333333332,4.354666666666666
2021-08-12 21:00:00,3.580306666666667,3.8512500000000003
2021-08-12 22:00:00,2.7151983333333325,2.8
2021-08-12 23:00:00,3.7399566666666684,3.6420000000000003
2021-08-13 00:00:00,2.2690243243243247,2.3555555555555556
2021-08-13 01:00:00,1.8762066666666664,
2021-08-13 02:00:00,1.8554899999999999,1.9475
2021-08-13 03:00:00,2.3211933333333326,2.2533333333333334
2021-08-13 04:00:00,1.997075,2.1950000000000003
2021-08-13 05:00:00,3.124471666666666,2.981333333333333
2021-08-13 06:00:00,6.972266666666668,6.881333333333333
2021-08-13 07:00:00,5.784633333333334,5.6546666666666665
2021-08-13 08:00:00,3.9760333333333335,3.8860000000000006
2021-08-13 09:00:00,3.0710083333333342,2.957333333333333
2021-08-13 10:00:00,2.904085000000001,2.785333333333333
2021-08-13 11:00:00,2.647175,2.587333333333334
2021-08-13 12:00:00,2.4309999999999996,2.254
2021-08-13 13:00:00,2.4856666666666665,2.3026666666666666
2021-08-13 14:00:00,3.082338333333334,2.8733333333333335
2021-08-13 15:00:00,3.487883333333332,3.3373333333333326
2021-08-13 16:00:00,2.73267,2.483333333333334
2021-08-13 17:00:00,3.4062633333333334,3.148
2021-08-13 18:00:00,4.889725,4.737333333333334
2021-08-13 19:00:00,5.9552983333333325,5.796
2021-08-13 20:00:00,5.179570000000001,5.080666666666667
2021-08-13 21:00:00,6.002075,5.829999999999999
2021-08-13 22:00:00,4.982580000000001,4.851333333333333
2021-08-13 23:00:00,4.013441666666668,4.11
2021-08-14 00:00:00,3.42359,3.393
2021-08-14 01:00:00,3.053783333333333,2.8191666666666673
2021-08-14 02:00:00,3.0140016666666676,2.932857142857143
2021-08-14 03:00:00,3.2813566666666665,3.1761538461538468
2021-08-14 04:00:00,3.467146666666666,3.3153333333333337
2021-08-14 05:00:00,4.318439999999999,4.176666666666667
2021-08-14 06:00:00,5.178928333333332,5.049333333333333
2021-08-14 07:00:00,4.352233333333334,4.169333333333333
2021-08-14 08:00:00,3.8745716666666654,3.6206666666666667
2021-08-14 09:00:00,4.252696666666666,4.033333333333333
2021-08-14 10:00:00,4.387896666666666,4.2013333333333325
2021-08-14 11:00:00,4.741291666666666,4.549333333333333
2021-08-14 12:00:00,4.204238775510204,4.039333333333333
2021-08-14 13:00:00,4.950254999999999,4.763333333333333
2021-08-14 14:00:00,4.843794999999998,4.6800000000000015
2021-08-14 15:00:00,5.828006666666668,5.716
2021-08-14 16:00:00,6.250883333333332,6.060666666666667
2021-08-14 17:00:00,8.784521666666665,8.562000000000001
2021-08-14 18:00:00,10.743965,10.388000000000002
2021-08-14 19:00:00,13.687903333333335,13.441333333333331
2021-08-14 20:00:00,13.797726666666666,13.588
2021-08-14 21:00:00,16.76067,16.116666666666667
2021-08-14 22:00:00,18.009860000000003,17.738666666666667
2021-08-14 23:00:00,18.97721333333334,18.58533333333333
2021-08-15 00:00:00,19.64431351351352,18.927333333333333
2021-08-15 01:00:00,15.40658166666667,15.379333333333333
2021-08-15 02:00:00,10.330646666666667,10.242666666666668
2021-08-15 03:00:00,7.510058333333333,7.4273333333333325
2021-08-15 04:00:00,3.4314200000000006,3.396
2021-08-15 05:00:00,4.10847,4.014
2021-08-15 06:00:00,3.7234683333333334,3.5886666666666667
2021-08-15 07:00:00,3.769706666666666,3.6533333333333333
2021-08-15 08:00:00,3.4915316666666656,3.3753333333333333
2021-08-15 09:00:00,2.142103333333334,2.0639999999999996
2021-08-15 10:00:00,1.9779749999999998,1.8659999999999999
2021-08-15 11:00:00,2.6798633333333344,2.5759999999999996
2021-08-15 12:00:00,5.627427999999998,5.308000000000001
2021-08-15 13:00:00,3.837181666666667,3.698666666666667
2021-08-15 14:00:00,2.8552866666666668,2.7146666666666666
2021-08-15 15:00:00,2.3113366666666675,2.1613333333333333
2021-08-15 16:00:00,2.29277,2.1373333333333333
2021-08-15 17:00:00,2.6711249999999995,2.526666666666667
2021-08-15 18:00:00,3.677173333333334,3.556
2021-08-15 19:00:00,2.805486666666666,2.731333333333333
2021-08-15 20:00:00,3.5197800000000004,3.3821428571428576
2021-08-15 21:00:00,3.537338333333333,3.588333333333333
2021-08-15 22:00:00,2.496213333333334,2.526923076923077
2021-08-15 23:00:00,1.8234183333333331,1.7740000000000002
2021-08-16 00:00:00,1.3208305555555555,1.3436363636363637
2021-08-16 01:00:00,0.9970233333333333,0.9511111111111111
2021-08-16 02:00:00,1.288288333333334,1.26125
2021-08-16 03:00:00,1.1705450000000002,1.1449999999999998
2021-08-16 04:00:00,1.3992700000000002,1.28375
2021-08-16 05:00:00,2.84096,2.577333333333334
2021-08-16 06:00:00,5.546858333333334,5.604
2021-08-16 07:00:00,6.747026666666669,6.269333333333333
2021-08-16 08:00:00,6.75014,6.55
2021-08-16 09:00:00,5.623205,5.433999999999999
2021-08-16 10:00:00,5.300036666666667,5.118666666666668
2021-08-16 11:00:00,4.077681666666667,3.94
2021-08-16 12:00:00,4.342228571428571,4.1693333333333324
2021-08-16 13:00:00,3.3753016666666666,3.283333333333333
2021-08-16 14:00:00,3.952244999999999,3.770666666666666
2021-08-16 15:00:00,3.0982316666666656,2.9539999999999997
2021-08-16 16:00:00,3.351778333333334,3.1966666666666668
2021-08-16 17:00:00,2.850123333333333,2.7153333333333336
2021-08-16 18:00:00,4.241185,4.0806666666666676
2021-08-16 19:00:00,4.509820000000001,4.4079999999999995
2021-08-16 20:00:00,4.044669999999999,4.044545454545455
2021-08-16 21:00:00,4.509426666666666,4.449230769230768
2021-08-16 22:00:00,3.708745000000001,3.7940000000000005
2021-08-16 23:00:00,3.8548633333333333,3.7169230769230768
2021-08-17 00:00:00,2.4784840000000004,2.8946153846153844
2021-08-17 01:00:00,2.0317183333333326,2.206666666666667
2021-08-17 02:00:00,1.3010733333333335,1.3219999999999998
2021-08-17 03:00:00,1.37129,1.3627272727272728
2021-08-17 04:00:00,1.35135,1.29
2021-08-17 05:00:00,2.19209,2.2041666666666666
2021-08-17 06:00:00,4.174683333333332,3.9140000000000006
2021-08-17 07:00:00,6.882560000000001,6.0040000000000004
2021-08-17 08:00:00,5.470883333333333,5.319999999999999
2021-08-17 09:00:00,4.823626666666667,4.685999999999999
2021-08-17 10:00:00,3.9201183333333347,3.7653333333333334
2021-08-17 11:00:00,4.207986666666667,4.026
2021-08-17 12:00:00,4.0717428571428576,3.9106666666666663
2021-08-17 13:00:00,5.264011666666666,5.096666666666667
2021-08-17 14:00:00,4.192988333333334,4.031333333333333
2021-08-17 15:00:00,3.242583333333333,3.1246666666666667
2021-08-17 16:00:00,3.284665,3.140666666666667
2021-08-17 17:00:00,4.2716666666666665,4.118
2021-08-17 18:00:00,3.108938333333333,3.038666666666667
2021-08-17 19:00:00,4.906801666666668,4.692666666666667
2021-08-17 20:00:00,5.135008333333333,5.063333333333333
2021-08-17 21:00:00,4.133528333333334,4.019333333333334
2021-08-17 22:00:00,3.2205233333333334,3.090666666666667
2021-08-17 23:00:00,2.664520000000001,2.6700000000000004
2021-08-18 00:00:00,2.232518918918919,5.118333333333333
2021-08-18 01:00:00,2.3317200000000002,2.194
2021-08-18 02:00:00,2.661128333333333,2.617272727272727
2021-08-18 03:00:00,1.8810600000000004,1.7885714285714287
2021-08-18 04:00:00,1.9914433333333337,1.848333333333333
2021-08-18 05:00:00,3.322143333333332,3.152857142857143
2021-08-18 06:00:00,4.958391666666667,4.761333333333334
2021-08-18 07:00:00,5.920825,5.792
2021-08-18 08:00:00,5.434016666666665,5.205333333333333
2021-08-18 09:00:00,7.255586666666667,6.934666666666668
2021-08-18 10:00:00,5.144548333333335,4.978666666666666
2021-08-18 11:00:00,4.537235,4.363333333333334
2021-08-18 12:00:00,4.6522061224489795,4.231333333333334
2021-08-18 13:00:00,4.352068333333333,4.218666666666667
2021-08-18 14:00:00,4.893078333333333,4.782
2021-08-18 15:00:00,4.506306666666665,4.307999999999999
2021-08-18 16:00:00,4.753095000000002,4.609999999999999
2021-08-18 17:00:00,5.199036666666668,5.042
2021-08-18 18:00:00,6.771448333333335,6.536666666666665
2021-08-18 19:00:00,6.352623333333333,6.174666666666668
2021-08-18 20:00:00,6.164000000000002,6.030666666666667
2021-08-18 21:00:00,6.8717483333333345,6.730666666666667
2021-08-18 22:00:00,8.372183333333336,8.915999999999999
2021-08-18 23:00:00,5.679448333333332,5.589333333333334
2021-08-19 00:00:00,4.095935135135135,4.157333333333333
2021-08-19 01:00:00,4.5463000000000005,4.441333333333333
2021-08-19 02:00:00,4.072151666666667,4.047499999999999
2021-08-19 03:00:00,4.510484999999998,4.411333333333333
2021-08-19 04:00:00,6.058668333333333,5.9300000000000015
2021-08-19 05:00:00,8.82683666666667,8.723999999999998
2021-08-19 06:00:00,11.417508333333334,10.821333333333332
2021-08-19 07:00:00,10.032259999999996,9.996666666666668
2021-08-19 08:00:00,10.413138333333332,10.032
2021-08-19 09:00:00,6.630381666666667,6.652666666666667
2021-08-19 10:00:00,8.17054166666667,8.835333333333333
2021-08-19 11:00:00,7.017776666666667,6.950666666666666
2021-08-19 12:00:00,5.763478,6.264000000000001
2021-08-19 13:00:00,5.049666666666666,5.1593333333333335
2021-08-19 14:00:00,4.571691666666665,4.465999999999999
2021-08-19 15:00:00,5.757880000000001,5.4959999999999996
2021-08-19 16:00:00,6.47319,6.1786666666666665
2021-08-19 17:00:00,6.539926666666665,6.4366666666666665
2021-08-19 18:00:00,9.426853333333337,9.108666666666666
2021-08-19 19:00:00,13.008165000000004,12.913333333333334
2021-08-19 20:00:00,7.255128333333333,7.076666666666667
2021-08-19 21:00:00,8.704575,8.504666666666667
2021-08-19 22:00:00,11.794219999999997,11.404666666666667
2021-08-19 23:00:00,9.3445,9.260666666666664
2021-08-20 00:00:00,7.04184054054054,6.966666666666666
2021-08-20 01:00:00,8.05793833333333,7.872666666666666
2021-08-20 02:00:00,7.653544999999999,7.483999999999999
2021-08-20 03:00:00,7.7503400000000005,7.635333333333333
2021-08-20 04:00:00,5.269911666666667,5.164666666666665
2021-08-20 05:00:00,5.954698333333332,5.8066666666666675
2021-08-20 06:00:00,6.083686666666667,5.896666666666667
2021-08-20 07:00:00,5.414496666666664,5.331333333333332
2021-08-20 08:00:00,4.809573333333333,4.5906666666666665
2021-08-20 09:00:00,3.6935950000000006,3.4939999999999998
2021-08-20 10:00:00,3.111371666666666,2.9873333333333325
2021-08-20 11:00:00,2.6134433333333336,2.457333333333333
2021-08-20 12:00:00,2.588386,2.243333333333333
2021-08-20 13:00:00,2.9598250000000004,2.849333333333333
2021-08-20 14:00:00,5.790608333333332,6.034666666666666
2021-08-20 15:00:00,3.999521666666666,3.872
2021-08-20 16:00:00,3.274613333333333,3.074666666666667
2021-08-20 17:00:00,4.933858333333333,4.802666666666667
2021-08-20 18:00:00,7.70336,7.459999999999999
2021-08-20 19:00:00,7.86169,7.699333333333333
2021-08-20 20:00:00,7.743445,7.588666666666667
2021-08-20 21:00:00,6.667451666666666,6.593333333333334
2021-08-20 22:00:00,3.8068666666666644,4.066666666666666
2021-08-20 23:00:00,4.065221666666667,3.9500000000000006
2021-08-21 00:00:00,2.8609216216216216,2.52
2021-08-21 01:00:00,3.667258333333334,3.6433333333333326
2021-08-21 02:00:00,2.983013333333334,2.8984615384615386
2021-08-21 03:00:00,3.465256666666667,3.3723076923076922
2021-08-21 04:00:00,3.899586666666665,3.7100000000000004
2021-08-21 05:00:00,7.200535,6.927999999999999
2021-08-21 06:00:00,8.054250000000001,8.005333333333333
2021-08-21 07:00:00,4.537005,4.405333333333333
2021-08-21 08:00:00,5.399799999999999,5.272666666666667
2021-08-21 09:00:00,5.579461666666665,5.450666666666667
2021-08-21 10:00:00,6.944883333333333,6.706666666666666
2021-08-21 11:00:00,7.0666400000000005,6.951333333333333
2021-08-21 12:00:00,5.334106,5.211333333333333
2021-08-21 13:00:00,3.7421000000000006,3.6513333333333335
2021-08-21 14:00:00,3.8134766666666664,3.6193333333333326
2021-08-21 15:00:00,5.216218333333333,5.072666666666666
2021-08-21 16:00:00,6.020896666666666,5.750666666666666
2021-08-21 17:00:00,8.136495,7.952666666666667
2021-08-21 18:00:00,10.232878333333334,9.841333333333333
2021-08-21 19:00:00,11.444553333333335,11.165333333333333
2021-08-21 20:00:00,16.68476333333333,16.333333333333332
2021-08-21 21:00:00,17.772884999999995,18.009999999999998
2021-08-21 22:00:00,17.210806666666667,16.950666666666667
2021-08-21 23:00:00,16.242385000000002,15.744666666666667
2021-08-22 00:00:00,15.537558333333331,15.905333333333333
2021-08-22 01:00:00,15.485121666666673,15.152666666666669
2021-08-22 02:00:00,14.472525,14.442666666666664
2021-08-22 03:00:00,10.318293333333331,10.290666666666665
2021-08-22 04:00:00,3.8265149999999997,3.904166666666667
2021-08-22 05:00:00,4.668133333333333,4.534
2021-08-22 06:00:00,3.1730016666666674,3.124666666666667
2021-08-22 07:00:00,4.486826666666668,4.318
2021-08-22 08:00:00,4.523941666666667,4.363333333333333
2021-08-22 09:00:00,4.143791666666667,4.076
2021-08-22 10:00:00,2.463285,2.382
2021-08-22 11:00:00,2.493398333333332,2.3466666666666667
2021-08-22 12:00:00,2.206034,2.1106666666666665
2021-08-22 13:00:00,1.8861900000000003,1.7646666666666668
2021-08-22 14:00:00,1.8328283333333337,1.6946666666666668
2021-08-22 15:00:00,1.8512500000000003,1.6853333333333333
2021-08-22 16:00:00,2.085313333333333,1.9653333333333332
2021-08-22 17:00:00,2.678546666666667,2.522
2021-08-22 18:00:00,3.4078033333333337,3.2473333333333327
2021-08-22 19:00:00,3.7266666666666675,3.6290000000000004
2021-08-22 20:00:00,5.420216666666667,5.446153846153846
2021-08-22 21:00:00,7.938845000000002,7.666
2021-08-22 22:00:00,8.99724,8.82066666666667
2021-08-22 23:00:00,6.505385,6.407333333333332
2021-08-23 00:00:00,6.426688888888892,6.267333333333332
2021-08-23 01:00:00,6.3772,6.185999999999999
2021-08-23 02:00:00,5.881011666666668,5.792666666666667
2021-08-23 03:00:00,4.381156666666667,4.323571428571429
2021-08-23 04:00:00,4.904919999999999,4.860769230769231
2021-08-23 05:00:00,7.6771733333333305,7.452666666666667
2021-08-23 06:00:00,7.232269999999998,7.056
2021-08-23 07:00:00,7.116220000000001,6.982
2021-08-23 08:00:00,4.505804999999999,4.297999999999999
2021-08-23 09:00:00,5.005606666666667,4.966666666666667
2021-08-23 10:00:00,5.260535000000001,4.8613333333333335
2021-08-23 11:00:00,3.4859982456140357,3.3393333333333333
2021-08-23 12:00:00,3.7454599999999987,3.203333333333333
2021-08-23 13:00:00,2.8678800000000004,2.756
2021-08-23 14:00:00,2.8701866666666658,2.716
2021-08-23 15:00:00,2.0813599999999997,1.9626666666666666
2021-08-23 16:00:00,2.240121666666667,2.112
2021-08-23 17:00:00,3.4191866666666666,3.2980000000000005
2021-08-23 18:00:00,5.160001666666667,5.013999999999999
2021-08-23 19:00:00,6.022436666666666,5.939230769230771
2021-08-23 20:00:00,5.691655,5.509333333333333
2021-08-23 21:00:00,4.69966,4.602
2021-08-23 22:00:00,4.422091666666668,4.34
2021-08-23 23:00:00,4.8696783333333356,4.741333333333333
2021-08-24 00:00:00,2.8694351351351357,3.066666666666667
2021-08-24 01:00:00,2.270848333333334,2.165
2021-08-24 02:00:00,1.9623100000000002,1.8912499999999999
2021-08-24 03:00:00,1.779026666666667,1.8233333333333333
2021-08-24 04:00:00,3.116665,3.0635714285714295
2021-08-24 05:00:00,4.210901666666666,4.35
2021-08-24 06:00:00,5.553623333333333,5.336666666666667
2021-08-24 07:00:00,5.13941,4.938666666666666
2021-08-24 08:00:00,4.86147627118644,4.654
2021-08-24 09:00:00,5.818331666666666,5.552666666666665
2021-08-24 10:00:00,6.436473333333334,5.9193333333333324
2021-08-24 11:00:00,3.3831066666666674,3.1813333333333333
2021-08-24 12:00:00,6.011556,6.024000000000001
2021-08-24 13:00:00,5.275858333333333,5.113333333333334
2021-08-24 14:00:00,7.110095,7.054
2021-08-24 15:00:00,3.775078333333333,3.5886666666666667
2021-08-24 16:00:00,5.146811666666667,4.978
2021-08-24 17:00:00,4.557099999999999,4.413333333333333
2021-08-24 18:00:00,8.198401666666665,8.065333333333333
2021-08-24 19:00:00,12.682413333333335,12.371999999999998
2021-08-24 20:00:00,13.662603333333333,13.431333333333333
2021-08-24 21:00:00,19.43225666666667,18.956000000000003
2021-08-24 22:00:00,21.588666666666665,21.03733333333333
2021-08-24 23:00:00,23.044505000000004,22.748666666666665
2021-08-25 00:00:00,14.052204000000001,14.846666666666668
2021-08-25 01:00:00,7.489554999999996,7.3406666666666665
2021-08-25 02:00:00,5.265991666666667,5.118666666666668
2021-08-25 03:00:00,2.5808400000000002,2.6966666666666668
2021-08-25 04:00:00,3.024938333333332,2.9825
2021-08-25 05:00:00,2.887731666666666,2.7675
2021-08-25 06:00:00,2.9989966666666676,2.8713333333333337
2021-08-25 07:00:00,3.8627766666666674,3.7373333333333334
2021-08-25 08:00:00,4.138875,4.005333333333334
2021-08-25 09:00:00,5.0284183333333345,4.888666666666666
2021-08-25 10:00:00,5.980571666666666,5.718666666666667
2021-08-25 11:00:00,4.719671666666667,4.565333333333333
2021-08-25 12:00:00,3.8260819999999995,3.658666666666667
2021-08-25 13:00:00,4.079820000000001,3.878
2021-08-25 14:00:00,5.331976666666667,5.1546666666666665
2021-08-25 15:00:00,8.716173333333336,8.421333333333333
2021-08-25 16:00:00,6.541543333333335,6.230666666666666
2021-08-25 17:00:00,6.015580000000001,5.8
2021-08-25 18:00:00,7.927724999999998,7.735999999999999
2021-08-25 19:00:00,14.332786666666667,13.955333333333336
2021-08-25 20:00:00,22.08439333333333,21.369333333333334
2021-08-25 21:00:00,22.29816666666667,21.542666666666666
2021-08-25 22:00:00,14.156501666666669,13.510000000000002
2021-08-25 23:00:00,7.191088333333336,7.204285714285713
2021-08-26 00:00:00,4.203456756756756,5.092142857142856
2021-08-26 01:00:00,3.080706666666667,3.5130000000000003
2021-08-26 02:00:00,3.4720283333333333,3.8036363636363633
2021-08-26 03:00:00,3.705715000000002,3.5807142857142855
2021-08-26 04:00:00,3.676719999999999,3.6423076923076922
2021-08-26 05:00:00,5.236769999999999,5.109333333333334
2021-08-26 06:00:00,3.6698000000000004,3.5606666666666666
2021-08-26 07:00:00,2.7536316666666676,2.7126666666666663
2021-08-26 08:00:00,2.2357150000000003,2.143333333333333
2021-08-26 09:00:00,1.9756366666666667,1.937333333333333
2021-08-26 10:00:00,2.4392266666666678,2.3373333333333335
2021-08-26 11:00:00,2.305286666666667,2.183333333333333
2021-08-26 12:00:00,2.3613140000000006,2.237333333333333
2021-08-26 13:00:00,2.1798116666666667,2.0326666666666666
2021-08-26 14:00:00,2.1324616666666665,2.0100000000000002
2021-08-26 15:00:00,2.5820866666666658,2.443333333333334
2021-08-26 16:00:00,2.8378233333333336,2.703333333333333
2021-08-26 17:00:00,3.641861666666666,3.4853333333333336
2021-08-26 18:00:00,4.411268333333334,4.284000000000001
2021-08-26 19:00:00,5.835811666666667,5.911
2021-08-26 20:00:00,6.579575000000003,6.475833333333334
2021-08-26 21:00:00,6.686179999999998,6.627857142857144
2021-08-26 22:00:00,4.621666666666668,4.7175
2021-08-26 23:00:00,2.5822433333333334,4.33
2021-08-27 00:00:00,2.0182459459459454,2.165
2021-08-27 01:00:00,3.2105183333333334,3.59
2021-08-27 02:00:00,3.3005166666666663,
2021-08-27 03:00:00,2.05807,
2021-08-27 04:00:00,3.770936666666667,
2021-08-27 05:00:00,4.861658333333333,5.178571428571429
2021-08-27 06:00:00,4.8993699999999984,4.786666666666666
2021-08-27 07:00:00,5.0099100000000005,4.818666666666667
2021-08-27 08:00:00,4.696403333333332,4.124
2021-08-27 09:00:00,5.925216666666669,6.048666666666666
2021-08-27 10:00:00,5.222404999999999,5.0426666666666655
2021-08-27 11:00:00,3.159546666666666,2.9966666666666675
2021-08-27 12:00:00,2.8944693877551027,3.088
2021-08-27 13:00:00,4.172366666666667,3.959333333333333
2021-08-27 14:00:00,3.364033333333332,3.240666666666667
2021-08-27 15:00:00,3.1146866666666653,2.964
2021-08-27 16:00:00,3.257128333333334,3.132
2021-08-27 17:00:00,4.396730000000001,4.252
2021-08-27 18:00:00,5.024385,4.854666666666666
2021-08-27 19:00:00,5.918148333333335,5.74375
2021-08-27 20:00:00,5.8338366666666674,5.880000000000001
2021-08-27 21:00:00,5.41439,
2021-08-27 22:00:00,6.1270799999999985,5.952857142857143
2021-08-27 23:00:00,9.10288833333333,9.016666666666667
2021-08-28 00:00:00,12.328286,12.036
2021-08-28 01:00:00,8.77291,8.690000000000001
2021-08-28 02:00:00,7.856445000000002,7.767333333333331
2021-08-28 03:00:00,7.440341666666667,7.365333333333334
2021-08-28 04:00:00,12.482668333333331,12.438666666666666
2021-08-28 05:00:00,22.565125000000002,23.222666666666665
2021-08-28 06:00:00,20.428755000000002,20.959333333333333
2021-08-28 07:00:00,15.986236666666674,15.763333333333334
2021-08-28 08:00:00,4.455211666666666,4.199333333333334
2021-08-28 09:00:00,2.1159683333333335,1.9266666666666665
2021-08-28 10:00:00,2.926206666666666,2.650666666666666
2021-08-28 11:00:00,3.3938949999999988,3.072666666666666
2021-08-28 12:00:00,3.143331999999999,2.8446666666666665
2021-08-28 13:00:00,3.9719166666666657,3.816666666666667
2021-08-28 14:00:00,4.189398333333332,4.075333333333333
2021-08-28 15:00:00,3.6512316666666655,3.572666666666666
2021-08-28 16:00:00,3.9843983333333335,3.8746666666666667
2021-08-28 17:00:00,4.190753333333334,4.038
2021-08-28 18:00:00,6.366104999999998,6.159333333333334
2021-08-28 19:00:00,9.476711666666663,9.287333333333333
2021-08-28 20:00:00,11.642701666666666,11.394000000000002
2021-08-28 21:00:00,12.363935,12.138666666666666
2021-08-28 22:00:00,19.432356666666667,18.980000000000004
2021-08-28 23:00:00,16.86129166666667,16.486
2021-08-29 00:00:00,18.107559459459463,16.55666666666667
2021-08-29 01:00:00,18.80383833333333,18.538666666666668
2021-08-29 02:00:00,17.63244833333333,17.433333333333337
2021-08-29 03:00:00,13.9354,13.592
2021-08-29 04:00:00,13.468900000000001,13.460666666666667
2021-08-29 05:00:00,10.767630000000002,10.282000000000002
2021-08-29 06:00:00,3.802726666666666,3.6159999999999997
2021-08-29 07:00:00,2.8765449999999997,2.708666666666667
2021-08-29 08:00:00,1.4387599999999996,1.3393333333333333
2021-08-29 09:00:00,1.4685083333333337,1.4053333333333335
2021-08-29 10:00:00,1.9454933333333335,1.896
2021-08-29 11:00:00,1.9849883333333334,1.9453333333333331
2021-08-29 12:00:00,2.0658899999999996,1.9740000000000002
2021-08-29 13:00:00,2.4404933333333334,2.2760000000000002
2021-08-29 14:00:00,2.2863450000000003,2.1326666666666663
2021-08-29 15:00:00,2.340373333333332,2.198666666666667
2021-08-29 16:00:00,2.48715,2.310666666666667
2021-08-29 17:00:00,3.088183333333333,2.948
2021-08-29 18:00:00,3.627210000000001,3.6225
2021-08-29 19:00:00,4.2965083333333345,4.546666666666667
2021-08-29 20:00:00,4.940993333333333,4.6899999999999995
2021-08-29 21:00:00,4.228346666666666,4.25
2021-08-29 22:00:00,2.467213333333333,2.9775
2021-08-29 23:00:00,2.4267833333333333,2.4233333333333333
2021-08-30 00:00:00,1.7907400000000002,1.9766666666666666
2021-08-30 01:00:00,1.3197466666666666,1.3725
2021-08-30 02:00:00,1.2842749999999998,1.4300000000000002
2021-08-30 03:00:00,1.6501033333333335,2.06
2021-08-30 04:00:00,2.9486516666666662,4.6375
2021-08-30 05:00:00,13.523089999999998,13.318000000000003
2021-08-30 06:00:00,13.777440000000006,13.416000000000002
2021-08-30 07:00:00,3.80663,3.6293333333333333
2021-08-30 08:00:00,1.916115,1.7819999999999998
2021-08-30 09:00:00,2.1938416666666667,2.082
2021-08-30 10:00:00,2.4529666666666663,2.3179999999999996
2021-08-30 11:00:00,2.749576666666667,2.619999999999999
2021-08-30 12:00:00,2.8698200000000003,2.6880000000000006
2021-08-30 13:00:00,3.2602283333333335,3.1153333333333326
2021-08-30 14:00:00,2.927061666666667,2.7419999999999995
2021-08-30 15:00:00,2.6599,2.4793333333333334
2021-08-30 16:00:00,3.635716666666667,3.3766666666666665
2021-08-30 17:00:00,4.037769999999999,3.812666666666666
2021-08-30 18:00:00,4.5998866666666665,4.389333333333334
2021-08-30 19:00:00,4.495426666666668,4.3223076923076915
2021-08-30 20:00:00,4.352576666666666,4.598571428571428
2021-08-30 21:00:00,3.8233816666666667,3.901666666666666
2021-08-30 22:00:00,3.0692916666666656,2.5025000000000004
2021-08-30 23:00:00,3.3911966666666666,3.412857142857143
2021-08-31 00:00:00,4.418154054054052,4.284999999999999
2021-08-31 01:00:00,3.7319516666666663,2.66
2021-08-31 02:00:00,1.8269900000000001,
2021-08-31 03:00:00,3.631648333333334,4.220000000000001
2021-08-31 04:00:00,4.7530816666666675,4.855
2021-08-31 05:00:00,4.647901666666667,4.479230769230769
2021-08-31 06:00:00,5.922489999999999,5.750666666666668
2021-08-31 07:00:00,6.3546016666666665,6.410666666666667
2021-08-31 08:00:00,4.217743333333333,4.044666666666667
2021-08-31 09:00:00,3.885045000000001,3.616
2021-08-31 10:00:00,4.081970000000001,3.892
2021-08-31 11:00:00,7.56636,8.126
2021-08-31 12:00:00,4.096114,3.974000000000001
2021-08-31 13:00:00,4.501500000000001,4.349333333333333
2021-08-31 14:00:00,5.210093333333332,4.996666666666667
2021-08-31 15:00:00,6.148913333333332,6.004
2021-08-31 16:00:00,6.717268333333333,6.536666666666666
2021-08-31 17:00:00,7.763674999999998,7.595333333333333
2021-08-31 18:00:00,5.409333333333334,5.296666666666666
2021-08-31 19:00:00,6.157026666666667,6.345999999999999
2021-08-31 20:00:00,4.827050000000002,4.525
2021-08-31 21:00:00,4.363823333333333,4.5525
2021-08-31 22:00:00,3.704388333333333,4.375
2021-08-31 23:00:00,4.2049666666666665,4.211666666666667
